external_id,display_name,description,address,latitude,longitude,opening_hours_text,opening_hours_json,source,source_url,is_active,created_at,updated_at
greatlist-msk-restaurant-copen-57,Copen 57,"Новое укромное бистро на Патриарших с кухней от петербургского шефа Александра Пименова — гимн датскому модернизму. Светлые теплые тона, натуральные материалы: лен, керамика, дерево, яркие декоративные акценты то тут, то там. Пименов, стажировавшийся в Копенгагене, поселил тут…","Малый Козихинский переулок, 10, стр. 1",55.764818,37.596051,Ежедневно 14:00-00:00,"{""timezone"":""Europe/Moscow"",""weekly"":{""mon"":[{""from"":""14:00"",""to"":""00:00"",""next_day"":true}],""tue"":[{""from"":""14:00"",""to"":""00:00"",""next_day"":true}],""wed"":[{""from"":""14:00"",""to"":""00:00"",""next_day"":true}],""thu"":[{""from"":""14:00"",""to"":""00:00"",""next_day"":true}],""fri"":[{""from"":""14:00"",""to"":""00:00"",""next_day"":true}],""sat"":[{""from"":""14:00"",""to"":""00:00"",""next_day"":true}],""sun"":[{""from"":""14:00"",""to"":""00:00"",""next_day"":true}]}}",greatlist,https://greatlist.ru/msk/restaurant/copen-57/,true,2026-05-24T00:00:00Z,2026-05-24T00:00:00Z
greatlist-msk-restaurant-rockets-concept-store,Rockets.concept store,"Новая фирменная точка известного кофейного бренда Rockets.coffee по адресу: Тверской б-р, 3. Белоснежный интерьер, отличный выбор спешелти-кофе и выпечки, симпатичные бранчи.","Тверской бул., 3",55.758378,37.598192,Ежедневно 9:00-23:00,"{""timezone"":""Europe/Moscow"",""weekly"":{""mon"":[{""from"":""09:00"",""to"":""23:00"",""next_day"":false}],""tue"":[{""from"":""09:00"",""to"":""23:00"",""next_day"":false}],""wed"":[{""from"":""09:00"",""to"":""23:00"",""next_day"":false}],""thu"":[{""from"":""09:00"",""to"":""23:00"",""next_day"":false}],""fri"":[{""from"":""09:00"",""to"":""23:00"",""next_day"":false}],""sat"":[{""from"":""09:00"",""to"":""23:00"",""next_day"":false}],""sun"":[{""from"":""09:00"",""to"":""23:00"",""next_day"":false}]}}",greatlist,https://greatlist.ru/msk/restaurant/rockets-concept-store/,true,2026-05-24T00:00:00Z,2026-05-24T00:00:00Z
greatlist-msk-restaurant-di-nulla,Di Nulla,"Шустрое итальянское бистро, придуманное и созданное мамой и дочерью на первом этаже ЖК Lucky, что на 2-й Звенигородской улице. Придумывали бистро под себя, отчего получилось гармоничное место для расслабленных жителей жилого комплекса. Белоснежные скатерти и дерево, обилие…","ул. 2-я Звенигородская, д. 12А",55.762135,37.555265,Ежедневно 08:00 – 00:00,"{""timezone"":""Europe/Moscow"",""weekly"":{""mon"":[{""from"":""08:00"",""to"":""00:00"",""next_day"":true}],""tue"":[{""from"":""08:00"",""to"":""00:00"",""next_day"":true}],""wed"":[{""from"":""08:00"",""to"":""00:00"",""next_day"":true}],""thu"":[{""from"":""08:00"",""to"":""00:00"",""next_day"":true}],""fri"":[{""from"":""08:00"",""to"":""00:00"",""next_day"":true}],""sat"":[{""from"":""08:00"",""to"":""00:00"",""next_day"":true}],""sun"":[{""from"":""08:00"",""to"":""00:00"",""next_day"":true}]}}",greatlist,https://greatlist.ru/msk/restaurant/di-nulla/,true,2026-05-24T00:00:00Z,2026-05-24T00:00:00Z
greatlist-msk-restaurant-vysota-5642,Высота 5642,"Красочный и полный жизни ресторан кавказской кухни в Большом Черкасском пер., 15–17,стр. 1 Лучшие в Москве хинкали и потрясающая выпечка — от классических хачапури до творожной ватрушки.","Большой Черкасский пер., 15-17с1",55.755962,37.627588,Пн-Пт 8:00-00:00 Сб-Вс 12:00-00:00,"{""timezone"":""Europe/Moscow"",""weekly"":{""mon"":[{""from"":""08:00"",""to"":""00:00"",""next_day"":true}],""tue"":[{""from"":""08:00"",""to"":""00:00"",""next_day"":true}],""wed"":[{""from"":""08:00"",""to"":""00:00"",""next_day"":true}],""thu"":[{""from"":""08:00"",""to"":""00:00"",""next_day"":true}],""fri"":[{""from"":""08:00"",""to"":""00:00"",""next_day"":true}],""sat"":[{""from"":""12:00"",""to"":""00:00"",""next_day"":true}],""sun"":[{""from"":""12:00"",""to"":""00:00"",""next_day"":true}]}}",greatlist,https://greatlist.ru/msk/restaurant/vysota-5642/,true,2026-05-24T00:00:00Z,2026-05-24T00:00:00Z
greatlist-msk-restaurant-kaifuso,Kaifuso,"Японский ресторан Аркадия Новикова, открывшийся на минус первом этаже Brasserie «Кузнецкий Мост» на углу, собственно, Кузнецкого Моста и Петровки. Ресторан, благодаря замыслу его создателей и усилиям дизайнера Евгении Ужеговой, похож на хорошо укомплектованный дорогой сундучок…","ул. Кузнецкий мост, д.6/3",55.761648,37.61797,Пн — Вт: Выходной Ср — Сб: 18:00–04:00 Воскресенье: 15:00–24:00,"{""timezone"":""Europe/Moscow"",""weekly"":{""mon"":[],""tue"":[],""wed"":[{""from"":""18:00"",""to"":""04:00"",""next_day"":true}],""thu"":[{""from"":""18:00"",""to"":""04:00"",""next_day"":true}],""fri"":[{""from"":""18:00"",""to"":""04:00"",""next_day"":true}],""sat"":[{""from"":""18:00"",""to"":""04:00"",""next_day"":true}],""sun"":[{""from"":""15:00"",""to"":""00:00"",""next_day"":true}]}}",greatlist,https://greatlist.ru/msk/restaurant/kaifuso/,true,2026-05-24T00:00:00Z,2026-05-24T00:00:00Z
greatlist-msk-restaurant-maxs-beef-for-money,Max’s Beef for Money,"Крошечный мясной ресторан с шикарной винной картой в Большом Козихинском пер., 4Говядина на кухню Max’s попадает с собственной фермы, а вина к ней подбирает известный сомелье Владимир Басов.","Большой Козихинский переулок, 4",55.761931871378266,37.59876194224129,Ежедневно 12:30–23:00,"{""timezone"":""Europe/Moscow"",""weekly"":{""mon"":[{""from"":""12:30"",""to"":""23:00"",""next_day"":false}],""tue"":[{""from"":""12:30"",""to"":""23:00"",""next_day"":false}],""wed"":[{""from"":""12:30"",""to"":""23:00"",""next_day"":false}],""thu"":[{""from"":""12:30"",""to"":""23:00"",""next_day"":false}],""fri"":[{""from"":""12:30"",""to"":""23:00"",""next_day"":false}],""sat"":[{""from"":""12:30"",""to"":""23:00"",""next_day"":false}],""sun"":[{""from"":""12:30"",""to"":""23:00"",""next_day"":false}]}}",greatlist,https://greatlist.ru/msk/restaurant/maxs-beef-for-money/,true,2026-05-24T00:00:00Z,2026-05-24T00:00:00Z
greatlist-msk-restaurant-fumisawa,Fumisawa,"Ресторан современной японской кухни на ул. Петровка, 5 Кухней заведует шеф-повар Андрей Цой, участвовавший в открытии заведения вместе с Муном Фумисавой. Кроме сушив меню сябу-сябу и говядина кобэ.","ул. Петровка, 5 БЦ Берлинский дом",55.76182160008405,37.617543537137614,Ежедневно 12:00–00:00,"{""timezone"":""Europe/Moscow"",""weekly"":{""mon"":[{""from"":""12:00"",""to"":""00:00"",""next_day"":true}],""tue"":[{""from"":""12:00"",""to"":""00:00"",""next_day"":true}],""wed"":[{""from"":""12:00"",""to"":""00:00"",""next_day"":true}],""thu"":[{""from"":""12:00"",""to"":""00:00"",""next_day"":true}],""fri"":[{""from"":""12:00"",""to"":""00:00"",""next_day"":true}],""sat"":[{""from"":""12:00"",""to"":""00:00"",""next_day"":true}],""sun"":[{""from"":""12:00"",""to"":""00:00"",""next_day"":true}]}}",greatlist,https://greatlist.ru/msk/restaurant/fumisawa/,true,2026-05-24T00:00:00Z,2026-05-24T00:00:00Z
greatlist-msk-restaurant-pino,Pino,"Эффектный ресторан итальянской кухни на Малой Бронной ул., 21/13, стр. 1 В меню —средиземноморская классика в авторской интерпретации шеф-повара Руслана Полякова и отличные десерты.","Малая Бронная ул., 21/13с1",55.76267648055836,37.595000253887996,Ежедневно 08:00–00:00,"{""timezone"":""Europe/Moscow"",""weekly"":{""mon"":[{""from"":""08:00"",""to"":""00:00"",""next_day"":true}],""tue"":[{""from"":""08:00"",""to"":""00:00"",""next_day"":true}],""wed"":[{""from"":""08:00"",""to"":""00:00"",""next_day"":true}],""thu"":[{""from"":""08:00"",""to"":""00:00"",""next_day"":true}],""fri"":[{""from"":""08:00"",""to"":""00:00"",""next_day"":true}],""sat"":[{""from"":""08:00"",""to"":""00:00"",""next_day"":true}],""sun"":[{""from"":""08:00"",""to"":""00:00"",""next_day"":true}]}}",greatlist,https://greatlist.ru/msk/restaurant/pino/,true,2026-05-24T00:00:00Z,2026-05-24T00:00:00Z
greatlist-msk-restaurant-gorynych,Горыныч,"Ресторан со сказочным интерьером и оригинальной концепцией: все, что есть в меню, готовится на огне — в печи, хоспере или смокере. Плюс роскошный вид на Трубную. Рождественский б-р, 1","Рождественский бул., 1",55.7667641843466,37.62434611741779,Вс-Ср 8:00-00:00 Чт-Сб 8:00-02:00,"{""timezone"":""Europe/Moscow"",""weekly"":{""sun"":[{""from"":""08:00"",""to"":""00:00"",""next_day"":true}],""mon"":[{""from"":""08:00"",""to"":""00:00"",""next_day"":true}],""tue"":[{""from"":""08:00"",""to"":""00:00"",""next_day"":true}],""wed"":[{""from"":""08:00"",""to"":""00:00"",""next_day"":true}],""thu"":[{""from"":""08:00"",""to"":""02:00"",""next_day"":true}],""fri"":[{""from"":""08:00"",""to"":""02:00"",""next_day"":true}],""sat"":[{""from"":""08:00"",""to"":""02:00"",""next_day"":true}]}}",greatlist,https://greatlist.ru/msk/restaurant/gorynych/,true,2026-05-24T00:00:00Z,2026-05-24T00:00:00Z
greatlist-msk-restaurant-selfie,Selfie,"Один из самых успешных авторских ресторанов в России и лучший проект Анатолия Казакова на Новинском б-р, 31 Ориентированная на локальные и редкие продукты кухня, отличный сервис.","Новинский бульвар, 31",55.757830,37.582520,Ежедневно 12:00–00:00,"{""timezone"":""Europe/Moscow"",""weekly"":{""mon"":[{""from"":""12:00"",""to"":""00:00"",""next_day"":true}],""tue"":[{""from"":""12:00"",""to"":""00:00"",""next_day"":true}],""wed"":[{""from"":""12:00"",""to"":""00:00"",""next_day"":true}],""thu"":[{""from"":""12:00"",""to"":""00:00"",""next_day"":true}],""fri"":[{""from"":""12:00"",""to"":""00:00"",""next_day"":true}],""sat"":[{""from"":""12:00"",""to"":""00:00"",""next_day"":true}],""sun"":[{""from"":""12:00"",""to"":""00:00"",""next_day"":true}]}}",greatlist,https://greatlist.ru/msk/restaurant/selfie/,true,2026-05-24T00:00:00Z,2026-05-24T00:00:00Z
greatlist-msk-restaurant-koji,Koji,"Паназиатский ресторан, придуманный Гленом Баллисом и возглавляемый Василием Зайцевым, в Калашном пер., 9 Компактное, но буквально напичканное хитами меню — есть и суши, и лапша, и утка по-пекински.","Калашный пер., 9",55.757090,37.599633,Вс-Чт 12:00–00:00 Пт-Сб 12:00–02:00,"{""timezone"":""Europe/Moscow"",""weekly"":{""sun"":[{""from"":""12:00"",""to"":""00:00"",""next_day"":true}],""mon"":[{""from"":""12:00"",""to"":""00:00"",""next_day"":true}],""tue"":[{""from"":""12:00"",""to"":""00:00"",""next_day"":true}],""wed"":[{""from"":""12:00"",""to"":""00:00"",""next_day"":true}],""thu"":[{""from"":""12:00"",""to"":""00:00"",""next_day"":true}],""fri"":[{""from"":""12:00"",""to"":""02:00"",""next_day"":true}],""sat"":[{""from"":""12:00"",""to"":""02:00"",""next_day"":true}]}}",greatlist,https://greatlist.ru/msk/restaurant/koji/,true,2026-05-24T00:00:00Z,2026-05-24T00:00:00Z
greatlist-msk-restaurant-oltremare,Oltremare,"Солидный ресторан классической итальянской кухни на Саввинской наб., 13 Строгость в интерьере, впрочем, компенсирует душевное меню, над которым трудится талантливый Эмануэле Поллини.","Саввинская набережная, 13",55.735545,37.567276,Вс–Чт 12:00–00:00 Пт–Сб 12:00–02:00,"{""timezone"":""Europe/Moscow"",""weekly"":{""sun"":[{""from"":""12:00"",""to"":""00:00"",""next_day"":true}],""mon"":[{""from"":""12:00"",""to"":""00:00"",""next_day"":true}],""tue"":[{""from"":""12:00"",""to"":""00:00"",""next_day"":true}],""wed"":[{""from"":""12:00"",""to"":""00:00"",""next_day"":true}],""thu"":[{""from"":""12:00"",""to"":""00:00"",""next_day"":true}],""fri"":[{""from"":""12:00"",""to"":""02:00"",""next_day"":true}],""sat"":[{""from"":""12:00"",""to"":""02:00"",""next_day"":true}]}}",greatlist,https://greatlist.ru/msk/restaurant/oltremare/,true,2026-05-24T00:00:00Z,2026-05-24T00:00:00Z
greatlist-msk-restaurant-loona,Loona,"Итальянский проект шеф-поваров Виталия Истомина и Артема Лосева на Тверском б-р, 24,стр. 1 В меню — классика тратторий (паста, ризотто, печень по-милански) и московских бистро (сырники, авокадо-тост).","Тверской бул., 24, стр. 1",55.762280,37.603849,Ежедневно 09:00–00:00,"{""timezone"":""Europe/Moscow"",""weekly"":{""mon"":[{""from"":""09:00"",""to"":""00:00"",""next_day"":true}],""tue"":[{""from"":""09:00"",""to"":""00:00"",""next_day"":true}],""wed"":[{""from"":""09:00"",""to"":""00:00"",""next_day"":true}],""thu"":[{""from"":""09:00"",""to"":""00:00"",""next_day"":true}],""fri"":[{""from"":""09:00"",""to"":""00:00"",""next_day"":true}],""sat"":[{""from"":""09:00"",""to"":""00:00"",""next_day"":true}],""sun"":[{""from"":""09:00"",""to"":""00:00"",""next_day"":true}]}}",greatlist,https://greatlist.ru/msk/restaurant/loona/,true,2026-05-24T00:00:00Z,2026-05-24T00:00:00Z
greatlist-msk-restaurant-grace,Grace Bistro,"Ресторан европейской кухни со средиземноморским акцентом на ул. Спиридоновка, 25/20,стр. 1 Наполненное светом и воздухом пространство, симпатичные завтраки и большой RAW-bar.","ул. Спиридоновка, 25/20с1",55.762797,37.588985,"Пн-Пт 09:00–23:00 Сб, Вс 10:00–23:00","{""timezone"":""Europe/Moscow"",""weekly"":{""mon"":[{""from"":""09:00"",""to"":""23:00"",""next_day"":false}],""tue"":[{""from"":""09:00"",""to"":""23:00"",""next_day"":false}],""wed"":[{""from"":""09:00"",""to"":""23:00"",""next_day"":false}],""thu"":[{""from"":""09:00"",""to"":""23:00"",""next_day"":false}],""fri"":[{""from"":""09:00"",""to"":""23:00"",""next_day"":false}],""sat"":[{""from"":""10:00"",""to"":""23:00"",""next_day"":false}]}}",greatlist,https://greatlist.ru/msk/restaurant/grace/,true,2026-05-24T00:00:00Z,2026-05-24T00:00:00Z
greatlist-msk-restaurant-olluco,Olluco,"Проект перуанца Вирхилио Мартинеса, посвященный преодолению границ южноамериканской кухни. Самый интересный в Москве файн-дайнинг со сложно сочиненными сет-меню по адресу: Даев пер., 19","Даев пер., 19",55.770242,37.638085,Вт-Вс 17:00–00:00,"{""timezone"":""Europe/Moscow"",""weekly"":{""tue"":[{""from"":""17:00"",""to"":""00:00"",""next_day"":true}],""wed"":[{""from"":""17:00"",""to"":""00:00"",""next_day"":true}],""thu"":[{""from"":""17:00"",""to"":""00:00"",""next_day"":true}],""fri"":[{""from"":""17:00"",""to"":""00:00"",""next_day"":true}],""sat"":[{""from"":""17:00"",""to"":""00:00"",""next_day"":true}],""sun"":[{""from"":""17:00"",""to"":""00:00"",""next_day"":true}]}}",greatlist,https://greatlist.ru/msk/restaurant/olluco/,true,2026-05-24T00:00:00Z,2026-05-24T00:00:00Z
greatlist-msk-restaurant-silencio,Silencio,"Чтобы зайти сюда, повода искать не надо. Желание выпить или разобраться в нюансах абсента и коктейлях на его основе, потребность ощутить себя в кинематографических линчевских интерьерах, нужда в камерной обстановке или задача найти на свою голову романтическое приключение — все…","ул. Солянка, 1/2",55.754099,37.638213,Ср-Чт: 18:00–24:00 Пт-Сб: 18:00–02:00,"{""timezone"":""Europe/Moscow"",""weekly"":{""wed"":[{""from"":""18:00"",""to"":""00:00"",""next_day"":true}],""thu"":[{""from"":""18:00"",""to"":""00:00"",""next_day"":true}],""fri"":[{""from"":""18:00"",""to"":""02:00"",""next_day"":true}],""sat"":[{""from"":""18:00"",""to"":""02:00"",""next_day"":true}]}}",greatlist,https://greatlist.ru/msk/restaurant/silencio/,true,2026-05-24T00:00:00Z,2026-05-24T00:00:00Z
greatlist-msk-restaurant-matreshka,Матрешка,"Самый честный в Москве ресторан традиционной русской кухни на Кутузовском просп., 2/1,стр. 6 Проект Maison Dellos под управлением историка кулинарии и бренд-шефа Влада Пискунова.","Кутузовский просп., 2/1с6",55.75089721007173,37.565375294003225,Ежедневно 09:00 - 23:00,"{""timezone"":""Europe/Moscow"",""weekly"":{""mon"":[{""from"":""09:00"",""to"":""23:00"",""next_day"":false}],""tue"":[{""from"":""09:00"",""to"":""23:00"",""next_day"":false}],""wed"":[{""from"":""09:00"",""to"":""23:00"",""next_day"":false}],""thu"":[{""from"":""09:00"",""to"":""23:00"",""next_day"":false}],""fri"":[{""from"":""09:00"",""to"":""23:00"",""next_day"":false}],""sat"":[{""from"":""09:00"",""to"":""23:00"",""next_day"":false}],""sun"":[{""from"":""09:00"",""to"":""23:00"",""next_day"":false}]}}",greatlist,https://greatlist.ru/msk/restaurant/matreshka/,true,2026-05-24T00:00:00Z,2026-05-24T00:00:00Z
greatlist-msk-restaurant-mamie,Mamie,"Бистро европейской кухни в загородном сеттинге на Большой Никитской ул., 14/2, стр. 7Меню — как дома у бабушки в самом лучше смысле слова: ньокки, минестроне, бифштекс и клубничный тарт.","Большая Никитская ул., 14/2с7",55.756771,37.605364,Вс-Чт 08:00-00:00 Пт-Сб 08:00-02:00,"{""timezone"":""Europe/Moscow"",""weekly"":{""sun"":[{""from"":""08:00"",""to"":""00:00"",""next_day"":true}],""mon"":[{""from"":""08:00"",""to"":""00:00"",""next_day"":true}],""tue"":[{""from"":""08:00"",""to"":""00:00"",""next_day"":true}],""wed"":[{""from"":""08:00"",""to"":""00:00"",""next_day"":true}],""thu"":[{""from"":""08:00"",""to"":""00:00"",""next_day"":true}],""fri"":[{""from"":""08:00"",""to"":""02:00"",""next_day"":true}],""sat"":[{""from"":""08:00"",""to"":""02:00"",""next_day"":true}]}}",greatlist,https://greatlist.ru/msk/restaurant/mamie/,true,2026-05-24T00:00:00Z,2026-05-24T00:00:00Z
greatlist-msk-restaurant-800-contemporary,800 Contemporary,"Стейк-хаус в Большом Патриаршем пер., 6, стр. 1, с хорошим выбором российской, аргентинской и японской говядины и целой отдельной страницей меню, посвященной картофельному пюре.","Большой Патриарший пер., 6, стр. 1",55.76273634322329,37.59218867172614,Ежедневно 09:00–00:00,"{""timezone"":""Europe/Moscow"",""weekly"":{""mon"":[{""from"":""09:00"",""to"":""00:00"",""next_day"":true}],""tue"":[{""from"":""09:00"",""to"":""00:00"",""next_day"":true}],""wed"":[{""from"":""09:00"",""to"":""00:00"",""next_day"":true}],""thu"":[{""from"":""09:00"",""to"":""00:00"",""next_day"":true}],""fri"":[{""from"":""09:00"",""to"":""00:00"",""next_day"":true}],""sat"":[{""from"":""09:00"",""to"":""00:00"",""next_day"":true}],""sun"":[{""from"":""09:00"",""to"":""00:00"",""next_day"":true}]}}",greatlist,https://greatlist.ru/msk/restaurant/800-contemporary/,true,2026-05-24T00:00:00Z,2026-05-24T00:00:00Z
greatlist-msk-restaurant-pafos,Пафос,"Два заведения в одном: городская брассери и ресторан греческой кухни, занимающие два этажа по адресу: Тверской б-р, 27, стр. 1 Расслабленная, практически курортная обстановка и аутентичная еда.","Тверской бульвар, 27, стр. 1",55.76365,37.602562,Пн-Чт 11:00-24:00 Пт 11:00-2:00 Сб 10:00-2:00 Вс 10:00-24:00,"{""timezone"":""Europe/Moscow"",""weekly"":{""mon"":[{""from"":""11:00"",""to"":""00:00"",""next_day"":true}],""tue"":[{""from"":""11:00"",""to"":""00:00"",""next_day"":true}],""wed"":[{""from"":""11:00"",""to"":""00:00"",""next_day"":true}],""thu"":[{""from"":""11:00"",""to"":""00:00"",""next_day"":true}],""fri"":[{""from"":""11:00"",""to"":""02:00"",""next_day"":true}],""sat"":[{""from"":""10:00"",""to"":""02:00"",""next_day"":true}],""sun"":[{""from"":""10:00"",""to"":""00:00"",""next_day"":true}]}}",greatlist,https://greatlist.ru/msk/restaurant/pafos/,true,2026-05-24T00:00:00Z,2026-05-24T00:00:00Z
greatlist-msk-restaurant-muse,Muse,"Один из самых интересных гастрономических проектов Москвы на Большой Никитской ул.,14/2, стр. 7 Авторская кухня Руслана Полякова со средиземноморскими и ближневосточными мотивами, хороший бар.","Большая Никитская ул., 14/2с7",55.756778,37.605244,Ежедневно 08:00–00:00,"{""timezone"":""Europe/Moscow"",""weekly"":{""mon"":[{""from"":""08:00"",""to"":""00:00"",""next_day"":true}],""tue"":[{""from"":""08:00"",""to"":""00:00"",""next_day"":true}],""wed"":[{""from"":""08:00"",""to"":""00:00"",""next_day"":true}],""thu"":[{""from"":""08:00"",""to"":""00:00"",""next_day"":true}],""fri"":[{""from"":""08:00"",""to"":""00:00"",""next_day"":true}],""sat"":[{""from"":""08:00"",""to"":""00:00"",""next_day"":true}],""sun"":[{""from"":""08:00"",""to"":""00:00"",""next_day"":true}]}}",greatlist,https://greatlist.ru/msk/restaurant/muse/,true,2026-05-24T00:00:00Z,2026-05-24T00:00:00Z
greatlist-msk-restaurant-leveldva,Leveldva,"Креативное пространство с бранчами и вечеринками над рестораном «Уголек» на Большой Никитской ул., 12 Самый любопытный развлекательный проект ресторатора Ильи Тютенкова.","Большая Никитская ул., 12",55.756509,37.606382,"Пн-Чт, Вс 08:30-00:00 Пт-Сб 08:30-02:00","{""timezone"":""Europe/Moscow"",""weekly"":{""mon"":[{""from"":""08:30"",""to"":""00:00"",""next_day"":true}],""tue"":[{""from"":""08:30"",""to"":""00:00"",""next_day"":true}],""wed"":[{""from"":""08:30"",""to"":""00:00"",""next_day"":true}],""thu"":[{""from"":""08:30"",""to"":""00:00"",""next_day"":true}],""fri"":[{""from"":""08:30"",""to"":""02:00"",""next_day"":true}],""sat"":[{""from"":""08:30"",""to"":""02:00"",""next_day"":true}]}}",greatlist,https://greatlist.ru/msk/restaurant/leveldva/,true,2026-05-24T00:00:00Z,2026-05-24T00:00:00Z
greatlist-msk-restaurant-tottori,Tottori,"Атмосферный ресторан японской кухни по адресу: Большой Черкасский пер., 13, стр. 4 (Новая пл., 14). В меню — более десятка видов раменов, большой выбор гедза и аутентичного японского алкоголя.","Большой Черкасский пер., 13с4 / Новая площадь, 14",55.75697954703257,37.62890162447719,Вс-Чт 11:00 - 23:00 Пт-Сб 11:00 - 00:00,"{""timezone"":""Europe/Moscow"",""weekly"":{""sun"":[{""from"":""11:00"",""to"":""23:00"",""next_day"":false}],""mon"":[{""from"":""11:00"",""to"":""23:00"",""next_day"":false}],""tue"":[{""from"":""11:00"",""to"":""23:00"",""next_day"":false}],""wed"":[{""from"":""11:00"",""to"":""23:00"",""next_day"":false}],""thu"":[{""from"":""11:00"",""to"":""23:00"",""next_day"":false}],""fri"":[{""from"":""11:00"",""to"":""00:00"",""next_day"":true}],""sat"":[{""from"":""11:00"",""to"":""00:00"",""next_day"":true}]}}",greatlist,https://greatlist.ru/msk/restaurant/tottori/,true,2026-05-24T00:00:00Z,2026-05-24T00:00:00Z
greatlist-msk-restaurant-anchovys-club,Anchovy's Club,"Креативный рыбный ресторан в Колокольниковом пер., 3, стр. 2 Экспериментальный проект, объединяющий пивную и морскую кухню. Остроумно устроенное меню, советующее лучшие пейринги.","Колокольников пер., 3с2",55.76802421478946,37.624772086209916,Пн-Чт 12:00-00:00 Пт-Вс 10:00-00:00,"{""timezone"":""Europe/Moscow"",""weekly"":{""mon"":[{""from"":""12:00"",""to"":""00:00"",""next_day"":true}],""tue"":[{""from"":""12:00"",""to"":""00:00"",""next_day"":true}],""wed"":[{""from"":""12:00"",""to"":""00:00"",""next_day"":true}],""thu"":[{""from"":""12:00"",""to"":""00:00"",""next_day"":true}],""fri"":[{""from"":""10:00"",""to"":""00:00"",""next_day"":true}],""sat"":[{""from"":""10:00"",""to"":""00:00"",""next_day"":true}],""sun"":[{""from"":""10:00"",""to"":""00:00"",""next_day"":true}]}}",greatlist,https://greatlist.ru/msk/restaurant/anchovys-club/,true,2026-05-24T00:00:00Z,2026-05-24T00:00:00Z
greatlist-msk-restaurant-kofemaniya-chefs,Кофемания Chef’s,"Ресторан «современной московской кухни» в Спиридоньевском пер., 17. Новый гастрономический проект легендарной сети «Кофемания» с добротной городской европейской классикой в меню.","Спиридоньевский переулок, 17",55.762882,37.595741,Пн-Чт 08:00 - 00:00 Пт-Сб 8:00- 02:00 Вс 08:00 - 00:00,"{""timezone"":""Europe/Moscow"",""weekly"":{""mon"":[{""from"":""08:00"",""to"":""00:00"",""next_day"":true}],""tue"":[{""from"":""08:00"",""to"":""00:00"",""next_day"":true}],""wed"":[{""from"":""08:00"",""to"":""00:00"",""next_day"":true}],""thu"":[{""from"":""08:00"",""to"":""00:00"",""next_day"":true}],""fri"":[{""from"":""08:00"",""to"":""02:00"",""next_day"":true}],""sat"":[{""from"":""08:00"",""to"":""02:00"",""next_day"":true}],""sun"":[{""from"":""08:00"",""to"":""00:00"",""next_day"":true}]}}",greatlist,https://greatlist.ru/msk/restaurant/kofemaniya-chefs/,true,2026-05-24T00:00:00Z,2026-05-24T00:00:00Z
greatlist-msk-restaurant-carniceria-vino,Carnicería vino,"Красивое слово carniceria, вынесенное в заглавие места, означает мясную лавку. Название отчасти лукавое, так как с мясной лавкой это место роднят только премиальные и редкие куски мяса да холодильники, набитые колбасой, а все остальное — это шикарный, опять же мясной, ресторан,…",ул. Cолянка 1/2с1,55.754529,37.638153,Ежедневно: 17:00 – 00:00,"{""timezone"":""Europe/Moscow"",""weekly"":{""mon"":[{""from"":""17:00"",""to"":""00:00"",""next_day"":true}],""tue"":[{""from"":""17:00"",""to"":""00:00"",""next_day"":true}],""wed"":[{""from"":""17:00"",""to"":""00:00"",""next_day"":true}],""thu"":[{""from"":""17:00"",""to"":""00:00"",""next_day"":true}],""fri"":[{""from"":""17:00"",""to"":""00:00"",""next_day"":true}],""sat"":[{""from"":""17:00"",""to"":""00:00"",""next_day"":true}],""sun"":[{""from"":""17:00"",""to"":""00:00"",""next_day"":true}]}}",greatlist,https://greatlist.ru/msk/restaurant/carniceria-vino/,true,2026-05-24T00:00:00Z,2026-05-24T00:00:00Z
greatlist-msk-restaurant-zojka,Зойка,"Уютный ресторан с европейской и русской кухней и творческой обстановкой в Большом Патриаршем пер., 8, стр. 1 Основатели называют свое заведение «гостиной» и кормят вкусно и с душой.","Большой Патриарший пер., 8, стр. 1",55.762805,37.592494,"Пн-Чт 12:00–00:00 Пт, Сб 12:00–02:00 Вс 12:00–00:00","{""timezone"":""Europe/Moscow"",""weekly"":{""mon"":[{""from"":""12:00"",""to"":""00:00"",""next_day"":true}],""tue"":[{""from"":""12:00"",""to"":""00:00"",""next_day"":true}],""wed"":[{""from"":""12:00"",""to"":""00:00"",""next_day"":true}],""thu"":[{""from"":""12:00"",""to"":""00:00"",""next_day"":true}],""fri"":[{""from"":""12:00"",""to"":""02:00"",""next_day"":true}],""sun"":[{""from"":""12:00"",""to"":""00:00"",""next_day"":true}]}}",greatlist,https://greatlist.ru/msk/restaurant/zojka/,true,2026-05-24T00:00:00Z,2026-05-24T00:00:00Z
greatlist-msk-restaurant-due-forni,Due Forni,"Элегантный ресторан аутентичной итальянской кухни в Большом Саввинском пер., 11, стр. 1. Кухней управляют итальянцы Винченцо Гуарино и Бруно Марино, десертным баром — выдающийся кондитер Кармине Ди Донна.","Большой Саввинский пер., 11, стр. 1, этаж 1",55.734628,37.568129,Ежедневно 12:00-00:00,"{""timezone"":""Europe/Moscow"",""weekly"":{""mon"":[{""from"":""12:00"",""to"":""00:00"",""next_day"":true}],""tue"":[{""from"":""12:00"",""to"":""00:00"",""next_day"":true}],""wed"":[{""from"":""12:00"",""to"":""00:00"",""next_day"":true}],""thu"":[{""from"":""12:00"",""to"":""00:00"",""next_day"":true}],""fri"":[{""from"":""12:00"",""to"":""00:00"",""next_day"":true}],""sat"":[{""from"":""12:00"",""to"":""00:00"",""next_day"":true}],""sun"":[{""from"":""12:00"",""to"":""00:00"",""next_day"":true}]}}",greatlist,https://greatlist.ru/msk/restaurant/due-forni/,true,2026-05-24T00:00:00Z,2026-05-24T00:00:00Z
greatlist-msk-restaurant-masa-madre,Masa Madre,"Гастрономическое кафе и пекарня с домашней атмосферой и отличной едой на каждый день по адресу: ул. Солянка, 1/2, стр. 1. Артизанальных хлеб, нескучные сэндвичи, выпечка и отличная винная карта.","ул. Солянка, 1/2с1",55.754114,37.638720,Пн-Чт 08:00-19:00 Пт-Вс 08:00-21:00,"{""timezone"":""Europe/Moscow"",""weekly"":{""mon"":[{""from"":""08:00"",""to"":""19:00"",""next_day"":false}],""tue"":[{""from"":""08:00"",""to"":""19:00"",""next_day"":false}],""wed"":[{""from"":""08:00"",""to"":""19:00"",""next_day"":false}],""thu"":[{""from"":""08:00"",""to"":""19:00"",""next_day"":false}],""fri"":[{""from"":""08:00"",""to"":""21:00"",""next_day"":false}],""sat"":[{""from"":""08:00"",""to"":""21:00"",""next_day"":false}],""sun"":[{""from"":""08:00"",""to"":""21:00"",""next_day"":false}]}}",greatlist,https://greatlist.ru/msk/restaurant/masa-madre/,true,2026-05-24T00:00:00Z,2026-05-24T00:00:00Z
greatlist-msk-restaurant-wa-garden,WA Garden,"Три японских проекта под одной крышей по адресу: Романов пер., 2, стр. 1 Uchiwa,посвященный традиционной кухне кайсэки, омакасэ-бар Ayu, и классический ресторан якинику Tajiri Go.","Романов переулок, 2, стр. 1",55.754157,37.608643,Ср-Вс 17:30-23:00,"{""timezone"":""Europe/Moscow"",""weekly"":{""wed"":[{""from"":""17:30"",""to"":""23:00"",""next_day"":false}],""thu"":[{""from"":""17:30"",""to"":""23:00"",""next_day"":false}],""fri"":[{""from"":""17:30"",""to"":""23:00"",""next_day"":false}],""sat"":[{""from"":""17:30"",""to"":""23:00"",""next_day"":false}],""sun"":[{""from"":""17:30"",""to"":""23:00"",""next_day"":false}]}}",greatlist,https://greatlist.ru/msk/restaurant/wa-garden/,true,2026-05-24T00:00:00Z,2026-05-24T00:00:00Z
greatlist-msk-restaurant-boston-seafood,Boston Seafood & Bar,"Классический рыбный ресторан на Лесной ул., 7 Лучший в городе североамериканский чаудер и большой выбор блюд из главных дальневосточных специалитетов.","Лесная ул., 7",55.77863208050069,37.58727658161037,Вс-Чт 12:00-24:00 Пт-Сб 12:00-01:00 кухня 12:00-23:30,"{""timezone"":""Europe/Moscow"",""weekly"":{""sun"":[{""from"":""12:00"",""to"":""00:00"",""next_day"":true}],""mon"":[{""from"":""12:00"",""to"":""00:00"",""next_day"":true}],""tue"":[{""from"":""12:00"",""to"":""00:00"",""next_day"":true}],""wed"":[{""from"":""12:00"",""to"":""00:00"",""next_day"":true}],""thu"":[{""from"":""12:00"",""to"":""00:00"",""next_day"":true}],""fri"":[{""from"":""12:00"",""to"":""01:00"",""next_day"":true},{""from"":""12:00"",""to"":""23:30"",""next_day"":false}],""sat"":[{""from"":""12:00"",""to"":""01:00"",""next_day"":true},{""from"":""12:00"",""to"":""23:30"",""next_day"":false}]}}",greatlist,https://greatlist.ru/msk/restaurant/boston-seafood/,true,2026-05-24T00:00:00Z,2026-05-24T00:00:00Z
greatlist-msk-restaurant-sartoria-lamberti,Sartoria Lamberti,"Эстетский проект итальянца Уиллиама Ламберти в гостинице The Carlton по адресу:Тверская ул., 3 Посвящен моде и еде: зеркала, драпировки, лингвини с трюфелем, вителло тоннато, etc., etc.","Тверская улица, 3",55.7568962567837,37.613711999927105,Ежедневно 12:00–00:00,"{""timezone"":""Europe/Moscow"",""weekly"":{""mon"":[{""from"":""12:00"",""to"":""00:00"",""next_day"":true}],""tue"":[{""from"":""12:00"",""to"":""00:00"",""next_day"":true}],""wed"":[{""from"":""12:00"",""to"":""00:00"",""next_day"":true}],""thu"":[{""from"":""12:00"",""to"":""00:00"",""next_day"":true}],""fri"":[{""from"":""12:00"",""to"":""00:00"",""next_day"":true}],""sat"":[{""from"":""12:00"",""to"":""00:00"",""next_day"":true}],""sun"":[{""from"":""12:00"",""to"":""00:00"",""next_day"":true}]}}",greatlist,https://greatlist.ru/msk/restaurant/sartoria-lamberti/,true,2026-05-24T00:00:00Z,2026-05-24T00:00:00Z
greatlist-msk-restaurant-self-edge-japanese-6,Self Edge Japanese,"Филиал петербургского японского ресторана, сделанный в эстетике listening bars. Суть проекта — трепетное отношение к продукту, приключения этого самого продукта в современной японской кухне и цены, позволяющие вовсю популяризировать местные гастроразвлечения вроде мисо-супа с…","ул. Большая Грузинская, 76",55.773781,37.587052,Вс–Чт 13:00–23:00 Пт–Сб 13:00–00:00,"{""timezone"":""Europe/Moscow"",""weekly"":{""sun"":[{""from"":""13:00"",""to"":""23:00"",""next_day"":false}],""mon"":[{""from"":""13:00"",""to"":""23:00"",""next_day"":false}],""tue"":[{""from"":""13:00"",""to"":""23:00"",""next_day"":false}],""wed"":[{""from"":""13:00"",""to"":""23:00"",""next_day"":false}],""thu"":[{""from"":""13:00"",""to"":""23:00"",""next_day"":false}],""fri"":[{""from"":""13:00"",""to"":""00:00"",""next_day"":true}],""sat"":[{""from"":""13:00"",""to"":""00:00"",""next_day"":true}]}}",greatlist,https://greatlist.ru/msk/restaurant/self-edge-japanese-6/,true,2026-05-24T00:00:00Z,2026-05-24T00:00:00Z
greatlist-msk-restaurant-grand-cru,Grand Cru,"Знаменитый винный бар с креативной кухней на Малой Бронной ул., 22, стр. 2 Отличное меню à la carte и оригинальные дегустационные сеты, составленные талантливым французским шефом Давидом Эммерле.","Малая Бронная улица, 22с2",55.76287154430969,37.595002084570716,Ежедневно 13:00–00:00,"{""timezone"":""Europe/Moscow"",""weekly"":{""mon"":[{""from"":""13:00"",""to"":""00:00"",""next_day"":true}],""tue"":[{""from"":""13:00"",""to"":""00:00"",""next_day"":true}],""wed"":[{""from"":""13:00"",""to"":""00:00"",""next_day"":true}],""thu"":[{""from"":""13:00"",""to"":""00:00"",""next_day"":true}],""fri"":[{""from"":""13:00"",""to"":""00:00"",""next_day"":true}],""sat"":[{""from"":""13:00"",""to"":""00:00"",""next_day"":true}],""sun"":[{""from"":""13:00"",""to"":""00:00"",""next_day"":true}]}}",greatlist,https://greatlist.ru/msk/restaurant/grand-cru/,true,2026-05-24T00:00:00Z,2026-05-24T00:00:00Z
greatlist-msk-restaurant-niki,Niki,"Ресторан в кинотеатре «Художественный» с современной русской кухней на Арбатской пл.,14, стр. 1 В меню огромный выбор нетривиальных блюд, от пирожков с печенью до окрошки с раками.","Арбатская площадь, 14, стр. 1",55.752379,37.602032,Пн-Пт 12:00-00:00 Сб-Вс 10:00-00:00,"{""timezone"":""Europe/Moscow"",""weekly"":{""mon"":[{""from"":""12:00"",""to"":""00:00"",""next_day"":true}],""tue"":[{""from"":""12:00"",""to"":""00:00"",""next_day"":true}],""wed"":[{""from"":""12:00"",""to"":""00:00"",""next_day"":true}],""thu"":[{""from"":""12:00"",""to"":""00:00"",""next_day"":true}],""fri"":[{""from"":""12:00"",""to"":""00:00"",""next_day"":true}],""sat"":[{""from"":""10:00"",""to"":""00:00"",""next_day"":true}],""sun"":[{""from"":""10:00"",""to"":""00:00"",""next_day"":true}]}}",greatlist,https://greatlist.ru/msk/restaurant/niki/,true,2026-05-24T00:00:00Z,2026-05-24T00:00:00Z
greatlist-msk-restaurant-savva,Savva,"Ресторан à la Russe в «Метрополе» по адресу: Театральный пр., 2 Неоклассический интерьер с мрамором и золотом и выдающаяся современная русская кухня бренд-шефа Андрея Шмакова.","Театральный пр., 2 отель",55.7586947837889,37.6208656155888,Ежедневно 12:00–00:00,"{""timezone"":""Europe/Moscow"",""weekly"":{""mon"":[{""from"":""12:00"",""to"":""00:00"",""next_day"":true}],""tue"":[{""from"":""12:00"",""to"":""00:00"",""next_day"":true}],""wed"":[{""from"":""12:00"",""to"":""00:00"",""next_day"":true}],""thu"":[{""from"":""12:00"",""to"":""00:00"",""next_day"":true}],""fri"":[{""from"":""12:00"",""to"":""00:00"",""next_day"":true}],""sat"":[{""from"":""12:00"",""to"":""00:00"",""next_day"":true}],""sun"":[{""from"":""12:00"",""to"":""00:00"",""next_day"":true}]}}",greatlist,https://greatlist.ru/msk/restaurant/savva/,true,2026-05-24T00:00:00Z,2026-05-24T00:00:00Z
greatlist-msk-restaurant-uzbekistan,Узбекистан,"Легендарный московский ресторан на Неглинной ул., 29, стр. 5, работающий с 1951 года. Мозаичная ручная резьба по дереву, сирийские кальяны, шелковые ковры и самый правильный в столице плов.","Неглинная ул., 29, стр. 5",55.76606784923982,37.620155696694006,Пн-Вс 12:00-23:00 Кулинария 11:00-21:00,"{""timezone"":""Europe/Moscow"",""weekly"":{""mon"":[{""from"":""12:00"",""to"":""23:00"",""next_day"":false},{""from"":""11:00"",""to"":""21:00"",""next_day"":false}],""tue"":[{""from"":""12:00"",""to"":""23:00"",""next_day"":false},{""from"":""11:00"",""to"":""21:00"",""next_day"":false}],""wed"":[{""from"":""12:00"",""to"":""23:00"",""next_day"":false},{""from"":""11:00"",""to"":""21:00"",""next_day"":false}],""thu"":[{""from"":""12:00"",""to"":""23:00"",""next_day"":false},{""from"":""11:00"",""to"":""21:00"",""next_day"":false}],""fri"":[{""from"":""12:00"",""to"":""23:00"",""next_day"":false},{""from"":""11:00"",""to"":""21:00"",""next_day"":false}],""sat"":[{""from"":""12:00"",""to"":""23:00"",""next_day"":false},{""from"":""11:00"",""to"":""21:00"",""next_day"":false}],""sun"":[{""from"":""12:00"",""to"":""23:00"",""next_day"":false},{""from"":""11:00"",""to"":""21:00"",""next_day"":false}]}}",greatlist,https://greatlist.ru/msk/restaurant/uzbekistan/,true,2026-05-24T00:00:00Z,2026-05-24T00:00:00Z
greatlist-msk-restaurant-chainaya-tea-cocktails,Chainaya. Tea & Cocktails,"Спикизи-бар с азиатской кухней по адресу: 1-я Тверская-Ямская ул., 29, стр. 1 Сложно найти, невозможно попасть без брони, но усилий определенно стоит: и атмосфера, и коктейльная карта на высоте.","1-я Тверская-Ямская ул., 29, стр. 1",55.776035924715146,37.58519268694678,"Вт-Чт 20:00–01:00 Пт, Сб 20:00–03:00","{""timezone"":""Europe/Moscow"",""weekly"":{""tue"":[{""from"":""20:00"",""to"":""01:00"",""next_day"":true}],""wed"":[{""from"":""20:00"",""to"":""01:00"",""next_day"":true}],""thu"":[{""from"":""20:00"",""to"":""01:00"",""next_day"":true}],""fri"":[{""from"":""20:00"",""to"":""03:00"",""next_day"":true}]}}",greatlist,https://greatlist.ru/msk/restaurant/chainaya-tea-cocktails/,true,2026-05-24T00:00:00Z,2026-05-24T00:00:00Z
greatlist-msk-restaurant-buro-tsum,Buro TSUM,"Ресторан на последнем этаже главного городского универмага на ул. Петровка, 2. Креативная современная кухня молодого шеф-повара Егора Макарова в изящном зеркально-бархатном антураже.","улица Петровка, 2",55.760489970708264,37.61977873854661,Ежедневно 10:00–00:00,"{""timezone"":""Europe/Moscow"",""weekly"":{""mon"":[{""from"":""10:00"",""to"":""00:00"",""next_day"":true}],""tue"":[{""from"":""10:00"",""to"":""00:00"",""next_day"":true}],""wed"":[{""from"":""10:00"",""to"":""00:00"",""next_day"":true}],""thu"":[{""from"":""10:00"",""to"":""00:00"",""next_day"":true}],""fri"":[{""from"":""10:00"",""to"":""00:00"",""next_day"":true}],""sat"":[{""from"":""10:00"",""to"":""00:00"",""next_day"":true}],""sun"":[{""from"":""10:00"",""to"":""00:00"",""next_day"":true}]}}",greatlist,https://greatlist.ru/msk/restaurant/buro-tsum/,true,2026-05-24T00:00:00Z,2026-05-24T00:00:00Z
greatlist-msk-restaurant-mushrooms,Mushrooms,"Ресторан авторской кухни, посвященный грибам, на ул. Большая Якиманка, 22. Нешаблонный проект бренд-шефа Владимира Мухина с трюфельной овсянкой на завтрак и щами с грибами эноки.","ул. Большая Якиманка, 22",55.738748,37.615089,Ежедневно 10:00–00:00,"{""timezone"":""Europe/Moscow"",""weekly"":{""mon"":[{""from"":""10:00"",""to"":""00:00"",""next_day"":true}],""tue"":[{""from"":""10:00"",""to"":""00:00"",""next_day"":true}],""wed"":[{""from"":""10:00"",""to"":""00:00"",""next_day"":true}],""thu"":[{""from"":""10:00"",""to"":""00:00"",""next_day"":true}],""fri"":[{""from"":""10:00"",""to"":""00:00"",""next_day"":true}],""sat"":[{""from"":""10:00"",""to"":""00:00"",""next_day"":true}],""sun"":[{""from"":""10:00"",""to"":""00:00"",""next_day"":true}]}}",greatlist,https://greatlist.ru/msk/restaurant/mushrooms/,true,2026-05-24T00:00:00Z,2026-05-24T00:00:00Z
greatlist-msk-restaurant-flor,FLØR,"Камерный и очень красивый проект, посвященный вину и современной дизайнерской кухне, на Чистопрудном б-р, 23, стр. 2 Один из самых модных московский баров с едой сумасшедшей красоты.","Чистопрудный бул., 23, стр. 2",55.760538,37.647111,"Пн 12:00-23:00 Вт, Ср, Вс 11:00-23:00 Чт-Сб 11:00-00:00","{""timezone"":""Europe/Moscow"",""weekly"":{""mon"":[{""from"":""12:00"",""to"":""23:00"",""next_day"":false}],""tue"":[{""from"":""11:00"",""to"":""23:00"",""next_day"":false}],""thu"":[{""from"":""11:00"",""to"":""00:00"",""next_day"":true}],""fri"":[{""from"":""11:00"",""to"":""00:00"",""next_day"":true}],""sat"":[{""from"":""11:00"",""to"":""00:00"",""next_day"":true}]}}",greatlist,https://greatlist.ru/msk/restaurant/flor/,true,2026-05-24T00:00:00Z,2026-05-24T00:00:00Z
greatlist-msk-restaurant-mina-3,Mina,"Ресторан итало-ливанской авторcкой кухни на ул. Малая Никитская, 16/5. Приятный европейский интерьер, собственная пекарня и по-московски щедрые завтраки.","Малая Никитская ул., 16/5",55.758644,37.591277,"Пн-Пт 09:00–23:00; Сб, Вс 10:00–23:00","{""timezone"":""Europe/Moscow"",""weekly"":{""mon"":[{""from"":""09:00"",""to"":""23:00"",""next_day"":false}],""tue"":[{""from"":""09:00"",""to"":""23:00"",""next_day"":false}],""wed"":[{""from"":""09:00"",""to"":""23:00"",""next_day"":false}],""thu"":[{""from"":""09:00"",""to"":""23:00"",""next_day"":false}],""fri"":[{""from"":""09:00"",""to"":""23:00"",""next_day"":false}],""sat"":[{""from"":""10:00"",""to"":""23:00"",""next_day"":false}]}}",greatlist,https://greatlist.ru/msk/restaurant/mina-3/,true,2026-05-24T00:00:00Z,2026-05-24T00:00:00Z
greatlist-msk-restaurant-multikultura,Мультикультура,"Мультикультурное камерное гастробистро на Пречистенке, про которое нужно знать всего две вещи. Во-первых, запустил его ресторатор Максим Ползиков, человек, который гениально работает с маленькими пространствами (вспомните его «Рыбторг» на Патриарших). А во-вторых, кухней…",Пречистенка 24/1,55.742167,37.593663,Пн-Вс 11:00 – 23:00,"{""timezone"":""Europe/Moscow"",""weekly"":{""mon"":[{""from"":""11:00"",""to"":""23:00"",""next_day"":false}],""tue"":[{""from"":""11:00"",""to"":""23:00"",""next_day"":false}],""wed"":[{""from"":""11:00"",""to"":""23:00"",""next_day"":false}],""thu"":[{""from"":""11:00"",""to"":""23:00"",""next_day"":false}],""fri"":[{""from"":""11:00"",""to"":""23:00"",""next_day"":false}],""sat"":[{""from"":""11:00"",""to"":""23:00"",""next_day"":false}],""sun"":[{""from"":""11:00"",""to"":""23:00"",""next_day"":false}]}}",greatlist,https://greatlist.ru/msk/restaurant/multikultura/,true,2026-05-24T00:00:00Z,2026-05-24T00:00:00Z
greatlist-msk-restaurant-probka,Probka,"Итальянский ресторан с самой жизнерадостной в городе атмосферой по адресу: Цветной б-р, 2 Проект петербургского ресторатора Арама Мнацаканова, покоривший москвичей икухней, и душой.","Цветной бул., 2",55.768013062123686,37.62350329171414,"Пн-Пт 09:00–00:30 Сб, Вс 10:00–00:30","{""timezone"":""Europe/Moscow"",""weekly"":{""mon"":[{""from"":""09:00"",""to"":""00:30"",""next_day"":true}],""tue"":[{""from"":""09:00"",""to"":""00:30"",""next_day"":true}],""wed"":[{""from"":""09:00"",""to"":""00:30"",""next_day"":true}],""thu"":[{""from"":""09:00"",""to"":""00:30"",""next_day"":true}],""fri"":[{""from"":""09:00"",""to"":""00:30"",""next_day"":true}],""sat"":[{""from"":""10:00"",""to"":""00:30"",""next_day"":true}]}}",greatlist,https://greatlist.ru/msk/restaurant/probka/,true,2026-05-24T00:00:00Z,2026-05-24T00:00:00Z
greatlist-msk-restaurant-tokio-sushi,Tokyo Sushi,"Суши-бистро на Большой Никитской ул., 22/2. Минималистичный интерьер и компактное меню, больше половины которого занимают суши, сашими, роллы и тартары. Плюс отличная карта саке.","Большая Никитская ул., 22/2",55.7570983446753,37.60240036667301,Пн–Чт 12:00-0:00 Пт-Сб 12:00-1:00 Вс 12:00-0:00,"{""timezone"":""Europe/Moscow"",""weekly"":{""mon"":[{""from"":""12:00"",""to"":""00:00"",""next_day"":true}],""tue"":[{""from"":""12:00"",""to"":""00:00"",""next_day"":true}],""wed"":[{""from"":""12:00"",""to"":""00:00"",""next_day"":true}],""thu"":[{""from"":""12:00"",""to"":""00:00"",""next_day"":true}],""fri"":[{""from"":""12:00"",""to"":""01:00"",""next_day"":true}],""sat"":[{""from"":""12:00"",""to"":""01:00"",""next_day"":true}],""sun"":[{""from"":""12:00"",""to"":""00:00"",""next_day"":true}]}}",greatlist,https://greatlist.ru/msk/restaurant/tokio-sushi/,true,2026-05-24T00:00:00Z,2026-05-24T00:00:00Z
greatlist-msk-restaurant-smoke-bbq,Smoke BBQ,"Столичный филиал петербургского мясного ресторана с грилем и коптильней на Трубной ул.,18 Главные хиты — остинский брискет (и борщ с брискетом), сибас из коптильни и морковный пирог.","Трубная улица, 18",55.76990858066759,37.62550461549932,"Пн-Чт 09:00–23:00; Пт, Сб 09:00–00:00; Вс 09:00–23:00","{""timezone"":""Europe/Moscow"",""weekly"":{""mon"":[{""from"":""09:00"",""to"":""23:00"",""next_day"":false}],""tue"":[{""from"":""09:00"",""to"":""23:00"",""next_day"":false}],""wed"":[{""from"":""09:00"",""to"":""23:00"",""next_day"":false}],""thu"":[{""from"":""09:00"",""to"":""23:00"",""next_day"":false}],""fri"":[{""from"":""09:00"",""to"":""00:00"",""next_day"":true}],""sun"":[{""from"":""09:00"",""to"":""23:00"",""next_day"":false}]}}",greatlist,https://greatlist.ru/msk/restaurant/smoke-bbq/,true,2026-05-24T00:00:00Z,2026-05-24T00:00:00Z
greatlist-msk-restaurant-aaark,Aaark,"Идеальное место для раннего начала дня: кофе обжарщиков Fauno, только что испеченная фокачча или бублик с трюфелем и страчателлой, аскетичный интерьер (с обилием темного дерева, белой плитки и не загружающий голову лишними деталями) и гул приятных голосов — чужих тут не бывает.…","ул. Чаплыгина, 20, стр. 7",55.761851,37.649532,Пн-Чт: 09:00-20:00 Пт-Вс: 09:00-21:00,"{""timezone"":""Europe/Moscow"",""weekly"":{""mon"":[{""from"":""09:00"",""to"":""20:00"",""next_day"":false}],""tue"":[{""from"":""09:00"",""to"":""20:00"",""next_day"":false}],""wed"":[{""from"":""09:00"",""to"":""20:00"",""next_day"":false}],""thu"":[{""from"":""09:00"",""to"":""20:00"",""next_day"":false}],""fri"":[{""from"":""09:00"",""to"":""21:00"",""next_day"":false}],""sat"":[{""from"":""09:00"",""to"":""21:00"",""next_day"":false}],""sun"":[{""from"":""09:00"",""to"":""21:00"",""next_day"":false}]}}",greatlist,https://greatlist.ru/msk/restaurant/aaark/,true,2026-05-24T00:00:00Z,2026-05-24T00:00:00Z
greatlist-msk-restaurant-lui,Lui,"Обаятельный средиземноморский проект ресторатора Игоря Витошинского на Берсеневской наб., 16, стр. 9 Интерьер, поднимающий настроение обилием деталей и света, и великолепная южная кухня.","Берсеневская наб, 16с9",55.743061,37.610296,Ежедневно 12:00–00:00,"{""timezone"":""Europe/Moscow"",""weekly"":{""mon"":[{""from"":""12:00"",""to"":""00:00"",""next_day"":true}],""tue"":[{""from"":""12:00"",""to"":""00:00"",""next_day"":true}],""wed"":[{""from"":""12:00"",""to"":""00:00"",""next_day"":true}],""thu"":[{""from"":""12:00"",""to"":""00:00"",""next_day"":true}],""fri"":[{""from"":""12:00"",""to"":""00:00"",""next_day"":true}],""sat"":[{""from"":""12:00"",""to"":""00:00"",""next_day"":true}],""sun"":[{""from"":""12:00"",""to"":""00:00"",""next_day"":true}]}}",greatlist,https://greatlist.ru/msk/restaurant/lui/,true,2026-05-24T00:00:00Z,2026-05-24T00:00:00Z
greatlist-msk-restaurant-la-maree-na-petrovke,La Marée,"Знаменитейший московский ресторан и рыбная лавка на ул. Петровка, 28, стр. 1 Доступны паназиатское меню с большим выбором сашими и суши и классическое европейское с тартарами, карпаччо и пастой.","ул. Петровка, 28",55.767866,37.613941,Ежедневно 12:00–00:00,"{""timezone"":""Europe/Moscow"",""weekly"":{""mon"":[{""from"":""12:00"",""to"":""00:00"",""next_day"":true}],""tue"":[{""from"":""12:00"",""to"":""00:00"",""next_day"":true}],""wed"":[{""from"":""12:00"",""to"":""00:00"",""next_day"":true}],""thu"":[{""from"":""12:00"",""to"":""00:00"",""next_day"":true}],""fri"":[{""from"":""12:00"",""to"":""00:00"",""next_day"":true}],""sat"":[{""from"":""12:00"",""to"":""00:00"",""next_day"":true}],""sun"":[{""from"":""12:00"",""to"":""00:00"",""next_day"":true}]}}",greatlist,https://greatlist.ru/msk/restaurant/la-maree-na-petrovke/,true,2026-05-24T00:00:00Z,2026-05-24T00:00:00Z
greatlist-msk-restaurant-bruno,Bruno,"Спокойный благородный интерьер, придуманный британским дизайнером Джоном Уиланом, — с темным деревом, с приглушенными теплыми оттенками и редким покоем в воздухе. И такое же стилистически выдержанное меню Тома Халпина, где все подчинено мясу, среди которого ощутимо выделяются…","ул. Неглинная, 14/1А",55.764206,37.620352,Вс-Чт 12:00-00:00 Пт-Сб 12:00-04:00,"{""timezone"":""Europe/Moscow"",""weekly"":{""sun"":[{""from"":""12:00"",""to"":""00:00"",""next_day"":true}],""mon"":[{""from"":""12:00"",""to"":""00:00"",""next_day"":true}],""tue"":[{""from"":""12:00"",""to"":""00:00"",""next_day"":true}],""wed"":[{""from"":""12:00"",""to"":""00:00"",""next_day"":true}],""thu"":[{""from"":""12:00"",""to"":""00:00"",""next_day"":true}],""fri"":[{""from"":""12:00"",""to"":""04:00"",""next_day"":true}],""sat"":[{""from"":""12:00"",""to"":""04:00"",""next_day"":true}]}}",greatlist,https://greatlist.ru/msk/restaurant/bruno/,true,2026-05-24T00:00:00Z,2026-05-24T00:00:00Z
greatlist-msk-restaurant-39-trattoriapizzeria,+39 Trattoria&Pizzeria,"Элегантная траттория и пиццерия на Новой Басманной ул., 23а, стр. 4 Классическая кухня с отличной неаполитанской пиццей, домашней пастой, супами и прекрасными десертами.","Новая Басманная ул., 23А, стр. 4",55.769898,37.661751,Пн-Пт 08:00-00:00 Сб-Вс 10:00-00:00,"{""timezone"":""Europe/Moscow"",""weekly"":{""mon"":[{""from"":""08:00"",""to"":""00:00"",""next_day"":true}],""tue"":[{""from"":""08:00"",""to"":""00:00"",""next_day"":true}],""wed"":[{""from"":""08:00"",""to"":""00:00"",""next_day"":true}],""thu"":[{""from"":""08:00"",""to"":""00:00"",""next_day"":true}],""fri"":[{""from"":""08:00"",""to"":""00:00"",""next_day"":true}],""sat"":[{""from"":""10:00"",""to"":""00:00"",""next_day"":true}],""sun"":[{""from"":""10:00"",""to"":""00:00"",""next_day"":true}]}}",greatlist,https://greatlist.ru/msk/restaurant/39-trattoriapizzeria/,true,2026-05-24T00:00:00Z,2026-05-24T00:00:00Z
greatlist-msk-restaurant-saray,Saray,"Ресторан авторской кухни в Гранатном пер., 19, где мясо, рыбу, морепродукты и овощи готовят на открытом огне — на углях, в печи или тандыре. Плюс креативные завтраки и специальное ночное меню.","Гранатный пер., 19",55.759861,37.587380,Пн-Чт 08:00–00:00; Пт 08:00–02:00; Сб 09:00–00:00; Вс 09:00–02:00,"{""timezone"":""Europe/Moscow"",""weekly"":{""mon"":[{""from"":""08:00"",""to"":""00:00"",""next_day"":true}],""tue"":[{""from"":""08:00"",""to"":""00:00"",""next_day"":true}],""wed"":[{""from"":""08:00"",""to"":""00:00"",""next_day"":true}],""thu"":[{""from"":""08:00"",""to"":""00:00"",""next_day"":true}],""fri"":[{""from"":""08:00"",""to"":""02:00"",""next_day"":true}],""sat"":[{""from"":""09:00"",""to"":""00:00"",""next_day"":true}],""sun"":[{""from"":""09:00"",""to"":""02:00"",""next_day"":true}]}}",greatlist,https://greatlist.ru/msk/restaurant/saray/,true,2026-05-24T00:00:00Z,2026-05-24T00:00:00Z
greatlist-msk-restaurant-dr-zhivago,Dr. Живаго,"Ресторан для торжеств и любого типа будней, открытый Александром Раппопортом много лет назад на первом этаже «Националя». Идеологи проекта называют его романом о русской кухне, на самом же деле кухня тут и русская, и советская, и нынешняя, впитавшая в себя много чего. Так,…","ул. Моховая д.15, в здании Гостиницы",55.756730,37.614156,"Ежедневно круглосуточно По субботам, воскресеньям и понедельникам ресторан закрыт на технический перерыв с 5.00 до 7.00 С воскресенья на понедельник кухня ресторана работает до 03.00","{""timezone"":""Europe/Moscow"",""weekly"":{""mon"":[{""from"":""00:00"",""to"":""00:00"",""next_day"":true}],""tue"":[{""from"":""00:00"",""to"":""00:00"",""next_day"":true}],""wed"":[{""from"":""00:00"",""to"":""00:00"",""next_day"":true}],""thu"":[{""from"":""00:00"",""to"":""00:00"",""next_day"":true}],""fri"":[{""from"":""00:00"",""to"":""00:00"",""next_day"":true}],""sat"":[{""from"":""00:00"",""to"":""00:00"",""next_day"":true}],""sun"":[{""from"":""00:00"",""to"":""00:00"",""next_day"":true}]}}",greatlist,https://greatlist.ru/msk/restaurant/dr-zhivago/,true,2026-05-24T00:00:00Z,2026-05-24T00:00:00Z
greatlist-msk-restaurant-kappo-hiroki-arakava,Каппо Хироки Аракава,"Редкий для Москвы ресторан азиатской кухни с омакасэ-баром на ул. Охотный Ряд, 2 Тритематических сета (кайсэки, с суши и с говядиной вагю) и огромное классическое меню à lacarte.","ул. Охотный Ряд, 2",55.757076,37.616435,Ежедневно 10:00–22:00,"{""timezone"":""Europe/Moscow"",""weekly"":{""mon"":[{""from"":""10:00"",""to"":""22:00"",""next_day"":false}],""tue"":[{""from"":""10:00"",""to"":""22:00"",""next_day"":false}],""wed"":[{""from"":""10:00"",""to"":""22:00"",""next_day"":false}],""thu"":[{""from"":""10:00"",""to"":""22:00"",""next_day"":false}],""fri"":[{""from"":""10:00"",""to"":""22:00"",""next_day"":false}],""sat"":[{""from"":""10:00"",""to"":""22:00"",""next_day"":false}],""sun"":[{""from"":""10:00"",""to"":""22:00"",""next_day"":false}]}}",greatlist,https://greatlist.ru/msk/restaurant/kappo-hiroki-arakava/,true,2026-05-24T00:00:00Z,2026-05-24T00:00:00Z
greatlist-msk-restaurant-beluga,Белуга,"Ресторан для гурманов и важная туристическая достопримечательность. Пышный интерьер, вид на Кремль, икра, пельмени с копченой щукой и прочие русские специалитеты на Моховойул., 15/1, стр. 1","Моховая ул., 15/1, эт. 2, отель",55.75659525698698,37.613961570520445,Ежедневно 12:00–00:00,"{""timezone"":""Europe/Moscow"",""weekly"":{""mon"":[{""from"":""12:00"",""to"":""00:00"",""next_day"":true}],""tue"":[{""from"":""12:00"",""to"":""00:00"",""next_day"":true}],""wed"":[{""from"":""12:00"",""to"":""00:00"",""next_day"":true}],""thu"":[{""from"":""12:00"",""to"":""00:00"",""next_day"":true}],""fri"":[{""from"":""12:00"",""to"":""00:00"",""next_day"":true}],""sat"":[{""from"":""12:00"",""to"":""00:00"",""next_day"":true}],""sun"":[{""from"":""12:00"",""to"":""00:00"",""next_day"":true}]}}",greatlist,https://greatlist.ru/msk/restaurant/beluga/,true,2026-05-24T00:00:00Z,2026-05-24T00:00:00Z
greatlist-msk-restaurant-insider-bar,Insider Bar,"Бар и лаборатория по изготовлению дистиллятов в футуристическом интерьере на ул.Сретенка, 22/1, стр. 1 Один из самых успешных московских стартов за последние годы. Бронирование обязательно.","ул. Сретенка, 22/1с1",55.769504,37.632638,Чт-Сб 19:00-03:00,"{""timezone"":""Europe/Moscow"",""weekly"":{""thu"":[{""from"":""19:00"",""to"":""03:00"",""next_day"":true}],""fri"":[{""from"":""19:00"",""to"":""03:00"",""next_day"":true}],""sat"":[{""from"":""19:00"",""to"":""03:00"",""next_day"":true}]}}",greatlist,https://greatlist.ru/msk/restaurant/insider-bar/,true,2026-05-24T00:00:00Z,2026-05-24T00:00:00Z
greatlist-msk-restaurant-onest,Onest,"Файн-дайнинг итальянской кухни в минималистичном интерьере на Малой Бронной ул., 8,стр. 1 В меню — средиземноморская классика в небанальной подаче и чуть-чуть экспериментов с русскими вкусами.","Малая Бронная ул., 8, стр. 1",55.760342,37.596965,Ежедневно 12:00–00:00,"{""timezone"":""Europe/Moscow"",""weekly"":{""mon"":[{""from"":""12:00"",""to"":""00:00"",""next_day"":true}],""tue"":[{""from"":""12:00"",""to"":""00:00"",""next_day"":true}],""wed"":[{""from"":""12:00"",""to"":""00:00"",""next_day"":true}],""thu"":[{""from"":""12:00"",""to"":""00:00"",""next_day"":true}],""fri"":[{""from"":""12:00"",""to"":""00:00"",""next_day"":true}],""sat"":[{""from"":""12:00"",""to"":""00:00"",""next_day"":true}],""sun"":[{""from"":""12:00"",""to"":""00:00"",""next_day"":true}]}}",greatlist,https://greatlist.ru/msk/restaurant/onest/,true,2026-05-24T00:00:00Z,2026-05-24T00:00:00Z
greatlist-msk-restaurant-magnum-wine-bar,Magnum Wine Bar,"Живописный винный бар с отличной едой на Лесной ул., 5, стр. Б. Большая винная карта, вменю — лионский луковый суп, бургундские улитки, баскский чизкейк и прочая европейская классика.","Лесная ул., 5, стр. Б",55.77827097498399,37.58734278888173,Ежедневно 12:00–00:00,"{""timezone"":""Europe/Moscow"",""weekly"":{""mon"":[{""from"":""12:00"",""to"":""00:00"",""next_day"":true}],""tue"":[{""from"":""12:00"",""to"":""00:00"",""next_day"":true}],""wed"":[{""from"":""12:00"",""to"":""00:00"",""next_day"":true}],""thu"":[{""from"":""12:00"",""to"":""00:00"",""next_day"":true}],""fri"":[{""from"":""12:00"",""to"":""00:00"",""next_day"":true}],""sat"":[{""from"":""12:00"",""to"":""00:00"",""next_day"":true}],""sun"":[{""from"":""12:00"",""to"":""00:00"",""next_day"":true}]}}",greatlist,https://greatlist.ru/msk/restaurant/magnum-wine-bar/,true,2026-05-24T00:00:00Z,2026-05-24T00:00:00Z
greatlist-msk-restaurant-cantinetta-antinori,Cantinetta Antinori,"Пышная итальянская траттория в Денежном пер., 20 За кухню отвечает итальянец Мауро Панебьянко, меню сфокусировано на тосканской, пьемонтской и прочей вневременной классике.","Денежный пер., 20",55.745383,37.586595,Ежедневно 12:00–00:00,"{""timezone"":""Europe/Moscow"",""weekly"":{""mon"":[{""from"":""12:00"",""to"":""00:00"",""next_day"":true}],""tue"":[{""from"":""12:00"",""to"":""00:00"",""next_day"":true}],""wed"":[{""from"":""12:00"",""to"":""00:00"",""next_day"":true}],""thu"":[{""from"":""12:00"",""to"":""00:00"",""next_day"":true}],""fri"":[{""from"":""12:00"",""to"":""00:00"",""next_day"":true}],""sat"":[{""from"":""12:00"",""to"":""00:00"",""next_day"":true}],""sun"":[{""from"":""12:00"",""to"":""00:00"",""next_day"":true}]}}",greatlist,https://greatlist.ru/msk/restaurant/cantinetta-antinori/,true,2026-05-24T00:00:00Z,2026-05-24T00:00:00Z
greatlist-msk-restaurant-christian,Christian,"Жизнерадостная итальянская таверна в центре Москвы по адресу: Кутузовский просп., 2/1,стр. 1а. Авторская кухня тосканца Кристиана Лоренцини, в меню — идеальный баланс классики и экспериментальных блюд.","Кутузовский просп., 2/1 стр.1А",55.750813532721814,37.56521109310985,Пн-Пт 09:00–00:00 Сб 10:00–00:00 Вс 11:00–00:00,"{""timezone"":""Europe/Moscow"",""weekly"":{""mon"":[{""from"":""09:00"",""to"":""00:00"",""next_day"":true}],""tue"":[{""from"":""09:00"",""to"":""00:00"",""next_day"":true}],""wed"":[{""from"":""09:00"",""to"":""00:00"",""next_day"":true}],""thu"":[{""from"":""09:00"",""to"":""00:00"",""next_day"":true}],""fri"":[{""from"":""09:00"",""to"":""00:00"",""next_day"":true}],""sat"":[{""from"":""10:00"",""to"":""00:00"",""next_day"":true}],""sun"":[{""from"":""11:00"",""to"":""00:00"",""next_day"":true}]}}",greatlist,https://greatlist.ru/msk/restaurant/christian/,true,2026-05-24T00:00:00Z,2026-05-24T00:00:00Z
greatlist-msk-restaurant-vadvare,Vadvare,"Харизматичное кафе, пекарня и ресторан сицилийца Николы Мавика на ул. Ефремова, 10,стр. 1, корп. 4/7. Классическая городская бистрономия с семейной атмосферой и серьезной итальянско-европейской кухней.","ул. Ефремова, 10с1к4/7",55.725801,37.573335,Ежедневно 08:00–22:00,"{""timezone"":""Europe/Moscow"",""weekly"":{""mon"":[{""from"":""08:00"",""to"":""22:00"",""next_day"":false}],""tue"":[{""from"":""08:00"",""to"":""22:00"",""next_day"":false}],""wed"":[{""from"":""08:00"",""to"":""22:00"",""next_day"":false}],""thu"":[{""from"":""08:00"",""to"":""22:00"",""next_day"":false}],""fri"":[{""from"":""08:00"",""to"":""22:00"",""next_day"":false}],""sat"":[{""from"":""08:00"",""to"":""22:00"",""next_day"":false}],""sun"":[{""from"":""08:00"",""to"":""22:00"",""next_day"":false}]}}",greatlist,https://greatlist.ru/msk/restaurant/vadvare/,true,2026-05-24T00:00:00Z,2026-05-24T00:00:00Z
greatlist-msk-restaurant-bjorn,Björn,"Нордик на Пятницкой ул., 3/4, стр. 1 Один из лучших ресторанов северной кухни в Москве, сфокусированный на региональных продуктах. В меню — карельская форель, тартар из оленя, сморчки и черные лисички.","Пятницкая ул., 3/4с1",55.745806601652326,37.626814492742255,Ежедневно 12:00–00:00,"{""timezone"":""Europe/Moscow"",""weekly"":{""mon"":[{""from"":""12:00"",""to"":""00:00"",""next_day"":true}],""tue"":[{""from"":""12:00"",""to"":""00:00"",""next_day"":true}],""wed"":[{""from"":""12:00"",""to"":""00:00"",""next_day"":true}],""thu"":[{""from"":""12:00"",""to"":""00:00"",""next_day"":true}],""fri"":[{""from"":""12:00"",""to"":""00:00"",""next_day"":true}],""sat"":[{""from"":""12:00"",""to"":""00:00"",""next_day"":true}],""sun"":[{""from"":""12:00"",""to"":""00:00"",""next_day"":true}]}}",greatlist,https://greatlist.ru/msk/restaurant/bjorn/,true,2026-05-24T00:00:00Z,2026-05-24T00:00:00Z
greatlist-msk-restaurant-sibirsibir,#СибирьСибирь,"Концептуальный ресторан региональной русской кухни с оригинальным интерьером на Смоленской ул., 8 Сибирские специалитеты (муксун, омуль, оленина, алтайские травы),домашние морсы и сбитни.","Смоленская улица, 8",55.746117486352546,37.58011477107609,Вс-Чт 09:00-00:00 Пт-Сб 09:00-01:00,"{""timezone"":""Europe/Moscow"",""weekly"":{""sun"":[{""from"":""09:00"",""to"":""00:00"",""next_day"":true}],""mon"":[{""from"":""09:00"",""to"":""00:00"",""next_day"":true}],""tue"":[{""from"":""09:00"",""to"":""00:00"",""next_day"":true}],""wed"":[{""from"":""09:00"",""to"":""00:00"",""next_day"":true}],""thu"":[{""from"":""09:00"",""to"":""00:00"",""next_day"":true}],""fri"":[{""from"":""09:00"",""to"":""01:00"",""next_day"":true}],""sat"":[{""from"":""09:00"",""to"":""01:00"",""next_day"":true}]}}",greatlist,https://greatlist.ru/msk/restaurant/sibirsibir/,true,2026-05-24T00:00:00Z,2026-05-24T00:00:00Z
greatlist-msk-restaurant-ima,IMA,"Серьезный японский ресторан Аркадия Новикова, открытый им в неожиданном месте — посреди парка «Зарядье», где, казалось бы, обитает не самая искушенная публика. И тем интереснее, что получилось. Внутри три открытые кухни, столы для chef’s table, приглушенный свет, камень и…","ул. Варварка, 14",55.752521,37.632312,Вс-Чт: 12:00-23:00 Пт-Сб: 12:00-00:00,"{""timezone"":""Europe/Moscow"",""weekly"":{""sun"":[{""from"":""12:00"",""to"":""23:00"",""next_day"":false}],""mon"":[{""from"":""12:00"",""to"":""23:00"",""next_day"":false}],""tue"":[{""from"":""12:00"",""to"":""23:00"",""next_day"":false}],""wed"":[{""from"":""12:00"",""to"":""23:00"",""next_day"":false}],""thu"":[{""from"":""12:00"",""to"":""23:00"",""next_day"":false}],""fri"":[{""from"":""12:00"",""to"":""00:00"",""next_day"":true}],""sat"":[{""from"":""12:00"",""to"":""00:00"",""next_day"":true}]}}",greatlist,https://greatlist.ru/msk/restaurant/ima/,true,2026-05-24T00:00:00Z,2026-05-24T00:00:00Z
greatlist-msk-restaurant-semifreddo,Semifreddo,"Итальянский ресторан, блестящий проект итальянца Нино Грациано на ул. Тимура Фрунзе,11, стр. 55 В меню — сицилийская классика, приготовленная по семейным рецептам бренд-шефа.","ул. Тимура Фрунзе, 11, стр. 55",55.73507351562194,37.58671668703532,Ежедневно 12:00–23:00,"{""timezone"":""Europe/Moscow"",""weekly"":{""mon"":[{""from"":""12:00"",""to"":""23:00"",""next_day"":false}],""tue"":[{""from"":""12:00"",""to"":""23:00"",""next_day"":false}],""wed"":[{""from"":""12:00"",""to"":""23:00"",""next_day"":false}],""thu"":[{""from"":""12:00"",""to"":""23:00"",""next_day"":false}],""fri"":[{""from"":""12:00"",""to"":""23:00"",""next_day"":false}],""sat"":[{""from"":""12:00"",""to"":""23:00"",""next_day"":false}],""sun"":[{""from"":""12:00"",""to"":""23:00"",""next_day"":false}]}}",greatlist,https://greatlist.ru/msk/restaurant/semifreddo/,true,2026-05-24T00:00:00Z,2026-05-24T00:00:00Z
greatlist-msk-restaurant-centrale-bistro,Centrale Bistro by Evgeny Vikentev,"Небольшое бистро в переулках Тверской, придуманное и запущенное Евгением Викентьевым. Категоричный минимализм в интерьере, коротенькое, часто обновляемое меню, и в противовес этой лаконичности — меню с длинным сторителлингом, перевернутое наизнанку вителло-тоннато с ломтиком…","Вознесенский переулок, 16/4",55.759414,37.605804,Ежедневно 12:00–23:00,"{""timezone"":""Europe/Moscow"",""weekly"":{""mon"":[{""from"":""12:00"",""to"":""23:00"",""next_day"":false}],""tue"":[{""from"":""12:00"",""to"":""23:00"",""next_day"":false}],""wed"":[{""from"":""12:00"",""to"":""23:00"",""next_day"":false}],""thu"":[{""from"":""12:00"",""to"":""23:00"",""next_day"":false}],""fri"":[{""from"":""12:00"",""to"":""23:00"",""next_day"":false}],""sat"":[{""from"":""12:00"",""to"":""23:00"",""next_day"":false}],""sun"":[{""from"":""12:00"",""to"":""23:00"",""next_day"":false}]}}",greatlist,https://greatlist.ru/msk/restaurant/centrale-bistro/,true,2026-05-24T00:00:00Z,2026-05-24T00:00:00Z
greatlist-msk-restaurant-delicatessen,Delicatessen,"Бар-ресторан и культурная достопримечательность Москвы в атмосферном подвале на Садовой-Каретной ул., 20, стр. 2 Проект, прославивший внежанровый кулинарный стиль бренд-шефа Ивана Шишкина.","Садовая-Каретная ул., 20, стр. 2",55.7726658875478,37.610831280542804,"Вт-Чт 12:00–00:00; Пт, Сб 12:00–02:00","{""timezone"":""Europe/Moscow"",""weekly"":{""tue"":[{""from"":""12:00"",""to"":""00:00"",""next_day"":true}],""wed"":[{""from"":""12:00"",""to"":""00:00"",""next_day"":true}],""thu"":[{""from"":""12:00"",""to"":""00:00"",""next_day"":true}],""fri"":[{""from"":""12:00"",""to"":""02:00"",""next_day"":true}]}}",greatlist,https://greatlist.ru/msk/restaurant/delicatessen/,true,2026-05-24T00:00:00Z,2026-05-24T00:00:00Z
greatlist-msk-restaurant-bottega-siciliana,La Bottega Siciliana,"Ресторан, пиццерия и кондитерская на первом этаже ТГ «Модный сезон» на ул. Охотный Ряд, 2 Второй московский проект сицилийца Нино Грациано, виртуоза южно-итальянской классической кухни.","ул. Охотный Ряд, 2",55.756922233452315,37.61758335808641,Ежедневно 10:00–00:00,"{""timezone"":""Europe/Moscow"",""weekly"":{""mon"":[{""from"":""10:00"",""to"":""00:00"",""next_day"":true}],""tue"":[{""from"":""10:00"",""to"":""00:00"",""next_day"":true}],""wed"":[{""from"":""10:00"",""to"":""00:00"",""next_day"":true}],""thu"":[{""from"":""10:00"",""to"":""00:00"",""next_day"":true}],""fri"":[{""from"":""10:00"",""to"":""00:00"",""next_day"":true}],""sat"":[{""from"":""10:00"",""to"":""00:00"",""next_day"":true}],""sun"":[{""from"":""10:00"",""to"":""00:00"",""next_day"":true}]}}",greatlist,https://greatlist.ru/msk/restaurant/bottega-siciliana/,true,2026-05-24T00:00:00Z,2026-05-24T00:00:00Z
greatlist-msk-restaurant-gvidon,Гвидон,"Рыбный ресторан на Большой Никитской ул., 5 Интерьер-иллюстрация с хрустальными люстрами, русалками и ледниками с рыбой и морепродуктами. Меню блестящего шефа Анатолия Казакова.","Большая Никитская ул., 5",55.755420,37.608636,"Вс-Чт 12:00-00:00 Пт, Сб 12:00-02:00","{""timezone"":""Europe/Moscow"",""weekly"":{""sun"":[{""from"":""12:00"",""to"":""00:00"",""next_day"":true}],""mon"":[{""from"":""12:00"",""to"":""00:00"",""next_day"":true}],""tue"":[{""from"":""12:00"",""to"":""00:00"",""next_day"":true}],""wed"":[{""from"":""12:00"",""to"":""00:00"",""next_day"":true}],""thu"":[{""from"":""12:00"",""to"":""00:00"",""next_day"":true}],""fri"":[{""from"":""12:00"",""to"":""02:00"",""next_day"":true}]}}",greatlist,https://greatlist.ru/msk/restaurant/gvidon/,true,2026-05-24T00:00:00Z,2026-05-24T00:00:00Z
greatlist-msk-restaurant-mendeleev-bar,Mendeleev,"Легендарный коктейльный бар на Петровке, в канун 2025 года обретший новую красивую жизнь. За реинкарнацию отвечает команда GUYS, и дуэт Александра Глазунова и Константина Плесовских. Перезапуск начали с коктейльной карты, состоящей из классики и увлекательных твистов, которая по…",ул. Петровка 20/1,55.764331,37.617813,"Ср, Чт, Вс: 18:00 - 00:00 Пт, Сб: 18:00 - 03:00","{""timezone"":""Europe/Moscow"",""weekly"":{""wed"":[{""from"":""18:00"",""to"":""00:00"",""next_day"":true}],""fri"":[{""from"":""18:00"",""to"":""03:00"",""next_day"":true}]}}",greatlist,https://greatlist.ru/msk/restaurant/mendeleev-bar/,true,2026-05-24T00:00:00Z,2026-05-24T00:00:00Z
greatlist-msk-restaurant-km20,KM20,"Ресторан и винный бар над одноименным концепт-стором в Столешниковом пер., 2, стр. 1. Акцент на локальные продукты (у заведения есть собственная ферма в Подмосковье),качество и ЗОЖ.","Столешников пер., 2, стр. 1",55.76189219195502,37.61177077395083,Ежедневно 11:00–23:00,"{""timezone"":""Europe/Moscow"",""weekly"":{""mon"":[{""from"":""11:00"",""to"":""23:00"",""next_day"":false}],""tue"":[{""from"":""11:00"",""to"":""23:00"",""next_day"":false}],""wed"":[{""from"":""11:00"",""to"":""23:00"",""next_day"":false}],""thu"":[{""from"":""11:00"",""to"":""23:00"",""next_day"":false}],""fri"":[{""from"":""11:00"",""to"":""23:00"",""next_day"":false}],""sat"":[{""from"":""11:00"",""to"":""23:00"",""next_day"":false}],""sun"":[{""from"":""11:00"",""to"":""23:00"",""next_day"":false}]}}",greatlist,https://greatlist.ru/msk/restaurant/km20/,true,2026-05-24T00:00:00Z,2026-05-24T00:00:00Z
greatlist-msk-restaurant-salone-pasta-bar-msk,Salone Pasta & Bar,"Ода Италии, уже однажды пропетая в Петербурге и повторившаяся в Москве на Малой Дмитровке. Итальянское домашнее радушие, но в продуманных интерьерах, сервис, который легко спутать с любовью, и кухня, оказавшаяся в зоне ответственности Евгения Энгельке и Дениса Лукьяненко и не…","ул. Малая Дмитровка, 18Ас3",55.771163,37.60537,Пн-Чт 9:00-00:00 Пт 9:00-1:00 Сб 10:00-1:00 Вс 10:00-0:00,"{""timezone"":""Europe/Moscow"",""weekly"":{""mon"":[{""from"":""09:00"",""to"":""00:00"",""next_day"":true}],""tue"":[{""from"":""09:00"",""to"":""00:00"",""next_day"":true}],""wed"":[{""from"":""09:00"",""to"":""00:00"",""next_day"":true}],""thu"":[{""from"":""09:00"",""to"":""00:00"",""next_day"":true}],""fri"":[{""from"":""09:00"",""to"":""01:00"",""next_day"":true}],""sat"":[{""from"":""10:00"",""to"":""01:00"",""next_day"":true}],""sun"":[{""from"":""10:00"",""to"":""00:00"",""next_day"":true}]}}",greatlist,https://greatlist.ru/msk/restaurant/salone-pasta-bar-msk/,true,2026-05-24T00:00:00Z,2026-05-24T00:00:00Z
greatlist-msk-restaurant-marmo,Marmo,"Серьезный мясной ресторан Ильи Ниценко, совладельца компании Primebeef, в Рыбниковом пер., 1 Один из немногих в Москве проектов с собственным производством и редкими позициями в меню.","Рыбников пер., 1",55.767445,37.632536,Ежедневно 12:00-23:00,"{""timezone"":""Europe/Moscow"",""weekly"":{""mon"":[{""from"":""12:00"",""to"":""23:00"",""next_day"":false}],""tue"":[{""from"":""12:00"",""to"":""23:00"",""next_day"":false}],""wed"":[{""from"":""12:00"",""to"":""23:00"",""next_day"":false}],""thu"":[{""from"":""12:00"",""to"":""23:00"",""next_day"":false}],""fri"":[{""from"":""12:00"",""to"":""23:00"",""next_day"":false}],""sat"":[{""from"":""12:00"",""to"":""23:00"",""next_day"":false}],""sun"":[{""from"":""12:00"",""to"":""23:00"",""next_day"":false}]}}",greatlist,https://greatlist.ru/msk/restaurant/marmo/,true,2026-05-24T00:00:00Z,2026-05-24T00:00:00Z
greatlist-msk-restaurant-look-up-cafeshop,Look up Cafe&Shop,"Скандинавский простор в интерьере, хороший кофе и авторский шоколад, завтраки, канцелярские штучки и публика, близкая друг дружке по духу. Все это про пространство с кофейней и рестораном, открытое на тихой Садовнической улице. Удовлетворяет оно не только социальные и…","Садовническая ул., 9А",55.747637,37.628900,Ежедневно 08:00-23:00,"{""timezone"":""Europe/Moscow"",""weekly"":{""mon"":[{""from"":""08:00"",""to"":""23:00"",""next_day"":false}],""tue"":[{""from"":""08:00"",""to"":""23:00"",""next_day"":false}],""wed"":[{""from"":""08:00"",""to"":""23:00"",""next_day"":false}],""thu"":[{""from"":""08:00"",""to"":""23:00"",""next_day"":false}],""fri"":[{""from"":""08:00"",""to"":""23:00"",""next_day"":false}],""sat"":[{""from"":""08:00"",""to"":""23:00"",""next_day"":false}],""sun"":[{""from"":""08:00"",""to"":""23:00"",""next_day"":false}]}}",greatlist,https://greatlist.ru/msk/restaurant/look-up-cafeshop/,true,2026-05-24T00:00:00Z,2026-05-24T00:00:00Z
greatlist-msk-restaurant-folk,Folk,"Ресторан кавказской и ближневосточной кухни в спокойном современном сеттинге по адресу: Цветной б-р, 2 Без ковров и папах, но с удивительно точным попаданием в аутентичные вкусы и форматы.","Цветной бул., 2",55.767997,37.622998,Пн-Вс 08:00-00:00,"{""timezone"":""Europe/Moscow"",""weekly"":{""mon"":[{""from"":""08:00"",""to"":""00:00"",""next_day"":true}],""tue"":[{""from"":""08:00"",""to"":""00:00"",""next_day"":true}],""wed"":[{""from"":""08:00"",""to"":""00:00"",""next_day"":true}],""thu"":[{""from"":""08:00"",""to"":""00:00"",""next_day"":true}],""fri"":[{""from"":""08:00"",""to"":""00:00"",""next_day"":true}],""sat"":[{""from"":""08:00"",""to"":""00:00"",""next_day"":true}],""sun"":[{""from"":""08:00"",""to"":""00:00"",""next_day"":true}]}}",greatlist,https://greatlist.ru/msk/restaurant/folk/,true,2026-05-24T00:00:00Z,2026-05-24T00:00:00Z
greatlist-msk-restaurant-butler,Butler,"Ресторан-особняк на Патриарших, самое живописное итальянское заведение Москвы в Трехпрудном пер., 15 Лепнина, канделябры, белые скатерти и вдохновленная Сицилией кухня итальянца Джузеппе Дави.","Трёхпрудный пер., 15",55.766086,37.595600,Будни 12:00 - 00:00 Выходные и праздники 12:00 - 00:00,"{""timezone"":""Europe/Moscow"",""weekly"":{""mon"":[{""from"":""12:00"",""to"":""00:00"",""next_day"":true}],""tue"":[{""from"":""12:00"",""to"":""00:00"",""next_day"":true}],""wed"":[{""from"":""12:00"",""to"":""00:00"",""next_day"":true}],""thu"":[{""from"":""12:00"",""to"":""00:00"",""next_day"":true}],""fri"":[{""from"":""12:00"",""to"":""00:00"",""next_day"":true}],""sat"":[{""from"":""12:00"",""to"":""00:00"",""next_day"":true}],""sun"":[{""from"":""12:00"",""to"":""00:00"",""next_day"":true}]}}",greatlist,https://greatlist.ru/msk/restaurant/butler/,true,2026-05-24T00:00:00Z,2026-05-24T00:00:00Z
greatlist-msk-restaurant-mr-lee,Mr. Lee,"Реинкарнация знаменитого ресторана на Поварской ул., 52/55, стр. 3 Серьезный интерьер и серьезная еда шеф-повара Ли Чжана, в том числе с блюдами из эксклюзивно поставляемой в заведение дикой рыбы.","Поварская ул., 52/55с3",55.757870,37.585943,Ежедневно 12:00–00:00,"{""timezone"":""Europe/Moscow"",""weekly"":{""mon"":[{""from"":""12:00"",""to"":""00:00"",""next_day"":true}],""tue"":[{""from"":""12:00"",""to"":""00:00"",""next_day"":true}],""wed"":[{""from"":""12:00"",""to"":""00:00"",""next_day"":true}],""thu"":[{""from"":""12:00"",""to"":""00:00"",""next_day"":true}],""fri"":[{""from"":""12:00"",""to"":""00:00"",""next_day"":true}],""sat"":[{""from"":""12:00"",""to"":""00:00"",""next_day"":true}],""sun"":[{""from"":""12:00"",""to"":""00:00"",""next_day"":true}]}}",greatlist,https://greatlist.ru/msk/restaurant/mr-lee/,true,2026-05-24T00:00:00Z,2026-05-24T00:00:00Z
greatlist-msk-restaurant-radio-greenhouse,Radio Greenhouse,"Городское кафе с азиатскими и средиземноморскими мотивами в меню. Один из самых экзотических ресторанов Москвы на 2-й Бауманской ул., 9/23, стр. 3, похожий на архитектурную дачу где-нибудь во Флориде.","2-я Бауманская, 9/23, стр. 3",55.764065,37.683365,"Пн-Чт 12:00–23:00; Пт, Сб 12:00–02:00; Вс 12:00–23:00","{""timezone"":""Europe/Moscow"",""weekly"":{""mon"":[{""from"":""12:00"",""to"":""23:00"",""next_day"":false}],""tue"":[{""from"":""12:00"",""to"":""23:00"",""next_day"":false}],""wed"":[{""from"":""12:00"",""to"":""23:00"",""next_day"":false}],""thu"":[{""from"":""12:00"",""to"":""23:00"",""next_day"":false}],""fri"":[{""from"":""12:00"",""to"":""02:00"",""next_day"":true}],""sun"":[{""from"":""12:00"",""to"":""23:00"",""next_day"":false}]}}",greatlist,https://greatlist.ru/msk/restaurant/radio-greenhouse/,true,2026-05-24T00:00:00Z,2026-05-24T00:00:00Z
greatlist-msk-restaurant-big-wine-freaks-2,Big Wine Freaks,"Ресторан и винотека на ул. Большая Никитская, 62/3. Компактное, но интересное меню (хороший сифуд-бар, отличные десерты) и шикарная винная карта с большим выбором вин по бокалам.","ул. Большая Никитская, 62/3",55.758904,37.585422,Вс-Чт 12:00–01:00; Пт-Сб 12:00–03:00,"{""timezone"":""Europe/Moscow"",""weekly"":{""mon"":[{""from"":""12:00"",""to"":""01:00"",""next_day"":true}],""tue"":[{""from"":""12:00"",""to"":""01:00"",""next_day"":true}],""wed"":[{""from"":""12:00"",""to"":""01:00"",""next_day"":true}],""thu"":[{""from"":""12:00"",""to"":""01:00"",""next_day"":true}],""fri"":[{""from"":""12:00"",""to"":""03:00"",""next_day"":true}],""sat"":[{""from"":""12:00"",""to"":""03:00"",""next_day"":true}],""sun"":[{""from"":""12:00"",""to"":""01:00"",""next_day"":true}]}}",greatlist,https://greatlist.ru/msk/restaurant/big-wine-freaks-2/,true,2026-05-24T00:00:00Z,2026-05-24T00:00:00Z
greatlist-msk-restaurant-korobok,Коробок,"Уютный бар в подвале ресторана «Техникум» на ул. Большая Дмитровка, стр. 7/5, корп. 2. Небольшая, но мощная коктейльная карта одного из лучших столичных барменов Евгения Шашина.",Большая Дмитровка стр. 7/5 корп. 2,55.760851477975685,37.614758035114164,"Пн-Чт, Вс 18:00-00:30 Пт-Сб 18:00-1:30","{""timezone"":""Europe/Moscow"",""weekly"":{""mon"":[{""from"":""18:00"",""to"":""00:30"",""next_day"":true}],""tue"":[{""from"":""18:00"",""to"":""00:30"",""next_day"":true}],""wed"":[{""from"":""18:00"",""to"":""00:30"",""next_day"":true}],""thu"":[{""from"":""18:00"",""to"":""00:30"",""next_day"":true}],""fri"":[{""from"":""18:00"",""to"":""01:30"",""next_day"":true}],""sat"":[{""from"":""18:00"",""to"":""01:30"",""next_day"":true}]}}",greatlist,https://greatlist.ru/msk/restaurant/korobok/,true,2026-05-24T00:00:00Z,2026-05-24T00:00:00Z
greatlist-msk-restaurant-noor,Noor,"Главный коктейльный бар московской богемы на Тверской ул., 23/12. Проект легендарного шеф-бармена Марата Саддарова с лучшими классическими миксами в городе (и завтраками).","Тверская ул., 23/12",55.766957867903194,37.6007972820843,Вс-Чт 10:00-03:00 Пт-Cб 10:00-06:00,"{""timezone"":""Europe/Moscow"",""weekly"":{""sun"":[{""from"":""10:00"",""to"":""03:00"",""next_day"":true}],""mon"":[{""from"":""10:00"",""to"":""03:00"",""next_day"":true}],""tue"":[{""from"":""10:00"",""to"":""03:00"",""next_day"":true}],""wed"":[{""from"":""10:00"",""to"":""03:00"",""next_day"":true}],""thu"":[{""from"":""10:00"",""to"":""03:00"",""next_day"":true}],""fri"":[{""from"":""10:00"",""to"":""06:00"",""next_day"":true}]}}",greatlist,https://greatlist.ru/msk/restaurant/noor/,true,2026-05-24T00:00:00Z,2026-05-24T00:00:00Z
greatlist-msk-restaurant-loro,Loro,"Ресторан итальянской кухни с вневременной классикой на Большой Никитской ул., 21/18,стр. 1 Трюфельная паста, ризотто со сморчками, панцанелла и сезонные спецпредложения шефа Глена Баллиса.","Большая Никитская улица, 21/18с1",55.75718336621754,37.600026136699256,Вс-Чт 08:00-00:00 Пт-Сб 08:00-01:00,"{""timezone"":""Europe/Moscow"",""weekly"":{""sun"":[{""from"":""08:00"",""to"":""00:00"",""next_day"":true}],""mon"":[{""from"":""08:00"",""to"":""00:00"",""next_day"":true}],""tue"":[{""from"":""08:00"",""to"":""00:00"",""next_day"":true}],""wed"":[{""from"":""08:00"",""to"":""00:00"",""next_day"":true}],""thu"":[{""from"":""08:00"",""to"":""00:00"",""next_day"":true}],""fri"":[{""from"":""08:00"",""to"":""01:00"",""next_day"":true}],""sat"":[{""from"":""08:00"",""to"":""01:00"",""next_day"":true}]}}",greatlist,https://greatlist.ru/msk/restaurant/loro/,true,2026-05-24T00:00:00Z,2026-05-24T00:00:00Z
greatlist-msk-restaurant-sakhli,Сахли,"Один из самых старых и уважаемых московских ресторанов грузинской кухни в Большом Каретном пер., 6, стр. 1 По-домашнему уютный и гостеприимный, с нескучным подходом классике.","Большой Каретный пер., 6, стр. 1",55.77073447205838,37.616645466979406,Ежедневно 12:00–23:00,"{""timezone"":""Europe/Moscow"",""weekly"":{""mon"":[{""from"":""12:00"",""to"":""23:00"",""next_day"":false}],""tue"":[{""from"":""12:00"",""to"":""23:00"",""next_day"":false}],""wed"":[{""from"":""12:00"",""to"":""23:00"",""next_day"":false}],""thu"":[{""from"":""12:00"",""to"":""23:00"",""next_day"":false}],""fri"":[{""from"":""12:00"",""to"":""23:00"",""next_day"":false}],""sat"":[{""from"":""12:00"",""to"":""23:00"",""next_day"":false}],""sun"":[{""from"":""12:00"",""to"":""23:00"",""next_day"":false}]}}",greatlist,https://greatlist.ru/msk/restaurant/sakhli/,true,2026-05-24T00:00:00Z,2026-05-24T00:00:00Z
greatlist-msk-restaurant-zhazhda-krovi,Жажда крови,"Отличный стейк-хаус, проект мясного гуру Павла Поцелуева на Лесной ул., 9 В меню —роскошные тартары (на мозговой косточке — лучший), креативные горячие закуски и безупречные стейки.","Лесная ул., 9 БЦ",55.77850976040253,37.587935000500295,Пн-Чт 12:00–00:00 Пт-Сб 12:00–01:00 Вс 12:00–00:00,"{""timezone"":""Europe/Moscow"",""weekly"":{""mon"":[{""from"":""12:00"",""to"":""00:00"",""next_day"":true}],""tue"":[{""from"":""12:00"",""to"":""00:00"",""next_day"":true}],""wed"":[{""from"":""12:00"",""to"":""00:00"",""next_day"":true}],""thu"":[{""from"":""12:00"",""to"":""00:00"",""next_day"":true}],""fri"":[{""from"":""12:00"",""to"":""01:00"",""next_day"":true}],""sat"":[{""from"":""12:00"",""to"":""01:00"",""next_day"":true}],""sun"":[{""from"":""12:00"",""to"":""00:00"",""next_day"":true}]}}",greatlist,https://greatlist.ru/msk/restaurant/zhazhda-krovi/,true,2026-05-24T00:00:00Z,2026-05-24T00:00:00Z
greatlist-msk-restaurant-kazbek,Казбек,"Грузинский ресторан, один из проектов Maison Dellos Андрея Деллоса по адресу: ул. 1905года, 2 Аутентичная кухня, продуманный до мелочей харизматичный интерьер и живая музыка по вечерам.","ул. 1905 года, 2. 2 этаж",55.75529974252828,37.559949321946235,Пн-Вс 12:00-00:00,"{""timezone"":""Europe/Moscow"",""weekly"":{""mon"":[{""from"":""12:00"",""to"":""00:00"",""next_day"":true}],""tue"":[{""from"":""12:00"",""to"":""00:00"",""next_day"":true}],""wed"":[{""from"":""12:00"",""to"":""00:00"",""next_day"":true}],""thu"":[{""from"":""12:00"",""to"":""00:00"",""next_day"":true}],""fri"":[{""from"":""12:00"",""to"":""00:00"",""next_day"":true}],""sat"":[{""from"":""12:00"",""to"":""00:00"",""next_day"":true}],""sun"":[{""from"":""12:00"",""to"":""00:00"",""next_day"":true}]}}",greatlist,https://greatlist.ru/msk/restaurant/kazbek/,true,2026-05-24T00:00:00Z,2026-05-24T00:00:00Z
greatlist-msk-restaurant-ikura,Ikura,"Японская изакая на московский лад: дорогой интерьер, шикарный вид на Трубную, большое меню (в том числе морепродукты на гриле робата и стейки вагю). Рождественский б-р, 1","Рождественский бульвар 1, 4 этаж",55.766749,37.624211,Вс-Чт 12:00-00:00 Пт-Сб 12:00-02:00,"{""timezone"":""Europe/Moscow"",""weekly"":{""sun"":[{""from"":""12:00"",""to"":""00:00"",""next_day"":true}],""mon"":[{""from"":""12:00"",""to"":""00:00"",""next_day"":true}],""tue"":[{""from"":""12:00"",""to"":""00:00"",""next_day"":true}],""wed"":[{""from"":""12:00"",""to"":""00:00"",""next_day"":true}],""thu"":[{""from"":""12:00"",""to"":""00:00"",""next_day"":true}],""fri"":[{""from"":""12:00"",""to"":""02:00"",""next_day"":true}],""sat"":[{""from"":""12:00"",""to"":""02:00"",""next_day"":true}]}}",greatlist,https://greatlist.ru/msk/restaurant/ikura/,true,2026-05-24T00:00:00Z,2026-05-24T00:00:00Z
greatlist-msk-restaurant-the-bix,The Bix Bar,"Олдскульный бар в Большом Козихинском пер., 9/12. Серьезный музыкальный проект, посвященный выдающемуся американскому трубачу Леону Биксу Байдербеку. Живой джаз по вечерам, барная классика в меню.","Большой Козихинский пер., 9/12",55.76302732963491,37.596463964420316,Ежедневно 18:00–03:00,"{""timezone"":""Europe/Moscow"",""weekly"":{""mon"":[{""from"":""18:00"",""to"":""03:00"",""next_day"":true}],""tue"":[{""from"":""18:00"",""to"":""03:00"",""next_day"":true}],""wed"":[{""from"":""18:00"",""to"":""03:00"",""next_day"":true}],""thu"":[{""from"":""18:00"",""to"":""03:00"",""next_day"":true}],""fri"":[{""from"":""18:00"",""to"":""03:00"",""next_day"":true}],""sat"":[{""from"":""18:00"",""to"":""03:00"",""next_day"":true}],""sun"":[{""from"":""18:00"",""to"":""03:00"",""next_day"":true}]}}",greatlist,https://greatlist.ru/msk/restaurant/the-bix/,true,2026-05-24T00:00:00Z,2026-05-24T00:00:00Z
greatlist-msk-restaurant-white-rabbit,White rabbit,"Легендарный проект ресторатора Бориса Зарькова и шеф-повара Владимира Мухина с незабываемым видом на центр Москвы по адресу: Смоленская пл., 3 Выдающаяся авторская кухня с сезонным акцентом.","Смоленская площадь, 3",55.74745459208463,37.58134216623992,Ежедневно 12:00–00:00,"{""timezone"":""Europe/Moscow"",""weekly"":{""mon"":[{""from"":""12:00"",""to"":""00:00"",""next_day"":true}],""tue"":[{""from"":""12:00"",""to"":""00:00"",""next_day"":true}],""wed"":[{""from"":""12:00"",""to"":""00:00"",""next_day"":true}],""thu"":[{""from"":""12:00"",""to"":""00:00"",""next_day"":true}],""fri"":[{""from"":""12:00"",""to"":""00:00"",""next_day"":true}],""sat"":[{""from"":""12:00"",""to"":""00:00"",""next_day"":true}],""sun"":[{""from"":""12:00"",""to"":""00:00"",""next_day"":true}]}}",greatlist,https://greatlist.ru/msk/restaurant/white-rabbit/,true,2026-05-24T00:00:00Z,2026-05-24T00:00:00Z
greatlist-msk-restaurant-community,Community,"Проект архбюро Sundukovy Sisters, объединяющий бистрономию, бар, лекторий и театр, по адресу: Космодамианская наб., 2 В меню — креативный фьюжн с акцентом на сезонность.","Космодамианская наб., 2",55.745960985303526,37.63809357621697,"Ср, Чт 14:00–00:00; Пт, Сб 14:00–05:00; Вс 14:00–00:00","{""timezone"":""Europe/Moscow"",""weekly"":{""wed"":[{""from"":""14:00"",""to"":""00:00"",""next_day"":true}],""fri"":[{""from"":""14:00"",""to"":""05:00"",""next_day"":true}],""sun"":[{""from"":""14:00"",""to"":""00:00"",""next_day"":true}]}}",greatlist,https://greatlist.ru/msk/restaurant/community/,true,2026-05-24T00:00:00Z,2026-05-24T00:00:00Z
greatlist-msk-restaurant-sakhalin,Сахалин,"Фундаментальный рыбный ресторан с великолепным видом на Москву в отеле «АzimutСмоленская» на Смоленской ул., 8 Огромный выбор рыбы и морепродуктов, исключительный RAW-bar.","Смоленская ул., 8, отель АZIMUT",55.746223520744195,37.58025128506273,Ежедневно 12:00–00:00,"{""timezone"":""Europe/Moscow"",""weekly"":{""mon"":[{""from"":""12:00"",""to"":""00:00"",""next_day"":true}],""tue"":[{""from"":""12:00"",""to"":""00:00"",""next_day"":true}],""wed"":[{""from"":""12:00"",""to"":""00:00"",""next_day"":true}],""thu"":[{""from"":""12:00"",""to"":""00:00"",""next_day"":true}],""fri"":[{""from"":""12:00"",""to"":""00:00"",""next_day"":true}],""sat"":[{""from"":""12:00"",""to"":""00:00"",""next_day"":true}],""sun"":[{""from"":""12:00"",""to"":""00:00"",""next_day"":true}]}}",greatlist,https://greatlist.ru/msk/restaurant/sakhalin/,true,2026-05-24T00:00:00Z,2026-05-24T00:00:00Z
greatlist-msk-restaurant-rybtorg,Рыбторг,"Небольшой ресторан при магазине рыбы и морепродуктов в Трехпрудном пер., 5. Приглушенный свет, камерная обстановка и максимум вкуса: в основе концепции кухни —бережная обработка продуктов.","Трёхпрудный пер., 5",55.764995427184445,37.59766946410879,Ежедневно 11:00–23:00,"{""timezone"":""Europe/Moscow"",""weekly"":{""mon"":[{""from"":""11:00"",""to"":""23:00"",""next_day"":false}],""tue"":[{""from"":""11:00"",""to"":""23:00"",""next_day"":false}],""wed"":[{""from"":""11:00"",""to"":""23:00"",""next_day"":false}],""thu"":[{""from"":""11:00"",""to"":""23:00"",""next_day"":false}],""fri"":[{""from"":""11:00"",""to"":""23:00"",""next_day"":false}],""sat"":[{""from"":""11:00"",""to"":""23:00"",""next_day"":false}],""sun"":[{""from"":""11:00"",""to"":""23:00"",""next_day"":false}]}}",greatlist,https://greatlist.ru/msk/restaurant/rybtorg/,true,2026-05-24T00:00:00Z,2026-05-24T00:00:00Z
greatlist-msk-restaurant-padron,Padron,Ресторан Padron в Москве,"Страстной б-р, 7, стр. 1",55.76722,37.608284,"Пн-Чт, Вс 12:00 – 00:00 Пт, Сб 12:00 – 3:00","{""timezone"":""Europe/Moscow"",""weekly"":{""mon"":[{""from"":""12:00"",""to"":""00:00"",""next_day"":true}],""tue"":[{""from"":""12:00"",""to"":""00:00"",""next_day"":true}],""wed"":[{""from"":""12:00"",""to"":""00:00"",""next_day"":true}],""thu"":[{""from"":""12:00"",""to"":""00:00"",""next_day"":true}],""fri"":[{""from"":""12:00"",""to"":""03:00"",""next_day"":true}]}}",greatlist,https://greatlist.ru/msk/restaurant/padron/,true,2026-05-24T00:00:00Z,2026-05-24T00:00:00Z
greatlist-msk-restaurant-krasota,Krasota,"Гастрономический театр по адресу: Романов пер., 2, стр. 1 Каждый ужин состоит из нескольких эффектных актов с переменой блюд сет-меню Владимира Мухина. Бронирование обязательно.","Романов пер., 2, стр. 1",55.75425236464994,37.60844288086601,Ежедневно 13:00–00:00,"{""timezone"":""Europe/Moscow"",""weekly"":{""mon"":[{""from"":""13:00"",""to"":""00:00"",""next_day"":true}],""tue"":[{""from"":""13:00"",""to"":""00:00"",""next_day"":true}],""wed"":[{""from"":""13:00"",""to"":""00:00"",""next_day"":true}],""thu"":[{""from"":""13:00"",""to"":""00:00"",""next_day"":true}],""fri"":[{""from"":""13:00"",""to"":""00:00"",""next_day"":true}],""sat"":[{""from"":""13:00"",""to"":""00:00"",""next_day"":true}],""sun"":[{""from"":""13:00"",""to"":""00:00"",""next_day"":true}]}}",greatlist,https://greatlist.ru/msk/restaurant/krasota/,true,2026-05-24T00:00:00Z,2026-05-24T00:00:00Z
greatlist-msk-restaurant-za-kryshej,За крышей,"Еще одна точка притяжения завода «Рассвет», где рестораны и кафе отобраны с небывалой точностью. Запустили «За крышей» команда Big Wine Freaks и шеф Марат Калайджян — совместными усилиями они придумали и построили проект с тремя равными составляющими: едой, вином и…","Столярный переулок , 3 к 8, этаж 3",55.763134,37.56862,Ежедневно с 18:00 до 24:00,"{""timezone"":""Europe/Moscow"",""weekly"":{""mon"":[{""from"":""18:00"",""to"":""00:00"",""next_day"":true}],""tue"":[{""from"":""18:00"",""to"":""00:00"",""next_day"":true}],""wed"":[{""from"":""18:00"",""to"":""00:00"",""next_day"":true}],""thu"":[{""from"":""18:00"",""to"":""00:00"",""next_day"":true}],""fri"":[{""from"":""18:00"",""to"":""00:00"",""next_day"":true}],""sat"":[{""from"":""18:00"",""to"":""00:00"",""next_day"":true}],""sun"":[{""from"":""18:00"",""to"":""00:00"",""next_day"":true}]}}",greatlist,https://greatlist.ru/msk/restaurant/za-kryshej/,true,2026-05-24T00:00:00Z,2026-05-24T00:00:00Z
greatlist-msk-restaurant-severyane,Северяне,"Уютный ресторан современной авторской русской кухни шеф-повара Георгия Трояна на Большой Никитской ул., 12 Камерная обстановка и лучшие в Москве пастрами, блюда из печи и домашний хлеб.","Большая Никитская улица, 12",55.75645263159257,37.60672704224107,"Пн-Чт 09:00–00:00 Пт, Сб 09:00–01:00 Вс 09:00–00:00","{""timezone"":""Europe/Moscow"",""weekly"":{""mon"":[{""from"":""09:00"",""to"":""00:00"",""next_day"":true}],""tue"":[{""from"":""09:00"",""to"":""00:00"",""next_day"":true}],""wed"":[{""from"":""09:00"",""to"":""00:00"",""next_day"":true}],""thu"":[{""from"":""09:00"",""to"":""00:00"",""next_day"":true}],""fri"":[{""from"":""09:00"",""to"":""01:00"",""next_day"":true}],""sun"":[{""from"":""09:00"",""to"":""00:00"",""next_day"":true}]}}",greatlist,https://greatlist.ru/msk/restaurant/severyane/,true,2026-05-24T00:00:00Z,2026-05-24T00:00:00Z
greatlist-msk-restaurant-veladora,Veladora,"Уютный и демократичный мексиканский бар с тако на ул. Покровка, 2/1, стр. 1 Плюс небольшой ресторан и мескалерия с маленьким, но очень интересным меню (стол нужно бронировать заранее).","ул. Покровка, 2/1с1",55.758180272581114,37.63961349007553,Пн-Ср 18:00–02:00 Чт-Сб 18:00–05:00 Вс 18:00–02:00,"{""timezone"":""Europe/Moscow"",""weekly"":{""mon"":[{""from"":""18:00"",""to"":""02:00"",""next_day"":true}],""tue"":[{""from"":""18:00"",""to"":""02:00"",""next_day"":true}],""wed"":[{""from"":""18:00"",""to"":""02:00"",""next_day"":true}],""thu"":[{""from"":""18:00"",""to"":""05:00"",""next_day"":true}],""fri"":[{""from"":""18:00"",""to"":""05:00"",""next_day"":true}],""sat"":[{""from"":""18:00"",""to"":""05:00"",""next_day"":true}],""sun"":[{""from"":""18:00"",""to"":""02:00"",""next_day"":true}]}}",greatlist,https://greatlist.ru/msk/restaurant/veladora/,true,2026-05-24T00:00:00Z,2026-05-24T00:00:00Z
greatlist-msk-restaurant-ajna,Айна,"Один из самых интересных проектов Москвы, посвященный кухне народов России, на ул.Остоженка, 14/2. В меню — каштановая каша, чебуреки с крабом, конина на гриле и другие удивительные блюда.","ул. Остоженка, 14/2",55.741878,37.599207,Ежедневно 10:00–00:00,"{""timezone"":""Europe/Moscow"",""weekly"":{""mon"":[{""from"":""10:00"",""to"":""00:00"",""next_day"":true}],""tue"":[{""from"":""10:00"",""to"":""00:00"",""next_day"":true}],""wed"":[{""from"":""10:00"",""to"":""00:00"",""next_day"":true}],""thu"":[{""from"":""10:00"",""to"":""00:00"",""next_day"":true}],""fri"":[{""from"":""10:00"",""to"":""00:00"",""next_day"":true}],""sat"":[{""from"":""10:00"",""to"":""00:00"",""next_day"":true}],""sun"":[{""from"":""10:00"",""to"":""00:00"",""next_day"":true}]}}",greatlist,https://greatlist.ru/msk/restaurant/ajna/,true,2026-05-24T00:00:00Z,2026-05-24T00:00:00Z
greatlist-msk-restaurant-maritozzo,Maritozzo,"Уютный повседневный ресторан итальянской кухни на Малой Бронной ул., 24, стр. 1Расслабленная атмосфера и отличная кухня итальянца Симоне Гобби. Лучшая пицца на Патриарших.","Малая Бронная ул., 24 строение 1",55.763235327943946,37.59458444615493,Ежедневно 12:00–00:30,"{""timezone"":""Europe/Moscow"",""weekly"":{""mon"":[{""from"":""12:00"",""to"":""00:30"",""next_day"":true}],""tue"":[{""from"":""12:00"",""to"":""00:30"",""next_day"":true}],""wed"":[{""from"":""12:00"",""to"":""00:30"",""next_day"":true}],""thu"":[{""from"":""12:00"",""to"":""00:30"",""next_day"":true}],""fri"":[{""from"":""12:00"",""to"":""00:30"",""next_day"":true}],""sat"":[{""from"":""12:00"",""to"":""00:30"",""next_day"":true}],""sun"":[{""from"":""12:00"",""to"":""00:30"",""next_day"":true}]}}",greatlist,https://greatlist.ru/msk/restaurant/maritozzo/,true,2026-05-24T00:00:00Z,2026-05-24T00:00:00Z
greatlist-msk-restaurant-musya-i-vtoroe,Муся и второе,"Мясная лавка и кулинария по адресу: Никитский б-р, 25, подъезд 3. Проект ресторатора и одного из главных российских «мясных сомелье» Макса Торганова с авторскими ужинами и завтраками по выходным.","Никитский бул., 25 (подъезд 3)",55.756986,37.598128,Ежедневно 10:00-22:00,"{""timezone"":""Europe/Moscow"",""weekly"":{""mon"":[{""from"":""10:00"",""to"":""22:00"",""next_day"":false}],""tue"":[{""from"":""10:00"",""to"":""22:00"",""next_day"":false}],""wed"":[{""from"":""10:00"",""to"":""22:00"",""next_day"":false}],""thu"":[{""from"":""10:00"",""to"":""22:00"",""next_day"":false}],""fri"":[{""from"":""10:00"",""to"":""22:00"",""next_day"":false}],""sat"":[{""from"":""10:00"",""to"":""22:00"",""next_day"":false}],""sun"":[{""from"":""10:00"",""to"":""22:00"",""next_day"":false}]}}",greatlist,https://greatlist.ru/msk/restaurant/musya-i-vtoroe/,true,2026-05-24T00:00:00Z,2026-05-24T00:00:00Z
greatlist-msk-restaurant-regent,Regent,"Городской фьюжн-дайнинг ресторатора Алексея Пинского в Плотниковом пер., 12. Разнообразное меню (от суши и битых огурцов до карпаччо и бефстроганова), элегантный интерьер и хорошая винная карта.","Плотников переулок, 12",55.746172747566476,37.5889025403935,Ежедневно 12:00 - 00:00,"{""timezone"":""Europe/Moscow"",""weekly"":{""mon"":[{""from"":""12:00"",""to"":""00:00"",""next_day"":true}],""tue"":[{""from"":""12:00"",""to"":""00:00"",""next_day"":true}],""wed"":[{""from"":""12:00"",""to"":""00:00"",""next_day"":true}],""thu"":[{""from"":""12:00"",""to"":""00:00"",""next_day"":true}],""fri"":[{""from"":""12:00"",""to"":""00:00"",""next_day"":true}],""sat"":[{""from"":""12:00"",""to"":""00:00"",""next_day"":true}],""sun"":[{""from"":""12:00"",""to"":""00:00"",""next_day"":true}]}}",greatlist,https://greatlist.ru/msk/restaurant/regent/,true,2026-05-24T00:00:00Z,2026-05-24T00:00:00Z
greatlist-msk-restaurant-pushkin,Кафе Пушкинъ,"Ресторан стилизованной под XIX век русско-французской кухни в особняке по адресу: Тверской б-р, 26а. Культовый проект ресторатора Андрея Деллоса и главный гастрономический аттракцион Москвы.","Тверской бульвар, 26А",55.76370899997232,37.60489706922942,Пн-Чт 09:00–00:00; Пт-Вс круглосуточно,"{""timezone"":""Europe/Moscow"",""weekly"":{""mon"":[{""from"":""09:00"",""to"":""00:00"",""next_day"":true}],""tue"":[{""from"":""09:00"",""to"":""00:00"",""next_day"":true}],""wed"":[{""from"":""09:00"",""to"":""00:00"",""next_day"":true}],""thu"":[{""from"":""09:00"",""to"":""00:00"",""next_day"":true}],""fri"":[{""from"":""00:00"",""to"":""00:00"",""next_day"":true}],""sat"":[{""from"":""00:00"",""to"":""00:00"",""next_day"":true}],""sun"":[{""from"":""00:00"",""to"":""00:00"",""next_day"":true}]}}",greatlist,https://greatlist.ru/msk/restaurant/pushkin/,true,2026-05-24T00:00:00Z,2026-05-24T00:00:00Z
greatlist-msk-restaurant-dich,Дичь,"Штучный ресторан в Переделкино — реверанс всевозможным европейским охотничьим пирам. Камерное пространство на 45 человек, напоминающее о загородных усадьбах и дворцах, где охота обязательно сулила красивое застолье: благородное дерево, уйма маленьких, но четко работающих…","д. Переделки, 81, этаж 2",55.664320,37.328720,Суббота - ужин с 18.00 до 22.00 Воскресенье - обед с 13.00 до 17.00,"{""timezone"":""Europe/Moscow"",""weekly"":{""sat"":[{""from"":""18:00"",""to"":""22:00"",""next_day"":false}],""sun"":[{""from"":""13:00"",""to"":""17:00"",""next_day"":false}]}}",greatlist,https://greatlist.ru/msk/restaurant/dich/,true,2026-05-24T00:00:00Z,2026-05-24T00:00:00Z
greatlist-msk-restaurant-biwon,Biwon,"Гастрономический проект, посвященный кухне Юго-Восточной Азии, на Погодинской ул., 2Торжественный, но очень уютный интерьер, отличный выбор корейских и тайских блюд, изящная подача.","ул. Погодинская, 2",55.735718,37.572351,Ежедневно 12:00–00:00,"{""timezone"":""Europe/Moscow"",""weekly"":{""mon"":[{""from"":""12:00"",""to"":""00:00"",""next_day"":true}],""tue"":[{""from"":""12:00"",""to"":""00:00"",""next_day"":true}],""wed"":[{""from"":""12:00"",""to"":""00:00"",""next_day"":true}],""thu"":[{""from"":""12:00"",""to"":""00:00"",""next_day"":true}],""fri"":[{""from"":""12:00"",""to"":""00:00"",""next_day"":true}],""sat"":[{""from"":""12:00"",""to"":""00:00"",""next_day"":true}],""sun"":[{""from"":""12:00"",""to"":""00:00"",""next_day"":true}]}}",greatlist,https://greatlist.ru/msk/restaurant/biwon/,true,2026-05-24T00:00:00Z,2026-05-24T00:00:00Z
greatlist-msk-restaurant-mama-tuta,Mama Tuta,"Ресторан грузинской кухни в ироничном сеттинге, придуманном архбюро Sundukovy Sisters,на Малой Бронной ул., 24, стр. 1 Традиционная кухня в исполнении талантливого тбилисца Гиа Хучуа.","Малая Бронная ул., 24, стр. 1",55.763324,37.594443,"Пн-Пт 09:00–00:30; Сб, Вс 10:00–00:30","{""timezone"":""Europe/Moscow"",""weekly"":{""mon"":[{""from"":""09:00"",""to"":""00:30"",""next_day"":true}],""tue"":[{""from"":""09:00"",""to"":""00:30"",""next_day"":true}],""wed"":[{""from"":""09:00"",""to"":""00:30"",""next_day"":true}],""thu"":[{""from"":""09:00"",""to"":""00:30"",""next_day"":true}],""fri"":[{""from"":""09:00"",""to"":""00:30"",""next_day"":true}],""sat"":[{""from"":""10:00"",""to"":""00:30"",""next_day"":true}]}}",greatlist,https://greatlist.ru/msk/restaurant/mama-tuta/,true,2026-05-24T00:00:00Z,2026-05-24T00:00:00Z
greatlist-msk-restaurant-chefs-table,Chef’s Table,"Ресторан-театр на Смоленской пл., 3 Камерное заведение, рассчитанное на 20 гостей, где проходят оригинальные тематические ужины и иногда гастроли шефов. Бронирование обязательно.","Смоленская площадь, 3, ТДК Смоленский пассаж, эт. 1",55.747796525536515,37.58084499847271,Ежедневно 13:00–00:00,"{""timezone"":""Europe/Moscow"",""weekly"":{""mon"":[{""from"":""13:00"",""to"":""00:00"",""next_day"":true}],""tue"":[{""from"":""13:00"",""to"":""00:00"",""next_day"":true}],""wed"":[{""from"":""13:00"",""to"":""00:00"",""next_day"":true}],""thu"":[{""from"":""13:00"",""to"":""00:00"",""next_day"":true}],""fri"":[{""from"":""13:00"",""to"":""00:00"",""next_day"":true}],""sat"":[{""from"":""13:00"",""to"":""00:00"",""next_day"":true}],""sun"":[{""from"":""13:00"",""to"":""00:00"",""next_day"":true}]}}",greatlist,https://greatlist.ru/msk/restaurant/chefs-table/,true,2026-05-24T00:00:00Z,2026-05-24T00:00:00Z
greatlist-msk-restaurant-lucky-izakaya-bar,Lucky Izakaya Bar,"Модная городская изакая на Большой Никитской ул., вл. 23/14/9. Паназиатская кухня в исполнении гениального бренд-шефа Глена Баллиса и отличный выбор саке, умешу и фирменных миксов.","Большая Никитская улица, вл 23/14/9",55.75727459499036,37.59948454039386,"Пн-Чт 12:00–00:00 Пт, Сб 12:00–02:00 Вс 12:00–00:00","{""timezone"":""Europe/Moscow"",""weekly"":{""mon"":[{""from"":""12:00"",""to"":""00:00"",""next_day"":true}],""tue"":[{""from"":""12:00"",""to"":""00:00"",""next_day"":true}],""wed"":[{""from"":""12:00"",""to"":""00:00"",""next_day"":true}],""thu"":[{""from"":""12:00"",""to"":""00:00"",""next_day"":true}],""fri"":[{""from"":""12:00"",""to"":""02:00"",""next_day"":true}],""sun"":[{""from"":""12:00"",""to"":""00:00"",""next_day"":true}]}}",greatlist,https://greatlist.ru/msk/restaurant/lucky-izakaya-bar/,true,2026-05-24T00:00:00Z,2026-05-24T00:00:00Z
greatlist-msk-restaurant-bagebi,Bagebi,"Расписные своды, зимний сад и классика грузинской кухни по адресу: ул. Пречистенка, 19/11,стр. 2 Одно из самых фактурных и качественных заведений в столице с незабываемым томленым кроликом в меню.","ул. Пречистенка, 19/11, с.1",55.741205,37.593026,Ежедневно 09:00–00:00,"{""timezone"":""Europe/Moscow"",""weekly"":{""mon"":[{""from"":""09:00"",""to"":""00:00"",""next_day"":true}],""tue"":[{""from"":""09:00"",""to"":""00:00"",""next_day"":true}],""wed"":[{""from"":""09:00"",""to"":""00:00"",""next_day"":true}],""thu"":[{""from"":""09:00"",""to"":""00:00"",""next_day"":true}],""fri"":[{""from"":""09:00"",""to"":""00:00"",""next_day"":true}],""sat"":[{""from"":""09:00"",""to"":""00:00"",""next_day"":true}],""sun"":[{""from"":""09:00"",""to"":""00:00"",""next_day"":true}]}}",greatlist,https://greatlist.ru/msk/restaurant/bagebi/,true,2026-05-24T00:00:00Z,2026-05-24T00:00:00Z
greatlist-msk-restaurant-ikra,Ikra,"Гастрономический театр с авторскими дегустационными сетами на Большой Никитской ул.,5 Камерная обстановка (стол рассчитан всего на 16 гостей), дресс-код и полное погружение во вкус.",Большая Никитская ул. 5,55.755343,37.608975,Пн–Вс 16:00–23:00,"{""timezone"":""Europe/Moscow"",""weekly"":{""mon"":[{""from"":""16:00"",""to"":""23:00"",""next_day"":false}],""tue"":[{""from"":""16:00"",""to"":""23:00"",""next_day"":false}],""wed"":[{""from"":""16:00"",""to"":""23:00"",""next_day"":false}],""thu"":[{""from"":""16:00"",""to"":""23:00"",""next_day"":false}],""fri"":[{""from"":""16:00"",""to"":""23:00"",""next_day"":false}],""sat"":[{""from"":""16:00"",""to"":""23:00"",""next_day"":false}],""sun"":[{""from"":""16:00"",""to"":""23:00"",""next_day"":false}]}}",greatlist,https://greatlist.ru/msk/restaurant/ikra/,true,2026-05-24T00:00:00Z,2026-05-24T00:00:00Z
greatlist-msk-restaurant-sangre-fresca,Sangre Fresca,"Мексиканский фьюжн в Ермолаевском пер., 10/7. Гастрономический проект Глена Баллиса ишеф-повара Марко Феррейры с компактным, но не скучно собранным латиноамериканским меню.","Ермолаевский пер., 10/7",55.763711,37.590479,Ежедневно 12:00–00:00,"{""timezone"":""Europe/Moscow"",""weekly"":{""mon"":[{""from"":""12:00"",""to"":""00:00"",""next_day"":true}],""tue"":[{""from"":""12:00"",""to"":""00:00"",""next_day"":true}],""wed"":[{""from"":""12:00"",""to"":""00:00"",""next_day"":true}],""thu"":[{""from"":""12:00"",""to"":""00:00"",""next_day"":true}],""fri"":[{""from"":""12:00"",""to"":""00:00"",""next_day"":true}],""sat"":[{""from"":""12:00"",""to"":""00:00"",""next_day"":true}],""sun"":[{""from"":""12:00"",""to"":""00:00"",""next_day"":true}]}}",greatlist,https://greatlist.ru/msk/restaurant/sangre-fresca/,true,2026-05-24T00:00:00Z,2026-05-24T00:00:00Z
greatlist-msk-restaurant-jun,Jun,"Ресторан современной японской кухни и суши-бар в безукоризненно минималистичном интерьере на Большой Никитской ул., 24/1, стр. 6 Маленькое, но выверенное меню лучшего российского суши-шефа Артемия Лопатина.","Большая Никитская ул., 24/1с6",55.757148,37.602091,Вс-Чт 18:00-00:00 Пт-Сб 18:00-01:00,"{""timezone"":""Europe/Moscow"",""weekly"":{""sun"":[{""from"":""18:00"",""to"":""00:00"",""next_day"":true}],""mon"":[{""from"":""18:00"",""to"":""00:00"",""next_day"":true}],""tue"":[{""from"":""18:00"",""to"":""00:00"",""next_day"":true}],""wed"":[{""from"":""18:00"",""to"":""00:00"",""next_day"":true}],""thu"":[{""from"":""18:00"",""to"":""00:00"",""next_day"":true}],""fri"":[{""from"":""18:00"",""to"":""01:00"",""next_day"":true}],""sat"":[{""from"":""18:00"",""to"":""01:00"",""next_day"":true}]}}",greatlist,https://greatlist.ru/msk/restaurant/jun/,true,2026-05-24T00:00:00Z,2026-05-24T00:00:00Z
greatlist-msk-restaurant-075-please,0.75 please,"Камерный видовой ресторан, сосредоточенный на вине. Открыли этот проект красноярцы Александр Митраков и Александр Кучеров (шеф). Собственно, московский ресторан произошел от одноименного и громкого заведения в Красноярске. На кухне — красивый сумбур из европейских блюд, которые…","Смоленская улица, 8",55.746405,37.580435,Пн-чт 17:00 - 00:00 Пт-сб 17:00 - 02:00 Вск 17:00 - 00:00,"{""timezone"":""Europe/Moscow"",""weekly"":{""mon"":[{""from"":""17:00"",""to"":""00:00"",""next_day"":true}],""tue"":[{""from"":""17:00"",""to"":""00:00"",""next_day"":true}],""wed"":[{""from"":""17:00"",""to"":""00:00"",""next_day"":true}],""thu"":[{""from"":""17:00"",""to"":""00:00"",""next_day"":true}],""fri"":[{""from"":""17:00"",""to"":""02:00"",""next_day"":true}],""sat"":[{""from"":""17:00"",""to"":""02:00"",""next_day"":true}],""sun"":[{""from"":""17:00"",""to"":""00:00"",""next_day"":true}]}}",greatlist,https://greatlist.ru/msk/restaurant/075-please/,true,2026-05-24T00:00:00Z,2026-05-24T00:00:00Z
greatlist-msk-restaurant-eva-belorusskaya,Eva на Белорусской,"Ресторан греческой кухни в сдержанном современном интерьере на Большой Грузинской ул.,69 Проект австралийца с греческими корнями Глена Баллиса с безупречным греческим салатом в меню.","Большая Грузинская улица, 69",55.77391824964135,37.58628845388845,Пн-Вс 08:00–00:00,"{""timezone"":""Europe/Moscow"",""weekly"":{""mon"":[{""from"":""08:00"",""to"":""00:00"",""next_day"":true}],""tue"":[{""from"":""08:00"",""to"":""00:00"",""next_day"":true}],""wed"":[{""from"":""08:00"",""to"":""00:00"",""next_day"":true}],""thu"":[{""from"":""08:00"",""to"":""00:00"",""next_day"":true}],""fri"":[{""from"":""08:00"",""to"":""00:00"",""next_day"":true}],""sat"":[{""from"":""08:00"",""to"":""00:00"",""next_day"":true}],""sun"":[{""from"":""08:00"",""to"":""00:00"",""next_day"":true}]}}",greatlist,https://greatlist.ru/msk/restaurant/eva/,true,2026-05-24T00:00:00Z,2026-05-24T00:00:00Z
greatlist-msk-restaurant-eva-khamovniki,Eva в Хамовниках,"Ресторан греческой кухни в сдержанном современном интерьере на Большой Грузинской ул.,69 Проект австралийца с греческими корнями Глена Баллиса с безупречным греческим салатом в меню.","1-й переулок Тружеников, 4",55.7392292,37.5753310,Пн-Вс 09:00–00:00,"{""timezone"":""Europe/Moscow"",""weekly"":{""mon"":[{""from"":""09:00"",""to"":""00:00"",""next_day"":true}],""tue"":[{""from"":""09:00"",""to"":""00:00"",""next_day"":true}],""wed"":[{""from"":""09:00"",""to"":""00:00"",""next_day"":true}],""thu"":[{""from"":""09:00"",""to"":""00:00"",""next_day"":true}],""fri"":[{""from"":""09:00"",""to"":""00:00"",""next_day"":true}],""sat"":[{""from"":""09:00"",""to"":""00:00"",""next_day"":true}],""sun"":[{""from"":""09:00"",""to"":""00:00"",""next_day"":true}]}}",greatlist,https://greatlist.ru/msk/restaurant/eva/,true,2026-05-24T00:00:00Z,2026-05-24T00:00:00Z
greatlist-msk-restaurant-ku-belorusskaya,[KU:] Рамен Изакая на Белорусской,"Одна из точек симпатичной сети раменных на Большой Грузинской ул., 69 Отличные бизнес-ланчи, демократичные цены и качество на уровне классических городских японских рамен-шопов.","ул. Большая Грузинская, 69",55.77384347691366,37.58623966922981,Пн-Вс 11:00–00:00,"{""timezone"":""Europe/Moscow"",""weekly"":{""mon"":[{""from"":""11:00"",""to"":""00:00"",""next_day"":true}],""tue"":[{""from"":""11:00"",""to"":""00:00"",""next_day"":true}],""wed"":[{""from"":""11:00"",""to"":""00:00"",""next_day"":true}],""thu"":[{""from"":""11:00"",""to"":""00:00"",""next_day"":true}],""fri"":[{""from"":""11:00"",""to"":""00:00"",""next_day"":true}],""sat"":[{""from"":""11:00"",""to"":""00:00"",""next_day"":true}],""sun"":[{""from"":""11:00"",""to"":""00:00"",""next_day"":true}]}}",greatlist,https://greatlist.ru/msk/restaurant/ku/,true,2026-05-24T00:00:00Z,2026-05-24T00:00:00Z
greatlist-msk-restaurant-ku-smolenskaya,[KU:] Рамен Изакая на Смоленской,"Одна из точек симпатичной сети раменных на Большой Грузинской ул., 69 Отличные бизнес-ланчи, демократичные цены и качество на уровне классических городских японских рамен-шопов.","ул. Смоленская, 8",55.7462264,37.5803199,Вс-Чт 11:00–00:00; Пт-Сб 11:00–02:00,"{""timezone"":""Europe/Moscow"",""weekly"":{""mon"":[{""from"":""11:00"",""to"":""00:00"",""next_day"":true}],""tue"":[{""from"":""11:00"",""to"":""00:00"",""next_day"":true}],""wed"":[{""from"":""11:00"",""to"":""00:00"",""next_day"":true}],""thu"":[{""from"":""11:00"",""to"":""00:00"",""next_day"":true}],""sun"":[{""from"":""11:00"",""to"":""00:00"",""next_day"":true}],""fri"":[{""from"":""11:00"",""to"":""02:00"",""next_day"":true}],""sat"":[{""from"":""11:00"",""to"":""02:00"",""next_day"":true}]}}",greatlist,https://greatlist.ru/msk/restaurant/ku/,true,2026-05-24T00:00:00Z,2026-05-24T00:00:00Z
greatlist-msk-restaurant-ku-moscow-city,[KU:] Рамен Изакая в Москва-Сити,"Одна из точек симпатичной сети раменных на Большой Грузинской ул., 69 Отличные бизнес-ланчи, демократичные цены и качество на уровне классических городских японских рамен-шопов.",ул. Пресненская наб.10 с. 2,55.7475355,37.5348989,Пн-Пт 09:00–00:00; Сб-Вс 11:00–23:00; Завтраки 09:00–11:00,"{""timezone"":""Europe/Moscow"",""weekly"":{""mon"":[{""from"":""09:00"",""to"":""00:00"",""next_day"":true}],""tue"":[{""from"":""09:00"",""to"":""00:00"",""next_day"":true}],""wed"":[{""from"":""09:00"",""to"":""00:00"",""next_day"":true}],""thu"":[{""from"":""09:00"",""to"":""00:00"",""next_day"":true}],""fri"":[{""from"":""09:00"",""to"":""00:00"",""next_day"":true}],""sat"":[{""from"":""11:00"",""to"":""23:00"",""next_day"":false}],""sun"":[{""from"":""11:00"",""to"":""23:00"",""next_day"":false}]}}",greatlist,https://greatlist.ru/msk/restaurant/ku/,true,2026-05-24T00:00:00Z,2026-05-24T00:00:00Z
afisha-msk-lao-lee-cafe-75769,Lao Lee Café,"Идеальная вьетнамская забегаловка. Самое первое вьетнамское кафе с китайским названием на Миусской площади, ставшее предметом гастрономического культа, размножившееся в сеть и породившее бум «фошниц» в Москве. Крошечный закуток с открытой микрокухней, стойкой и парой столов…","Миусская пл., 9, стр. 11",55.7787023,37.5964568,понедельник: 11:00–23:00; вторник: 11:00–23:00; среда: 11:00–23:00; четверг: 11:00–23:00; пятница: 11:00–23:00; суббота: 11:00–23:00; воскресенье: 11:00–23:00,"{""timezone"":""Europe/Moscow"",""weekly"":{""mon"":[{""from"":""11:00"",""to"":""23:00""}],""tue"":[{""from"":""11:00"",""to"":""23:00""}],""wed"":[{""from"":""11:00"",""to"":""23:00""}],""thu"":[{""from"":""11:00"",""to"":""23:00""}],""fri"":[{""from"":""11:00"",""to"":""23:00""}],""sat"":[{""from"":""11:00"",""to"":""23:00""}],""sun"":[{""from"":""11:00"",""to"":""23:00""}]}}",afisha,https://www.afisha.ru/msk/restaurant/lao-lee-cafe-75769/,True,2026-05-24T07:50:40+00:00,2026-05-24T07:50:40+00:00
afisha-msk-vinnyi-bazar-na-komsomolskom-47066,Винный базар на Комсомольском,"Винный бар, магазин и все что хотите. Кафе, начинавшееся как магазин с возможностью слегка закусить. В целом все так и осталось — здесь по-прежнему можно выпить не самого банального вина по цене полки, однако и винный лист, и меню существенно выросли. Здесь нет официантов,…","Комсомольский просп., 14/1, корп. 2",55.7313744,37.5899837,понедельник: 13:00–01:00; вторник: 13:00–01:00; среда: 13:00–01:00; четверг: 13:00–01:00; пятница: 13:00–02:00; суббота: 13:00–02:00; воскресенье: 13:00–01:00,"{""timezone"":""Europe/Moscow"",""weekly"":{""mon"":[{""from"":""13:00"",""to"":""01:00"",""next_day"":true}],""tue"":[{""from"":""13:00"",""to"":""01:00"",""next_day"":true}],""wed"":[{""from"":""13:00"",""to"":""01:00"",""next_day"":true}],""thu"":[{""from"":""13:00"",""to"":""01:00"",""next_day"":true}],""fri"":[{""from"":""13:00"",""to"":""02:00"",""next_day"":true}],""sat"":[{""from"":""13:00"",""to"":""02:00"",""next_day"":true}],""sun"":[{""from"":""13:00"",""to"":""01:00"",""next_day"":true}]}}",afisha,https://www.afisha.ru/msk/restaurant/vinnyi-bazar-na-komsomolskom-47066/,True,2026-05-24T07:50:40+00:00,2026-05-24T07:50:40+00:00
afisha-msk-lumberjack-bar-40916,Lumberjack Bar,"Негромкий бар на «Китай-городе». Татуированные бородачи, интеллигентные пьяницы, бурбон и бургеры — простейшая бизнес-формула; Lumberjack придерживается ее со дня открытия. Таких мест в Москве с каждым годом все больше, однако «Лесоруб» с его мужиковатым обаянием был одним из…","Б.Спасоглинищевский пер., 3, стр. 5",55.7564254,37.6351501,понедельник: 15:00–24:00; вторник: 15:00–24:00; среда: 15:00–24:00; четверг: 15:00–24:00; пятница: 15:00–03:00; суббота: 15:00–03:00; воскресенье: 15:00–24:00,"{""timezone"":""Europe/Moscow"",""weekly"":{""mon"":[{""from"":""15:00"",""to"":""00:00"",""next_day"":true}],""tue"":[{""from"":""15:00"",""to"":""00:00"",""next_day"":true}],""wed"":[{""from"":""15:00"",""to"":""00:00"",""next_day"":true}],""thu"":[{""from"":""15:00"",""to"":""00:00"",""next_day"":true}],""fri"":[{""from"":""15:00"",""to"":""03:00"",""next_day"":true}],""sat"":[{""from"":""15:00"",""to"":""03:00"",""next_day"":true}],""sun"":[{""from"":""15:00"",""to"":""00:00"",""next_day"":true}]}}",afisha,https://www.afisha.ru/msk/restaurant/lumberjack-bar-40916/,True,2026-05-24T07:50:40+00:00,2026-05-24T07:50:40+00:00
afisha-msk-scrocchiarella-197026,Scrocchiarella,"Тонкая пицца на лопате. Специализируется ресторан на римском варианте пиццы — тонкой, с хрустящей корочкой, именно так и переводится название «скрокьярелла» с итальянского — «хрустящая». Ее делают вытянутой прямоугольной формы, на выбор есть четыре размера, одинаковые по ширине…","Покровка, 1/13/6, стр. 2",55.7585516,37.63948,понедельник: 10:00–24:00; вторник: 10:00–24:00; среда: 10:00–24:00; четверг: 10:00–24:00; пятница: 10:00–24:00; суббота: 10:00–24:00; воскресенье: 10:00–24:00,"{""timezone"":""Europe/Moscow"",""weekly"":{""mon"":[{""from"":""10:00"",""to"":""00:00"",""next_day"":true}],""tue"":[{""from"":""10:00"",""to"":""00:00"",""next_day"":true}],""wed"":[{""from"":""10:00"",""to"":""00:00"",""next_day"":true}],""thu"":[{""from"":""10:00"",""to"":""00:00"",""next_day"":true}],""fri"":[{""from"":""10:00"",""to"":""00:00"",""next_day"":true}],""sat"":[{""from"":""10:00"",""to"":""00:00"",""next_day"":true}],""sun"":[{""from"":""10:00"",""to"":""00:00"",""next_day"":true}]}}",afisha,https://www.afisha.ru/msk/restaurant/scrocchiarella-197026/,True,2026-05-24T07:50:40+00:00,2026-05-24T07:50:40+00:00
afisha-msk-butcher-35598,Бутчер,"Классический стейк-хаус без заигрываний с альтернативой. В сети стейк-хаусов предлагают стейки всех мастей. Причем выбирать можно прямо на натуре, с подноса, на котором официанты готовы продемонстрировать все богатство мясной карты: от пиканьи и маручо до рибая и «Нью-Йорка».…","Лубянский пр., 15, стр. 2",55.7564981,37.6326616,понедельник: 12:00–24:00; вторник: 12:00–24:00; среда: 12:00–24:00; четверг: 12:00–24:00; пятница: 12:00–24:00; суббота: 12:00–24:00; воскресенье: 12:00–24:00,"{""timezone"":""Europe/Moscow"",""weekly"":{""mon"":[{""from"":""12:00"",""to"":""00:00"",""next_day"":true}],""tue"":[{""from"":""12:00"",""to"":""00:00"",""next_day"":true}],""wed"":[{""from"":""12:00"",""to"":""00:00"",""next_day"":true}],""thu"":[{""from"":""12:00"",""to"":""00:00"",""next_day"":true}],""fri"":[{""from"":""12:00"",""to"":""00:00"",""next_day"":true}],""sat"":[{""from"":""12:00"",""to"":""00:00"",""next_day"":true}],""sun"":[{""from"":""12:00"",""to"":""00:00"",""next_day"":true}]}}",afisha,https://www.afisha.ru/msk/restaurant/butcher-35598/,True,2026-05-24T07:50:40+00:00,2026-05-24T07:50:40+00:00
afisha-msk-lepim-i-varim-151585,Лепим и варим,"Пельменная лавка в Столешниковом с вкусной едой и надуманной концепцией. Хозяева хотели уйти от стереотипов, связанных с этим русско-советским блюдом, представились как «пельменный бутик» и уже спустя неделю после открытия стали говорить, что у них «…самый посещаемый бутик в…","Столешников пер., 9, стр. 1",55.763182,37.615096,понедельник: 10:00–22:00; вторник: 10:00–22:00; среда: 10:00–22:00; четверг: 10:00–22:00; пятница: 10:00–22:00; суббота: 10:00–22:00; воскресенье: 10:00–22:00,"{""timezone"":""Europe/Moscow"",""weekly"":{""mon"":[{""from"":""10:00"",""to"":""22:00""}],""tue"":[{""from"":""10:00"",""to"":""22:00""}],""wed"":[{""from"":""10:00"",""to"":""22:00""}],""thu"":[{""from"":""10:00"",""to"":""22:00""}],""fri"":[{""from"":""10:00"",""to"":""22:00""}],""sat"":[{""from"":""10:00"",""to"":""22:00""}],""sun"":[{""from"":""10:00"",""to"":""22:00""}]}}",afisha,https://www.afisha.ru/msk/restaurant/lepim-i-varim-151585/,True,2026-05-24T07:50:40+00:00,2026-05-24T07:50:40+00:00
afisha-msk-mitzva-bar-61187,Mitzva Bar,"Израильский подвал на Пятницкой. Первый еврейский коктейльный бар в России, открывшийся в 2015 году. В Mitzva bar около 200 коктейлей (авторских и классических) и нет барной карты в физическом воплощении. Сотрудники узнают о предпочтениях гостей, задавая простой, но уже…","Пятницкая, 3/4, стр. 1",55.7454993,37.6271055,понедельник: 18:00–03:00; вторник: 18:00–03:00; среда: 18:00–03:00; четверг: 18:00–03:00; пятница: 18:00–05:00; суббота: 18:00–05:00; воскресенье: 18:00–03:00,"{""timezone"":""Europe/Moscow"",""weekly"":{""mon"":[{""from"":""18:00"",""to"":""03:00"",""next_day"":true}],""tue"":[{""from"":""18:00"",""to"":""03:00"",""next_day"":true}],""wed"":[{""from"":""18:00"",""to"":""03:00"",""next_day"":true}],""thu"":[{""from"":""18:00"",""to"":""03:00"",""next_day"":true}],""fri"":[{""from"":""18:00"",""to"":""05:00"",""next_day"":true}],""sat"":[{""from"":""18:00"",""to"":""05:00"",""next_day"":true}],""sun"":[{""from"":""18:00"",""to"":""03:00"",""next_day"":true}]}}",afisha,https://www.afisha.ru/msk/restaurant/mitzva-bar-61187/,True,2026-05-24T07:50:40+00:00,2026-05-24T07:50:40+00:00
afisha-msk-touche-173760,Touché,"Много вина с хорошими закусками. Проверенный временем ресторан на «Трехгорке», где за еду отвечает шеф Булат Ибрагимов («Артель», «Южане»). В винной карте около 250 позиций, все их разливают по бокалам. Меню с основными блюдами и большим количеством закусок часто обновляется,…","Рочдельская, 15, стр. 22, БЦ «Трехгорная мануфактура»",55.7556001,37.5627112,понедельник: 09:00–24:00; вторник: 09:00–24:00; среда: 09:00–24:00; четверг: 09:00–24:00; пятница: 09:00–02:00; суббота: 09:00–02:00; воскресенье: 09:00–24:00,"{""timezone"":""Europe/Moscow"",""weekly"":{""mon"":[{""from"":""09:00"",""to"":""00:00"",""next_day"":true}],""tue"":[{""from"":""09:00"",""to"":""00:00"",""next_day"":true}],""wed"":[{""from"":""09:00"",""to"":""00:00"",""next_day"":true}],""thu"":[{""from"":""09:00"",""to"":""00:00"",""next_day"":true}],""fri"":[{""from"":""09:00"",""to"":""02:00"",""next_day"":true}],""sat"":[{""from"":""09:00"",""to"":""02:00"",""next_day"":true}],""sun"":[{""from"":""09:00"",""to"":""00:00"",""next_day"":true}]}}",afisha,https://www.afisha.ru/msk/restaurant/touche-173760/,True,2026-05-24T07:50:40+00:00,2026-05-24T07:50:40+00:00
afisha-msk-zodiac-44602,Zodiac,"Бистро на первом этаже Смоленского пассажа. Концептуальное паназиатское бистро ресторатора Бориса Зарькова и повара Владимира Мухина, сделанное по мировым правилам с нетипичными для центра Москвы вменяемыми ценами и стеной из живой зелени. В меню — мухинская интерпретация блюд…","Смоленская пл., 3, ТДЦ «Смоленский пассаж», 1 этаж",55.7475405,37.5814206,понедельник: 12:00–24:00; вторник: 12:00–24:00; среда: 12:00–24:00; четверг: 12:00–24:00; пятница: 12:00–24:00; суббота: 12:00–24:00; воскресенье: 12:00–24:00,"{""timezone"":""Europe/Moscow"",""weekly"":{""mon"":[{""from"":""12:00"",""to"":""00:00"",""next_day"":true}],""tue"":[{""from"":""12:00"",""to"":""00:00"",""next_day"":true}],""wed"":[{""from"":""12:00"",""to"":""00:00"",""next_day"":true}],""thu"":[{""from"":""12:00"",""to"":""00:00"",""next_day"":true}],""fri"":[{""from"":""12:00"",""to"":""00:00"",""next_day"":true}],""sat"":[{""from"":""12:00"",""to"":""00:00"",""next_day"":true}],""sun"":[{""from"":""12:00"",""to"":""00:00"",""next_day"":true}]}}",afisha,https://www.afisha.ru/msk/restaurant/zodiac-44602/,True,2026-05-24T07:50:40+00:00,2026-05-24T07:50:40+00:00
afisha-msk-kitaiskaia-gramota-45415,Китайская грамота,"Битые огурцы, куриные лапки и хрустящая утка. Ресторатор Александр Раппопорт — большой знаток и любитель китайской гастрономии. Именно он перепридумал кантонскую кухню для Москвы — получилось не только удачно, но и доступно. В меню — утиные семечки с утиным бульоном, салат из…","Сретенка, 1",55.7666661,37.6306267,понедельник: 12:00–24:00; вторник: 12:00–24:00; среда: 12:00–24:00; четверг: 12:00–24:00; пятница: 12:00–24:00; суббота: 12:00–24:00; воскресенье: 12:00–24:00,"{""timezone"":""Europe/Moscow"",""weekly"":{""mon"":[{""from"":""12:00"",""to"":""00:00"",""next_day"":true}],""tue"":[{""from"":""12:00"",""to"":""00:00"",""next_day"":true}],""wed"":[{""from"":""12:00"",""to"":""00:00"",""next_day"":true}],""thu"":[{""from"":""12:00"",""to"":""00:00"",""next_day"":true}],""fri"":[{""from"":""12:00"",""to"":""00:00"",""next_day"":true}],""sat"":[{""from"":""12:00"",""to"":""00:00"",""next_day"":true}],""sun"":[{""from"":""12:00"",""to"":""00:00"",""next_day"":true}]}}",afisha,https://www.afisha.ru/msk/restaurant/kitaiskaia-gramota-45415/,True,2026-05-24T07:50:40+00:00,2026-05-24T07:50:40+00:00
afisha-msk-natakhtari-na-maroseike-47865,Натахтари на Маросейке,"Демократичный грузинский ресторан на Маросейке. Демократичный ресторан тбилисской кухни на Маросейке. Название «Натахтари» выбрано не в честь главной грузинской марки безалкогольных напитков — так в национальном эпосе зовется мировое дерево, корнями уходящее в самую глубь земли,…","Маросейка, 6/8, стр. 1",55.7574524,37.6346549,понедельник: 11:00–24:00; вторник: 11:00–24:00; среда: 11:00–24:00; четверг: 11:00–24:00; пятница: 11:00–24:00; суббота: 11:00–24:00; воскресенье: 11:00–24:00,"{""timezone"":""Europe/Moscow"",""weekly"":{""mon"":[{""from"":""11:00"",""to"":""00:00"",""next_day"":true}],""tue"":[{""from"":""11:00"",""to"":""00:00"",""next_day"":true}],""wed"":[{""from"":""11:00"",""to"":""00:00"",""next_day"":true}],""thu"":[{""from"":""11:00"",""to"":""00:00"",""next_day"":true}],""fri"":[{""from"":""11:00"",""to"":""00:00"",""next_day"":true}],""sat"":[{""from"":""11:00"",""to"":""00:00"",""next_day"":true}],""sun"":[{""from"":""11:00"",""to"":""00:00"",""next_day"":true}]}}",afisha,https://www.afisha.ru/msk/restaurant/natakhtari-na-maroseike-47865/,True,2026-05-24T07:50:40+00:00,2026-05-24T07:50:40+00:00
afisha-msk-bo-174563,Bổ,"Вьетнамский угол на главном продуктовом рынке города. Еще одно кафе на Даниловском рынке, на этот раз вьетнамское. Открыли Bo Вадим Хмара и Артем Шведун, давние энтузиасты вьетнамской гастрономической традиции. Главный их принцип — ничего лишнего и фальшивого, только то, что…","Мытная, 74, Даниловский рынок",55.7121357,37.6206334,понедельник: 09:00–21:00; вторник: 09:00–21:00; среда: 09:00–21:00; четверг: 09:00–21:00; пятница: 09:00–21:00; суббота: 09:00–21:00; воскресенье: 09:00–21:00,"{""timezone"":""Europe/Moscow"",""weekly"":{""mon"":[{""from"":""09:00"",""to"":""21:00""}],""tue"":[{""from"":""09:00"",""to"":""21:00""}],""wed"":[{""from"":""09:00"",""to"":""21:00""}],""thu"":[{""from"":""09:00"",""to"":""21:00""}],""fri"":[{""from"":""09:00"",""to"":""21:00""}],""sat"":[{""from"":""09:00"",""to"":""21:00""}],""sun"":[{""from"":""09:00"",""to"":""21:00""}]}}",afisha,https://www.afisha.ru/msk/restaurant/bo-174563/,True,2026-05-24T07:50:40+00:00,2026-05-24T07:50:40+00:00
afisha-msk-moscow-delhi-218632,Moscow — Delhi,"Домашнее индийское кафе в Ермолаевском переулке. Moscow — Delhi в Ермолаевском переулке — инкарнация крохотного вегетарианского кафе на Хохловке с индийской едой. Здесь не просто открытая кухня, как модно, — тут готовят буквально среди столиков. Все видно: как моют посуду, колют…","Ермолаевский пер., 7",55.7642893,37.5905823,вторник: 18:00–23:00; среда: 18:00–23:00; четверг: 18:00–23:00; пятница: 18:00–23:00; суббота: 18:00–23:00; воскресенье: 18:00–23:00,"{""timezone"":""Europe/Moscow"",""weekly"":{""tue"":[{""from"":""18:00"",""to"":""23:00""}],""wed"":[{""from"":""18:00"",""to"":""23:00""}],""thu"":[{""from"":""18:00"",""to"":""23:00""}],""fri"":[{""from"":""18:00"",""to"":""23:00""}],""sat"":[{""from"":""18:00"",""to"":""23:00""}],""sun"":[{""from"":""18:00"",""to"":""23:00""}]}}",afisha,https://www.afisha.ru/msk/restaurant/moscow-delhi-218632/,True,2026-05-24T07:50:40+00:00,2026-05-24T07:50:40+00:00
afisha-msk-rynok-i-obshchepit-270147,Рынок и общепит,"Много морепродуктов и уклон в израильскую кухню. Ресторатор Евгений Каценельсон («Чагин», «Лига пап», сети «Изя-гриль» и «Братья Караваевы») открыл в Весковском переулке заведение не вполне четкого формата — и кафе, и магазин сразу. Шук — это израильский, сугубо локальный рынок,…","Весковский пер., 7",55.7789139,37.6002363,понедельник: 09:00–23:00; вторник: 09:00–23:00; среда: 09:00–23:00; четверг: 09:00–23:00; пятница: 09:00–23:00; суббота: 09:00–23:00; воскресенье: 09:00–23:00,"{""timezone"":""Europe/Moscow"",""weekly"":{""mon"":[{""from"":""09:00"",""to"":""23:00""}],""tue"":[{""from"":""09:00"",""to"":""23:00""}],""wed"":[{""from"":""09:00"",""to"":""23:00""}],""thu"":[{""from"":""09:00"",""to"":""23:00""}],""fri"":[{""from"":""09:00"",""to"":""23:00""}],""sat"":[{""from"":""09:00"",""to"":""23:00""}],""sun"":[{""from"":""09:00"",""to"":""23:00""}]}}",afisha,https://www.afisha.ru/msk/restaurant/rynok-i-obshchepit-270147/,True,2026-05-24T07:50:40+00:00,2026-05-24T07:50:40+00:00
afisha-msk-black-swan-pub-442960,Black Swan Pub,"Самый красивый паб Москвы со множеством залов. Самый таинственный паб столицы находится в здании, известном своими километровыми соляными подвалами, в которых можно потеряться. Сюда, действительно, можно приходить как в музей: все детали интерьера, мебель, деревянные настенные…","Солянка, 1/2",55.7541537,37.6379625,понедельник: 12:00–24:00; вторник: 12:00–24:00; среда: 12:00–24:00; четверг: 12:00–24:00; пятница: 12:00–06:00; суббота: 12:00–06:00; воскресенье: 12:00–24:00,"{""timezone"":""Europe/Moscow"",""weekly"":{""mon"":[{""from"":""12:00"",""to"":""00:00"",""next_day"":true}],""tue"":[{""from"":""12:00"",""to"":""00:00"",""next_day"":true}],""wed"":[{""from"":""12:00"",""to"":""00:00"",""next_day"":true}],""thu"":[{""from"":""12:00"",""to"":""00:00"",""next_day"":true}],""fri"":[{""from"":""12:00"",""to"":""06:00"",""next_day"":true}],""sat"":[{""from"":""12:00"",""to"":""06:00"",""next_day"":true}],""sun"":[{""from"":""12:00"",""to"":""00:00"",""next_day"":true}]}}",afisha,https://www.afisha.ru/msk/restaurant/black-swan-pub-442960/,True,2026-05-24T07:50:40+00:00,2026-05-24T07:50:40+00:00
afisha-msk-burger-heroes-77344,Burger Heroes,"Знаменитая «Черная Мамба» на Большой Ордынке. Бренд Burger Heroes придумал арт-деятель, серийный предприниматель и маркетолог от Бога Игорь Подстрешный. BH на Ордынке был первым заведением сети; через некоторое время талантливую молодежь приметил Алексей Васильчук из «Чайхоны…","Б.Ордынка, 19, стр. 1",55.7417769,37.6257874,понедельник: 12:00–23:45; вторник: 12:00–23:45; среда: 12:00–23:45; четверг: 12:00–23:45; пятница: 12:00–05:00; суббота: 12:00–05:00; воскресенье: 12:00–23:45,"{""timezone"":""Europe/Moscow"",""weekly"":{""mon"":[{""from"":""12:00"",""to"":""23:45""}],""tue"":[{""from"":""12:00"",""to"":""23:45""}],""wed"":[{""from"":""12:00"",""to"":""23:45""}],""thu"":[{""from"":""12:00"",""to"":""23:45""}],""fri"":[{""from"":""12:00"",""to"":""05:00"",""next_day"":true}],""sat"":[{""from"":""12:00"",""to"":""05:00"",""next_day"":true}],""sun"":[{""from"":""12:00"",""to"":""23:45""}]}}",afisha,https://www.afisha.ru/msk/restaurant/burger-heroes-77344/,True,2026-05-24T07:50:40+00:00,2026-05-24T07:50:40+00:00
afisha-msk-mr-livanets-75771,Mr. Ливанец,"Аутентичная кухня на «Пушкинской» как способ подучить арабский язык. Меню включает примерно все, что москвичи могут знать о ливанской еде, и кое-что, о чем они знают вряд ли. Названия понятны, но иногда отличаются от принятых в России, хумус называется хоммус, табуле — табули,…","Глинищевский пер., 3",55.7632439,37.6097911,понедельник: 12:00–24:00; вторник: 12:00–24:00; среда: 12:00–24:00; четверг: 12:00–24:00; пятница: 12:00–02:00; суббота: 12:00–02:00; воскресенье: 12:00–24:00,"{""timezone"":""Europe/Moscow"",""weekly"":{""mon"":[{""from"":""12:00"",""to"":""00:00"",""next_day"":true}],""tue"":[{""from"":""12:00"",""to"":""00:00"",""next_day"":true}],""wed"":[{""from"":""12:00"",""to"":""00:00"",""next_day"":true}],""thu"":[{""from"":""12:00"",""to"":""00:00"",""next_day"":true}],""fri"":[{""from"":""12:00"",""to"":""02:00"",""next_day"":true}],""sat"":[{""from"":""12:00"",""to"":""02:00"",""next_day"":true}],""sun"":[{""from"":""12:00"",""to"":""00:00"",""next_day"":true}]}}",afisha,https://www.afisha.ru/msk/restaurant/mr-livanets-75771/,True,2026-05-24T07:50:40+00:00,2026-05-24T07:50:40+00:00
afisha-msk-darbazi-42305,Дарбази,"Интеллигентный ресторан с непростой грузинской кухней. Ресторан «Дарбази» располагается в неприметном флигеле во дворе, где раньше было итальянское кафе «Кипарис»; большой вывески нет и не предвидится — те, кто надо, и так найдут. Хозяева здесь те же, что и у ресторана «Сахли»,…","Николоямская, 16/2, стр. 7",55.7472216,37.650911,понедельник: 12:00–24:00; вторник: 12:00–24:00; среда: 12:00–24:00; четверг: 12:00–24:00; пятница: 12:00–24:00; суббота: 12:00–24:00; воскресенье: 12:00–24:00,"{""timezone"":""Europe/Moscow"",""weekly"":{""mon"":[{""from"":""12:00"",""to"":""00:00"",""next_day"":true}],""tue"":[{""from"":""12:00"",""to"":""00:00"",""next_day"":true}],""wed"":[{""from"":""12:00"",""to"":""00:00"",""next_day"":true}],""thu"":[{""from"":""12:00"",""to"":""00:00"",""next_day"":true}],""fri"":[{""from"":""12:00"",""to"":""00:00"",""next_day"":true}],""sat"":[{""from"":""12:00"",""to"":""00:00"",""next_day"":true}],""sun"":[{""from"":""12:00"",""to"":""00:00"",""next_day"":true}]}}",afisha,https://www.afisha.ru/msk/restaurant/darbazi-42305/,True,2026-05-24T07:50:40+00:00,2026-05-24T07:50:40+00:00
afisha-msk-km20-385754,КМ20,"Безглютеновые пиццы и полезные шоты на третьем этаже концепт-стора. Проект Ольги Карпуть с видом на Столешников переулок и Тверскую площадь. Концепция кухни — полезные блюда из сезонных продуктов. В меню есть позиции из рыбы, мяса, овощей и зелени, выращенных на собственной…","Столешников пер., 2",55.7619752,37.6119696,понедельник: 11:00–23:00; вторник: 11:00–23:00; среда: 11:00–23:00; четверг: 11:00–23:00; пятница: 11:00–23:00; суббота: 11:00–23:00; воскресенье: 11:00–23:00,"{""timezone"":""Europe/Moscow"",""weekly"":{""mon"":[{""from"":""11:00"",""to"":""23:00""}],""tue"":[{""from"":""11:00"",""to"":""23:00""}],""wed"":[{""from"":""11:00"",""to"":""23:00""}],""thu"":[{""from"":""11:00"",""to"":""23:00""}],""fri"":[{""from"":""11:00"",""to"":""23:00""}],""sat"":[{""from"":""11:00"",""to"":""23:00""}],""sun"":[{""from"":""11:00"",""to"":""23:00""}]}}",afisha,https://www.afisha.ru/msk/restaurant/km20-385754/,True,2026-05-24T07:50:40+00:00,2026-05-24T07:50:40+00:00
afisha-msk-fruits-veges-44899,Fruits & Veges,"Веганы, фалафель и кооператив «Черный» на «Артплее». Каши с фруктами, вегетарианский плов и фалафель вкусны, хотя произведениями кулинарного искусства их не назовешь. Здесь иногда и суп не успевают к обеду сварить. Другое дело, что Fruits & Veges — блестящий пример того, как…","Ниж.Сыромятническая, 10, стр. 12, центр дизайна Artplay",55.7526929,37.6687957,понедельник: 10:00–21:00; вторник: 10:00–21:00; среда: 10:00–21:00; четверг: 10:00–21:00; пятница: 10:00–21:00; суббота: 10:00–21:00; воскресенье: 10:00–21:00,"{""timezone"":""Europe/Moscow"",""weekly"":{""mon"":[{""from"":""10:00"",""to"":""21:00""}],""tue"":[{""from"":""10:00"",""to"":""21:00""}],""wed"":[{""from"":""10:00"",""to"":""21:00""}],""thu"":[{""from"":""10:00"",""to"":""21:00""}],""fri"":[{""from"":""10:00"",""to"":""21:00""}],""sat"":[{""from"":""10:00"",""to"":""21:00""}],""sun"":[{""from"":""10:00"",""to"":""21:00""}]}}",afisha,https://www.afisha.ru/msk/restaurant/fruits-veges-44899/,True,2026-05-24T07:50:40+00:00,2026-05-24T07:50:40+00:00
afisha-msk-maestrello-353417,Maestrello,"Римский фастфуд на Покровке. Итальянский фастфуд у Покровских ворот. Владельцы и идеологи — Джулия Маэстрелло и Фабио Брессана (также винный бар Wino), шеф-повар — Маттео Кастанья, ранее в России не работавший; в общем, у руля сплошные итальянцы. Главное блюдо — пинца, то есть…","Покровка, 16",55.7591439,37.6457643,понедельник: 11:00–23:00; вторник: 11:00–23:00; среда: 11:00–23:00; четверг: 11:00–23:00; пятница: 11:00–24:00; суббота: 11:00–24:00; воскресенье: 11:00–23:00,"{""timezone"":""Europe/Moscow"",""weekly"":{""mon"":[{""from"":""11:00"",""to"":""23:00""}],""tue"":[{""from"":""11:00"",""to"":""23:00""}],""wed"":[{""from"":""11:00"",""to"":""23:00""}],""thu"":[{""from"":""11:00"",""to"":""23:00""}],""fri"":[{""from"":""11:00"",""to"":""00:00"",""next_day"":true}],""sat"":[{""from"":""11:00"",""to"":""00:00"",""next_day"":true}],""sun"":[{""from"":""11:00"",""to"":""23:00""}]}}",afisha,https://www.afisha.ru/msk/restaurant/maestrello-353417/,True,2026-05-24T07:50:40+00:00,2026-05-24T07:50:40+00:00
afisha-msk-true-cost-nikuda-ne-edem-48805,True Cost Никуда не едем,"Бар Александра Кана и кухня Дмитрия Шуршакова в ресторане на Трехгорке. Кан и Шуршаков уже работали в рамках одного проекта — в «Чайке» пять лет назад. С тех пор их пути разошлись — Кан вырос в одного из самых заметных барменов Москвы, а Шуршаков слегка ушел в тень, работая не…","Рочдельская, 15, стр. 8, БЦ «Трехгорная мануфактура»",55.756928,37.564906,понедельник: 12:00–24:00; вторник: 12:00–24:00; среда: 12:00–24:00; четверг: 12:00–24:00; пятница: 12:00–05:00; суббота: 12:00–05:00; воскресенье: 12:00–24:00,"{""timezone"":""Europe/Moscow"",""weekly"":{""mon"":[{""from"":""12:00"",""to"":""00:00"",""next_day"":true}],""tue"":[{""from"":""12:00"",""to"":""00:00"",""next_day"":true}],""wed"":[{""from"":""12:00"",""to"":""00:00"",""next_day"":true}],""thu"":[{""from"":""12:00"",""to"":""00:00"",""next_day"":true}],""fri"":[{""from"":""12:00"",""to"":""05:00"",""next_day"":true}],""sat"":[{""from"":""12:00"",""to"":""05:00"",""next_day"":true}],""sun"":[{""from"":""12:00"",""to"":""00:00"",""next_day"":true}]}}",afisha,https://www.afisha.ru/msk/restaurant/true-cost-nikuda-ne-edem-48805/,True,2026-05-24T07:50:40+00:00,2026-05-24T07:50:40+00:00
afisha-msk-cutfish-218554,Cutfish,"Суши-бистро на Патриарших. Больше всего Cutfish напоминает токийский жанр бара-закусочной идзакайя — если дословно, то «магазин саке, где можно посидеть». В меню Cutfish два основных раздела: первый отдан под суши и роллы, причем наличие блюд зависит от поставки — привозят…","Б.Козихинский пер., 17",55.764106,37.5951229,понедельник: 12:00–24:00; вторник: 12:00–24:00; среда: 12:00–24:00; четверг: 12:00–24:00; пятница: 12:00–24:00; суббота: 12:00–24:00; воскресенье: 12:00–24:00,"{""timezone"":""Europe/Moscow"",""weekly"":{""mon"":[{""from"":""12:00"",""to"":""00:00"",""next_day"":true}],""tue"":[{""from"":""12:00"",""to"":""00:00"",""next_day"":true}],""wed"":[{""from"":""12:00"",""to"":""00:00"",""next_day"":true}],""thu"":[{""from"":""12:00"",""to"":""00:00"",""next_day"":true}],""fri"":[{""from"":""12:00"",""to"":""00:00"",""next_day"":true}],""sat"":[{""from"":""12:00"",""to"":""00:00"",""next_day"":true}],""sun"":[{""from"":""12:00"",""to"":""00:00"",""next_day"":true}]}}",afisha,https://www.afisha.ru/msk/restaurant/cutfish-218554/,True,2026-05-24T07:50:40+00:00,2026-05-24T07:50:40+00:00
afisha-msk-rico-44190,Rico Moscow,"Устрицы, мраморный рибай и пианино. Гастрономический салон Rico открыла Аруся Гукасян, придумавшая меню в «Теплице» в Нескучном саду и устроившая невероятное количество пирушек для Seasons Project. Места в Rico очень мало, поэтому надо обязательно бронировать столик. Меню нет,…","Ружейный пер., 6, стр. 1",55.7437713,37.5809551,понедельник: 11:00–23:00; вторник: 11:00–23:00; среда: 11:00–23:00; четверг: 11:00–23:00; пятница: 11:00–23:00; суббота: 11:00–23:00; воскресенье: 11:00–23:00,"{""timezone"":""Europe/Moscow"",""weekly"":{""mon"":[{""from"":""11:00"",""to"":""23:00""}],""tue"":[{""from"":""11:00"",""to"":""23:00""}],""wed"":[{""from"":""11:00"",""to"":""23:00""}],""thu"":[{""from"":""11:00"",""to"":""23:00""}],""fri"":[{""from"":""11:00"",""to"":""23:00""}],""sat"":[{""from"":""11:00"",""to"":""23:00""}],""sun"":[{""from"":""11:00"",""to"":""23:00""}]}}",afisha,https://www.afisha.ru/msk/restaurant/rico-44190/,True,2026-05-24T07:50:40+00:00,2026-05-24T07:50:40+00:00
afisha-msk-tehnikum-259792,Tehnikum,"Отважная кухня для начинающих. Самое решительно настроенное место в семействе White Rabbit: актуальное, сравнительно недорогое и уж точно не скучное гастробистро на Большой Дмитровке. Помимо ресторатора Бориса Зарькова и бренд-шефа Владимира Мухина в проекте принимал участие…","Б.Дмитровка, 7/5, стр. 2",55.7608196,37.6148045,понедельник: 09:00–24:00; вторник: 09:00–24:00; среда: 09:00–24:00; четверг: 09:00–24:00; пятница: 09:00–02:00; суббота: 09:00–02:00; воскресенье: 09:00–24:00,"{""timezone"":""Europe/Moscow"",""weekly"":{""mon"":[{""from"":""09:00"",""to"":""00:00"",""next_day"":true}],""tue"":[{""from"":""09:00"",""to"":""00:00"",""next_day"":true}],""wed"":[{""from"":""09:00"",""to"":""00:00"",""next_day"":true}],""thu"":[{""from"":""09:00"",""to"":""00:00"",""next_day"":true}],""fri"":[{""from"":""09:00"",""to"":""02:00"",""next_day"":true}],""sat"":[{""from"":""09:00"",""to"":""02:00"",""next_day"":true}],""sun"":[{""from"":""09:00"",""to"":""00:00"",""next_day"":true}]}}",afisha,https://www.afisha.ru/msk/restaurant/tehnikum-259792/,True,2026-05-24T07:50:40+00:00,2026-05-24T07:50:40+00:00
afisha-msk-twins-garden-386019,Twins Garden,"Две звезды Michelin на Страстном. Фермерские продукты, лаборатория, богатый винный лист и отличные коктейли — большой, красивый, абсолютно гастрономический проект, неоднократно попадавший в рейтинг The World’s 50 Best Restaurants и отмеченный двумя звездами гида Michelin (и еще…","Страстной б-р, 8а",55.76623,37.610796,понедельник: 12:00–24:00; вторник: 12:00–24:00; среда: 12:00–24:00; четверг: 12:00–24:00; пятница: 12:00–24:00; суббота: 12:00–24:00; воскресенье: 12:00–24:00,"{""timezone"":""Europe/Moscow"",""weekly"":{""mon"":[{""from"":""12:00"",""to"":""00:00"",""next_day"":true}],""tue"":[{""from"":""12:00"",""to"":""00:00"",""next_day"":true}],""wed"":[{""from"":""12:00"",""to"":""00:00"",""next_day"":true}],""thu"":[{""from"":""12:00"",""to"":""00:00"",""next_day"":true}],""fri"":[{""from"":""12:00"",""to"":""00:00"",""next_day"":true}],""sat"":[{""from"":""12:00"",""to"":""00:00"",""next_day"":true}],""sun"":[{""from"":""12:00"",""to"":""00:00"",""next_day"":true}]}}",afisha,https://www.afisha.ru/msk/restaurant/twins-garden-386019/,True,2026-05-24T07:50:40+00:00,2026-05-24T07:50:40+00:00
afisha-msk-oblomov-16671,Обломов,"Обломовщина в хорошем смысле. Дорогой, неторопливый, подчеркнуто традиционный ресторан. Многое готовится в русской печи, соленья делаются здесь же, и даже некоторые залетные благоглупости вроде рукколы с креветками не могут отрицать здешнюю паровую осетрину и чаепития по…","1-й Монетчиковский пер., 5",55.7322637,37.6282727,понедельник: 12:00–24:00; вторник: 12:00–24:00; среда: 12:00–24:00; четверг: 12:00–24:00; пятница: 12:00–24:00; суббота: 12:00–24:00; воскресенье: 12:00–24:00,"{""timezone"":""Europe/Moscow"",""weekly"":{""mon"":[{""from"":""12:00"",""to"":""00:00"",""next_day"":true}],""tue"":[{""from"":""12:00"",""to"":""00:00"",""next_day"":true}],""wed"":[{""from"":""12:00"",""to"":""00:00"",""next_day"":true}],""thu"":[{""from"":""12:00"",""to"":""00:00"",""next_day"":true}],""fri"":[{""from"":""12:00"",""to"":""00:00"",""next_day"":true}],""sat"":[{""from"":""12:00"",""to"":""00:00"",""next_day"":true}],""sun"":[{""from"":""12:00"",""to"":""00:00"",""next_day"":true}]}}",afisha,https://www.afisha.ru/msk/restaurant/oblomov-16671/,True,2026-05-24T07:50:40+00:00,2026-05-24T07:50:40+00:00
afisha-msk-ryba-moia-421793,Рыба моя,"Филиал рыбного царства от Владимира Перельмана. Все те же два культа, что и в первой «Рыбе» на Тверской: первый, всерьез, — культ качественных морепродуктов по нормальной, не вышибающей слезы цене, второй, в шутку, — самого Перельмана, чья задорная рыжая борода торчит здесь,…","Цветной б-р, 2, БЦ «Легенда Цветного»",55.7679536,37.6233644,понедельник: 12:00–24:00; вторник: 12:00–24:00; среда: 12:00–24:00; четверг: 12:00–24:00; пятница: 12:00–24:00; суббота: 12:00–24:00; воскресенье: 12:00–24:00,"{""timezone"":""Europe/Moscow"",""weekly"":{""mon"":[{""from"":""12:00"",""to"":""00:00"",""next_day"":true}],""tue"":[{""from"":""12:00"",""to"":""00:00"",""next_day"":true}],""wed"":[{""from"":""12:00"",""to"":""00:00"",""next_day"":true}],""thu"":[{""from"":""12:00"",""to"":""00:00"",""next_day"":true}],""fri"":[{""from"":""12:00"",""to"":""00:00"",""next_day"":true}],""sat"":[{""from"":""12:00"",""to"":""00:00"",""next_day"":true}],""sun"":[{""from"":""12:00"",""to"":""00:00"",""next_day"":true}]}}",afisha,https://www.afisha.ru/msk/restaurant/ryba-moia-421793/,True,2026-05-24T07:50:40+00:00,2026-05-24T07:50:40+00:00
afisha-msk-semifreddo-16592,Семифреддо,"Итальянский гранд-ресторан Нино Грациано. «Семифреддо» находится на территории делового квартала «Красная роза» — во дворе, по соседству с концерном «Калашников». Бренд-шеф Нино Грациано в свое время ради переезда в Москву закрыл собственное заведение на Сицилии, которое привел…","Тимура Фрунзе, 11, стр. 55",55.7350884,37.5867038,понедельник: 12:00–23:30; вторник: 12:00–23:30; среда: 12:00–23:30; четверг: 12:00–23:30; пятница: 12:00–23:30; суббота: 12:00–23:30; воскресенье: 12:00–23:30,"{""timezone"":""Europe/Moscow"",""weekly"":{""mon"":[{""from"":""12:00"",""to"":""23:30""}],""tue"":[{""from"":""12:00"",""to"":""23:30""}],""wed"":[{""from"":""12:00"",""to"":""23:30""}],""thu"":[{""from"":""12:00"",""to"":""23:30""}],""fri"":[{""from"":""12:00"",""to"":""23:30""}],""sat"":[{""from"":""12:00"",""to"":""23:30""}],""sun"":[{""from"":""12:00"",""to"":""23:30""}]}}",afisha,https://www.afisha.ru/msk/restaurant/semifreddo-16592/,True,2026-05-24T07:50:40+00:00,2026-05-24T07:50:40+00:00
afisha-msk-chaikovskii-32591,Чайковский,"Классическое кафе Аркадия Новикова и Ginza Project. Новиковский ресторан в цокольном этаже Московской государственной филармонии. В «Чайковском» два зала: первый — городское кафе с кондитерской витриной и окнами на Триумфальную, а второй — вокруг ротонды, с приватными зонами за…","Триумфальная пл., 4/31, в здании Концертного зала им. Чайковского",55.768829,37.5962199,понедельник: 10:00–24:00; вторник: 10:00–24:00; среда: 10:00–24:00; четверг: 10:00–24:00; пятница: 10:00–24:00; суббота: 10:00–24:00; воскресенье: 10:00–24:00,"{""timezone"":""Europe/Moscow"",""weekly"":{""mon"":[{""from"":""10:00"",""to"":""00:00"",""next_day"":true}],""tue"":[{""from"":""10:00"",""to"":""00:00"",""next_day"":true}],""wed"":[{""from"":""10:00"",""to"":""00:00"",""next_day"":true}],""thu"":[{""from"":""10:00"",""to"":""00:00"",""next_day"":true}],""fri"":[{""from"":""10:00"",""to"":""00:00"",""next_day"":true}],""sat"":[{""from"":""10:00"",""to"":""00:00"",""next_day"":true}],""sun"":[{""from"":""10:00"",""to"":""00:00"",""next_day"":true}]}}",afisha,https://www.afisha.ru/msk/restaurant/chaikovskii-32591/,True,2026-05-24T07:50:40+00:00,2026-05-24T07:50:40+00:00
afisha-msk-hong-kong-349230,Hong Kong,"Вафли, утки и лапша в небе над Сокольниками. Ресторан китайской кухни на 24-м этаже гостиницы Holiday Inn в Сокольниках. Должность шеф-повара занимает Дмитрий Шуршаков (также Seven, «Никуда не едем»), бар возглавляет Василий Жеглов (ранее «Китайская грамота», Black Thai,…","Русаковская, 24, гостиница Holiday Inn Moscow Sokolniki, 24 этажи",55.787932,37.680616,понедельник: 12:00–23:30; вторник: 12:00–23:30; среда: 12:00–23:30; четверг: 12:00–23:30; пятница: 12:00–23:30; суббота: 12:00–23:30; воскресенье: 12:00–23:30,"{""timezone"":""Europe/Moscow"",""weekly"":{""mon"":[{""from"":""12:00"",""to"":""23:30""}],""tue"":[{""from"":""12:00"",""to"":""23:30""}],""wed"":[{""from"":""12:00"",""to"":""23:30""}],""thu"":[{""from"":""12:00"",""to"":""23:30""}],""fri"":[{""from"":""12:00"",""to"":""23:30""}],""sat"":[{""from"":""12:00"",""to"":""23:30""}],""sun"":[{""from"":""12:00"",""to"":""23:30""}]}}",afisha,https://www.afisha.ru/msk/restaurant/hong-kong-349230/,True,2026-05-24T07:50:40+00:00,2026-05-24T07:50:40+00:00
afisha-msk-molon-lave-48558,Molon Lave,"Обстоятельные греки на Большой Грузинской. Ресторан греческой кухни Molon Lave открылся на Б.Грузинской в том же здании, что и кафе «Сайгон», окнами на Тишинскую площадь. Кухня вполне греческая по духу, но не очень похожа на еду из таверны. Суп авголемоно подается с отварным…","Б.Грузинская, 39",55.7705542,37.5810499,понедельник: 09:00–24:00; вторник: 09:00–24:00; среда: 09:00–24:00; четверг: 09:00–24:00; пятница: 09:00–24:00; суббота: 09:00–24:00; воскресенье: 09:00–24:00,"{""timezone"":""Europe/Moscow"",""weekly"":{""mon"":[{""from"":""09:00"",""to"":""00:00"",""next_day"":true}],""tue"":[{""from"":""09:00"",""to"":""00:00"",""next_day"":true}],""wed"":[{""from"":""09:00"",""to"":""00:00"",""next_day"":true}],""thu"":[{""from"":""09:00"",""to"":""00:00"",""next_day"":true}],""fri"":[{""from"":""09:00"",""to"":""00:00"",""next_day"":true}],""sat"":[{""from"":""09:00"",""to"":""00:00"",""next_day"":true}],""sun"":[{""from"":""09:00"",""to"":""00:00"",""next_day"":true}]}}",afisha,https://www.afisha.ru/msk/restaurant/molon-lave-48558/,True,2026-05-24T07:50:40+00:00,2026-05-24T07:50:40+00:00
afisha-msk-druzhba-23228,Дружба,"Главные чебуреки в городе. Место, обладающее не столько гастрономическим, сколько мемориальным значением. Сюда приезжают мужчины на роскошных автомобилях и с джипом охраны, чтобы хлопнуть законную соточку и запить ее чебурековым бульоном — и даже исправно отстаивают обязательную…","Панкратьевский пер., 2",55.7716534,37.6332578,понедельник: 09:00–21:00; вторник: 09:00–21:00; среда: 09:00–21:00; четверг: 09:00–21:00; пятница: 09:00–21:00; суббота: 09:00–21:00; воскресенье: 09:00–21:00,"{""timezone"":""Europe/Moscow"",""weekly"":{""mon"":[{""from"":""09:00"",""to"":""21:00""}],""tue"":[{""from"":""09:00"",""to"":""21:00""}],""wed"":[{""from"":""09:00"",""to"":""21:00""}],""thu"":[{""from"":""09:00"",""to"":""21:00""}],""fri"":[{""from"":""09:00"",""to"":""21:00""}],""sat"":[{""from"":""09:00"",""to"":""21:00""}],""sun"":[{""from"":""09:00"",""to"":""21:00""}]}}",afisha,https://www.afisha.ru/msk/restaurant/druzhba-23228/,True,2026-05-24T07:50:40+00:00,2026-05-24T07:50:40+00:00
afisha-msk-ierusalim-26774,Иерусалим,"Ресторан на крыше синагоги. Готовят здесь самые обычные блюда кавказской кухни, а также хумус и фалафель. Порции невелики, обслуживают неторопливо, но вид на обступающие синагогу тронутые временем дома искупает все. По субботам, естественно, закрыто.","Б.Бронная, 6, стр. 3",55.7602118,37.5980742,понедельник: 11:00–24:00; вторник: 11:00–24:00; среда: 11:00–24:00; четверг: 11:00–24:00; пятница: 11:00–14:00; воскресенье: 11:00–24:00,"{""timezone"":""Europe/Moscow"",""weekly"":{""mon"":[{""from"":""11:00"",""to"":""00:00"",""next_day"":true}],""tue"":[{""from"":""11:00"",""to"":""00:00"",""next_day"":true}],""wed"":[{""from"":""11:00"",""to"":""00:00"",""next_day"":true}],""thu"":[{""from"":""11:00"",""to"":""00:00"",""next_day"":true}],""fri"":[{""from"":""11:00"",""to"":""14:00""}],""sun"":[{""from"":""11:00"",""to"":""00:00"",""next_day"":true}]}}",afisha,https://www.afisha.ru/msk/restaurant/ierusalim-26774/,True,2026-05-24T07:50:40+00:00,2026-05-24T07:50:40+00:00
afisha-msk-moloko-35622,Молоко,"Самая большая кофейная карта на Большой Дмитровке. Молочная лавка на этом месте существовала еще при царе. Теперь на месте продуктового просторный и светлый бар, каких много в Европе. Сюда можно зайти днем на борщ и стопку водки или на пару коктейлей вечером. Завтраками тоже…","Б.Дмитровка, 7/5, стр. 5",55.760974,37.6137953,понедельник: 00:00–00:00; вторник: 00:00–00:00; среда: 00:00–00:00; четверг: 00:00–00:00; пятница: 00:00–00:00; суббота: 00:00–00:00; воскресенье: 00:00–00:00,"{""timezone"":""Europe/Moscow"",""weekly"":{""mon"":[{""from"":""00:00"",""to"":""00:00"",""next_day"":true}],""tue"":[{""from"":""00:00"",""to"":""00:00"",""next_day"":true}],""wed"":[{""from"":""00:00"",""to"":""00:00"",""next_day"":true}],""thu"":[{""from"":""00:00"",""to"":""00:00"",""next_day"":true}],""fri"":[{""from"":""00:00"",""to"":""00:00"",""next_day"":true}],""sat"":[{""from"":""00:00"",""to"":""00:00"",""next_day"":true}],""sun"":[{""from"":""00:00"",""to"":""00:00"",""next_day"":true}]}}",afisha,https://www.afisha.ru/msk/restaurant/moloko-35622/,True,2026-05-24T07:50:40+00:00,2026-05-24T07:50:40+00:00
afisha-msk-turandot-20223,Турандот,"Дворец, дим-самы и трельяжная терраса. Открывшийся в декабре 2005 года в особняке на Тверской «Турандот» строился больше шести лет — столько времени понадобилось, чтобы устранить последствия бесцеремонного обращения со зданием в немилосердном XX веке. Получилось хорошо: 12 залов…","Тверской б-р, 26, стр. 3",55.7629796,37.6044096,понедельник: 12:00–24:00; вторник: 12:00–24:00; среда: 12:00–24:00; четверг: 12:00–24:00; пятница: 12:00–24:00; суббота: 12:00–24:00; воскресенье: 12:00–24:00,"{""timezone"":""Europe/Moscow"",""weekly"":{""mon"":[{""from"":""12:00"",""to"":""00:00"",""next_day"":true}],""tue"":[{""from"":""12:00"",""to"":""00:00"",""next_day"":true}],""wed"":[{""from"":""12:00"",""to"":""00:00"",""next_day"":true}],""thu"":[{""from"":""12:00"",""to"":""00:00"",""next_day"":true}],""fri"":[{""from"":""12:00"",""to"":""00:00"",""next_day"":true}],""sat"":[{""from"":""12:00"",""to"":""00:00"",""next_day"":true}],""sun"":[{""from"":""12:00"",""to"":""00:00"",""next_day"":true}]}}",afisha,https://www.afisha.ru/msk/restaurant/turandot-20223/,True,2026-05-24T07:50:40+00:00,2026-05-24T07:50:40+00:00
afisha-msk-dizengof-99-409047,Dizengof 99,"Фалафель, израильский завтрак и шакшука. Все стандарты, какие должны быть в любой закусочной ближневосточного стиля: фалафель, шакшука, хумус. Следует обратить внимание на израильский завтрак — он включает яичницу из двух яиц (яйца могут приготовить как угодно), корзину хорошо…","Покровский б-р, 8, стр. 1",55.757286,37.646533,понедельник: 10:00–23:00; вторник: 10:00–23:00; среда: 10:00–23:00; четверг: 10:00–23:00; пятница: 10:00–24:00; суббота: 10:00–24:00; воскресенье: 10:00–23:00,"{""timezone"":""Europe/Moscow"",""weekly"":{""mon"":[{""from"":""10:00"",""to"":""23:00""}],""tue"":[{""from"":""10:00"",""to"":""23:00""}],""wed"":[{""from"":""10:00"",""to"":""23:00""}],""thu"":[{""from"":""10:00"",""to"":""23:00""}],""fri"":[{""from"":""10:00"",""to"":""00:00"",""next_day"":true}],""sat"":[{""from"":""10:00"",""to"":""00:00"",""next_day"":true}],""sun"":[{""from"":""10:00"",""to"":""23:00""}]}}",afisha,https://www.afisha.ru/msk/restaurant/dizengof-99-409047/,True,2026-05-24T07:50:40+00:00,2026-05-24T07:50:40+00:00
afisha-msk-laffa-laffa-48564,Laffa Laffa,"Ливанско-сирийское кафе с шаурмой. Заведение традиционного ближневосточного стритфуда, работающее в двух шагах от синагоги и Театра на Малой Бронной. Лаффа — это тонкая лепешка, которую в Израиле и Ливане пекут на каждом углу, заворачивают в нее мясо, овощи и фалафель, да и…","М.Бронная, 4",55.759559,37.5974689,понедельник: 11:00–23:00; вторник: 11:00–23:00; среда: 11:00–23:00; четверг: 11:00–23:00; пятница: 11:00–23:00; суббота: 11:00–23:00; воскресенье: 11:00–23:00,"{""timezone"":""Europe/Moscow"",""weekly"":{""mon"":[{""from"":""11:00"",""to"":""23:00""}],""tue"":[{""from"":""11:00"",""to"":""23:00""}],""wed"":[{""from"":""11:00"",""to"":""23:00""}],""thu"":[{""from"":""11:00"",""to"":""23:00""}],""fri"":[{""from"":""11:00"",""to"":""23:00""}],""sat"":[{""from"":""11:00"",""to"":""23:00""}],""sun"":[{""from"":""11:00"",""to"":""23:00""}]}}",afisha,https://www.afisha.ru/msk/restaurant/laffa-laffa-48564/,True,2026-05-24T07:50:40+00:00,2026-05-24T07:50:40+00:00
afisha-msk-ugolek-44508,Ugolek,"Грандиозное заведение Ильи Тютенкова с американскими печами. Главная примета несколько брутального ресторана — древние американские печи. В них томят, тушат и пекут мясо и мозговые косточки: «Грубая пища для интеллигентных людей», — говорится в меню. Еда впечатляет — от тартара…","Б.Никитская, 12",55.7564768,37.6066733,понедельник: 09:00–24:00; вторник: 09:00–24:00; среда: 09:00–24:00; четверг: 09:00–24:00; пятница: 09:00–02:00; суббота: 09:00–02:00; воскресенье: 09:00–24:00,"{""timezone"":""Europe/Moscow"",""weekly"":{""mon"":[{""from"":""09:00"",""to"":""00:00"",""next_day"":true}],""tue"":[{""from"":""09:00"",""to"":""00:00"",""next_day"":true}],""wed"":[{""from"":""09:00"",""to"":""00:00"",""next_day"":true}],""thu"":[{""from"":""09:00"",""to"":""00:00"",""next_day"":true}],""fri"":[{""from"":""09:00"",""to"":""02:00"",""next_day"":true}],""sat"":[{""from"":""09:00"",""to"":""02:00"",""next_day"":true}],""sun"":[{""from"":""09:00"",""to"":""00:00"",""next_day"":true}]}}",afisha,https://www.afisha.ru/msk/restaurant/ugolek-44508/,True,2026-05-24T07:50:40+00:00,2026-05-24T07:50:40+00:00
afisha-msk-chikho-349989,Чихо,"Китайская лапша и другие удовольствия. Китайское кафе в Кривоколенном переулке. Кухню возглавляет китайский шеф из провинции Харбин Цзинь Фучунь, а за идеологию - Анна Акулич. В меню — блюда с рисовой лапшой, с рисом, удоном, гречневой лапшой соба и стеклянной лапшой из бобов.…","Мясницкая, 13, стр. 20",55.7631161,37.6337372,понедельник: 11:00–23:00; вторник: 11:00–23:00; среда: 11:00–23:00; четверг: 11:00–23:00; пятница: 11:00–24:00; суббота: 12:00–24:00; воскресенье: 12:00–23:00,"{""timezone"":""Europe/Moscow"",""weekly"":{""mon"":[{""from"":""11:00"",""to"":""23:00""}],""tue"":[{""from"":""11:00"",""to"":""23:00""}],""wed"":[{""from"":""11:00"",""to"":""23:00""}],""thu"":[{""from"":""11:00"",""to"":""23:00""}],""fri"":[{""from"":""11:00"",""to"":""00:00"",""next_day"":true}],""sat"":[{""from"":""12:00"",""to"":""00:00"",""next_day"":true}],""sun"":[{""from"":""12:00"",""to"":""23:00""}]}}",afisha,https://www.afisha.ru/msk/restaurant/chikho-349989/,True,2026-05-24T07:50:40+00:00,2026-05-24T07:50:40+00:00
afisha-msk-bambule-421874,Bambule,"Бар с биодинамическими винами, джином, ромом и кальвадосом","Солянка, 1/2",55.7541537,37.6379625,понедельник: 08:00–24:00; вторник: 08:00–24:00; среда: 08:00–24:00; четверг: 08:00–24:00; пятница: 08:00–06:00; суббота: 08:00–06:00; воскресенье: 08:00–24:00,"{""timezone"":""Europe/Moscow"",""weekly"":{""mon"":[{""from"":""08:00"",""to"":""00:00"",""next_day"":true}],""tue"":[{""from"":""08:00"",""to"":""00:00"",""next_day"":true}],""wed"":[{""from"":""08:00"",""to"":""00:00"",""next_day"":true}],""thu"":[{""from"":""08:00"",""to"":""00:00"",""next_day"":true}],""fri"":[{""from"":""08:00"",""to"":""06:00"",""next_day"":true}],""sat"":[{""from"":""08:00"",""to"":""06:00"",""next_day"":true}],""sun"":[{""from"":""08:00"",""to"":""00:00"",""next_day"":true}]}}",afisha,https://www.afisha.ru/msk/restaurant/bambule-421874/,True,2026-05-24T07:50:40+00:00,2026-05-24T07:50:40+00:00
afisha-msk-mandys-apothecary-irish-pub-218824,Mandy's Apothecary,"Бар-аптека на Кузнецком Мосту. Бар, сфокусированный на алкогольных вечных ценностях — пиве и виски; по крепким напиткам при этом уклон идет в ирландскую тематику. Кроме общепринятого набора брендов есть также резервные, десятилетние сорта, односолодовые виски и редкие марки, чьи…","Кузнецкий Мост, 19, стр. 1",55.762482,37.625862,понедельник: 12:00–24:00; вторник: 12:00–24:00; среда: 12:00–24:00; четверг: 12:00–24:00; пятница: 12:00–03:00; суббота: 12:00–03:00; воскресенье: 12:00–03:00,"{""timezone"":""Europe/Moscow"",""weekly"":{""mon"":[{""from"":""12:00"",""to"":""00:00"",""next_day"":true}],""tue"":[{""from"":""12:00"",""to"":""00:00"",""next_day"":true}],""wed"":[{""from"":""12:00"",""to"":""00:00"",""next_day"":true}],""thu"":[{""from"":""12:00"",""to"":""00:00"",""next_day"":true}],""fri"":[{""from"":""12:00"",""to"":""03:00"",""next_day"":true}],""sat"":[{""from"":""12:00"",""to"":""03:00"",""next_day"":true}],""sun"":[{""from"":""12:00"",""to"":""03:00"",""next_day"":true}]}}",afisha,https://www.afisha.ru/msk/restaurant/mandys-apothecary-irish-pub-218824/,True,2026-05-24T07:50:40+00:00,2026-05-24T07:50:40+00:00
afisha-msk-pizza-22-cm-442043,Pizza 22 cm,"Пиццерия с петербургскими корнями на Солянке. Пиццерия в здании бывшей соляной биржи, на углу Солянки и улицы Забелина. Сочетает лаконичный неаполитанский стиль с оправданной креативностью, плюс к тому некоторое количество Паназии. Надо заказывать «Кремлевскую звезду» с…","Солянка, 1/2",55.7540329,37.6375548,понедельник: 12:00–23:00; вторник: 12:00–23:00; среда: 12:00–23:00; четверг: 12:00–23:00; пятница: 12:00–23:30; суббота: 12:00–23:30; воскресенье: 12:00–23:00,"{""timezone"":""Europe/Moscow"",""weekly"":{""mon"":[{""from"":""12:00"",""to"":""23:00""}],""tue"":[{""from"":""12:00"",""to"":""23:00""}],""wed"":[{""from"":""12:00"",""to"":""23:00""}],""thu"":[{""from"":""12:00"",""to"":""23:00""}],""fri"":[{""from"":""12:00"",""to"":""23:30""}],""sat"":[{""from"":""12:00"",""to"":""23:30""}],""sun"":[{""from"":""12:00"",""to"":""23:00""}]}}",afisha,https://www.afisha.ru/msk/restaurant/pizza-22-cm-442043/,True,2026-05-24T07:50:40+00:00,2026-05-24T07:50:40+00:00
afisha-msk-gayanes-34654,Gayane's,"Спас и хаш спешат на помощь. Армянский ресторан, открытый силами Гаяне Бреиовой, ресторатора, ответственного за остерию La Scaletta и бар «На лестнице». Ресторан занимает два этажа, первый оформлен «под армянскую деревню», второй побуржуазнее, с камином и восточными диванами. В…","2-й Смоленский пер., 1/4",55.7470248,37.5818145,понедельник: 12:00–24:00; вторник: 12:00–24:00; среда: 12:00–24:00; четверг: 12:00–24:00; пятница: 12:00–24:00; суббота: 12:00–24:00; воскресенье: 12:00–24:00,"{""timezone"":""Europe/Moscow"",""weekly"":{""mon"":[{""from"":""12:00"",""to"":""00:00"",""next_day"":true}],""tue"":[{""from"":""12:00"",""to"":""00:00"",""next_day"":true}],""wed"":[{""from"":""12:00"",""to"":""00:00"",""next_day"":true}],""thu"":[{""from"":""12:00"",""to"":""00:00"",""next_day"":true}],""fri"":[{""from"":""12:00"",""to"":""00:00"",""next_day"":true}],""sat"":[{""from"":""12:00"",""to"":""00:00"",""next_day"":true}],""sun"":[{""from"":""12:00"",""to"":""00:00"",""next_day"":true}]}}",afisha,https://www.afisha.ru/msk/restaurant/gayanes-34654/,True,2026-05-24T07:50:40+00:00,2026-05-24T07:50:40+00:00
afisha-msk-probka-na-tsvetnom-35781,Probka на Цветном,Отличная итальянская кухня от петербургской звезды Арама Мнацаканова. «Пробка на Цветном» — первый московский проект петербургского ресторатора Арама Мнацаканова. Заведение располагается в цокольном этаже бизнес-центра «Легенда» и предлагает образцовую (хотя и недешевую)…,"Цветной б-р, 2, БЦ «Легенда Цветного»",55.7680087,37.6234834,понедельник: 09:00–00:30; вторник: 09:00–00:30; среда: 09:00–00:30; четверг: 09:00–00:30; пятница: 09:00–00:30; суббота: 10:00–00:30; воскресенье: 10:00–00:30,"{""timezone"":""Europe/Moscow"",""weekly"":{""mon"":[{""from"":""09:00"",""to"":""00:30"",""next_day"":true}],""tue"":[{""from"":""09:00"",""to"":""00:30"",""next_day"":true}],""wed"":[{""from"":""09:00"",""to"":""00:30"",""next_day"":true}],""thu"":[{""from"":""09:00"",""to"":""00:30"",""next_day"":true}],""fri"":[{""from"":""09:00"",""to"":""00:30"",""next_day"":true}],""sat"":[{""from"":""10:00"",""to"":""00:30"",""next_day"":true}],""sun"":[{""from"":""10:00"",""to"":""00:30"",""next_day"":true}]}}",afisha,https://www.afisha.ru/msk/restaurant/probka-na-tsvetnom-35781/,True,2026-05-24T07:50:40+00:00,2026-05-24T07:50:40+00:00
afisha-msk-ottepel-218807,Оттепель,"Ресторан с верандами на ВДНХ. Ресторан в любовно отреставрированном павильоне «Шелководство», построенном еще до войны, работает с мая 2016 года. В заведении два небольших зала, летом к ним добавляются две большие веранды; вокруг парк, а совсем неподалеку Зеленый театр. Кухня…","просп. Мира, 119, стр. 311, ВДНХ",55.831372,37.618961,понедельник: 11:00–23:00; вторник: 11:00–23:00; среда: 11:00–23:00; четверг: 11:00–23:00; пятница: 11:00–23:00; суббота: 11:00–23:00; воскресенье: 11:00–23:00,"{""timezone"":""Europe/Moscow"",""weekly"":{""mon"":[{""from"":""11:00"",""to"":""23:00""}],""tue"":[{""from"":""11:00"",""to"":""23:00""}],""wed"":[{""from"":""11:00"",""to"":""23:00""}],""thu"":[{""from"":""11:00"",""to"":""23:00""}],""fri"":[{""from"":""11:00"",""to"":""23:00""}],""sat"":[{""from"":""11:00"",""to"":""23:00""}],""sun"":[{""from"":""11:00"",""to"":""23:00""}]}}",afisha,https://www.afisha.ru/msk/restaurant/ottepel-218807/,True,2026-05-24T07:50:40+00:00,2026-05-24T07:50:40+00:00
afisha-msk-farsh-61072,Farsh,Отличная сетевая бургерная Аркадия Новикова,"Никольская, 12, гостиница The St. Regis Moscow Nikolskaya, 1 этаж",55.7587968,37.6253322,понедельник: 10:00–24:00; вторник: 10:00–24:00; среда: 10:00–24:00; четверг: 10:00–24:00; пятница: 10:00–24:00; суббота: 10:00–24:00; воскресенье: 10:00–24:00,"{""timezone"":""Europe/Moscow"",""weekly"":{""mon"":[{""from"":""10:00"",""to"":""00:00"",""next_day"":true}],""tue"":[{""from"":""10:00"",""to"":""00:00"",""next_day"":true}],""wed"":[{""from"":""10:00"",""to"":""00:00"",""next_day"":true}],""thu"":[{""from"":""10:00"",""to"":""00:00"",""next_day"":true}],""fri"":[{""from"":""10:00"",""to"":""00:00"",""next_day"":true}],""sat"":[{""from"":""10:00"",""to"":""00:00"",""next_day"":true}],""sun"":[{""from"":""10:00"",""to"":""00:00"",""next_day"":true}]}}",afisha,https://www.afisha.ru/msk/restaurant/farsh-61072/,True,2026-05-24T07:50:40+00:00,2026-05-24T07:50:40+00:00
afisha-msk-katie-osheas-28973,Katie O'Shea's,"Настоящий ирландский бар на проспекте Мира. Важнейшее место для московской ирландской общины — ирландский завтрак, ирландское пиво и посольство Ирландии через два дома. Открыл его Стив Конуэй, тоже ирландец.","просп. Мира, 26, стр. 5",55.7772943,37.6344019,понедельник: 12:00–24:00; вторник: 12:00–24:00; среда: 12:00–24:00; четверг: 12:00–24:00; пятница: 12:00–03:30; суббота: 12:00–02:00; воскресенье: 12:00–24:00,"{""timezone"":""Europe/Moscow"",""weekly"":{""mon"":[{""from"":""12:00"",""to"":""00:00"",""next_day"":true}],""tue"":[{""from"":""12:00"",""to"":""00:00"",""next_day"":true}],""wed"":[{""from"":""12:00"",""to"":""00:00"",""next_day"":true}],""thu"":[{""from"":""12:00"",""to"":""00:00"",""next_day"":true}],""fri"":[{""from"":""12:00"",""to"":""03:30"",""next_day"":true}],""sat"":[{""from"":""12:00"",""to"":""02:00"",""next_day"":true}],""sun"":[{""from"":""12:00"",""to"":""00:00"",""next_day"":true}]}}",afisha,https://www.afisha.ru/msk/restaurant/katie-osheas-28973/,True,2026-05-24T07:50:40+00:00,2026-05-24T07:50:40+00:00
afisha-msk-meat-me-174609,Meat Me,"Много разной питы на Шаболовке. Кафе родом из Ярославля — там уже два пита-бара — теперь работает в Москве. Главное блюдо здесь — пита с разными начинками на греческий, турецкий или израильский манер. Консультировали Meat Me повара из Греции, Турции и Израиля.","Шаболовка, 29, корп. 2",55.7216309,37.6106534,понедельник: 08:00–22:00; вторник: 08:00–22:00; среда: 08:00–22:00; четверг: 08:00–22:00; пятница: 08:00–22:00; суббота: 11:00–22:00; воскресенье: 11:00–22:00,"{""timezone"":""Europe/Moscow"",""weekly"":{""mon"":[{""from"":""08:00"",""to"":""22:00""}],""tue"":[{""from"":""08:00"",""to"":""22:00""}],""wed"":[{""from"":""08:00"",""to"":""22:00""}],""thu"":[{""from"":""08:00"",""to"":""22:00""}],""fri"":[{""from"":""08:00"",""to"":""22:00""}],""sat"":[{""from"":""11:00"",""to"":""22:00""}],""sun"":[{""from"":""11:00"",""to"":""22:00""}]}}",afisha,https://www.afisha.ru/msk/restaurant/meat-me-174609/,True,2026-05-24T07:50:40+00:00,2026-05-24T07:50:40+00:00
afisha-msk-sean-oneill-312225,Sean O'Neill,"Ирландский паб посреди Кузнецкого Моста. Зеленое сукно, приватные полукабинеты с деревянными столами, традиционное для британских пабов меню с национальной едой и пивом. Публика — смешанная. Тут и очевидные поклонники пива и пивной еды, и туристы, зашедшие после прогулок по…","Кузнецкий Мост, 11, cтр. 1",55.7621133,37.6220609,понедельник: 12:00–24:00; вторник: 12:00–01:00; среда: 12:00–01:00; четверг: 12:00–01:00; пятница: 12:00–03:00; суббота: 12:00–03:00; воскресенье: 12:00–24:00,"{""timezone"":""Europe/Moscow"",""weekly"":{""mon"":[{""from"":""12:00"",""to"":""00:00"",""next_day"":true}],""tue"":[{""from"":""12:00"",""to"":""01:00"",""next_day"":true}],""wed"":[{""from"":""12:00"",""to"":""01:00"",""next_day"":true}],""thu"":[{""from"":""12:00"",""to"":""01:00"",""next_day"":true}],""fri"":[{""from"":""12:00"",""to"":""03:00"",""next_day"":true}],""sat"":[{""from"":""12:00"",""to"":""03:00"",""next_day"":true}],""sun"":[{""from"":""12:00"",""to"":""00:00"",""next_day"":true}]}}",afisha,https://www.afisha.ru/msk/restaurant/sean-oneill-312225/,True,2026-05-24T07:50:40+00:00,2026-05-24T07:50:40+00:00
afisha-msk-steak-it-easy-350330,Steak It Easy,"Стейки, бургеры и вино на Белорусской","Лесная, 9, БЦ «Белые сады»",55.779049,37.588602,понедельник: 11:00–24:00; вторник: 11:00–24:00; среда: 11:00–24:00; четверг: 11:00–24:00; пятница: 11:00–06:00; суббота: 11:00–06:00; воскресенье: 11:00–24:00,"{""timezone"":""Europe/Moscow"",""weekly"":{""mon"":[{""from"":""11:00"",""to"":""00:00"",""next_day"":true}],""tue"":[{""from"":""11:00"",""to"":""00:00"",""next_day"":true}],""wed"":[{""from"":""11:00"",""to"":""00:00"",""next_day"":true}],""thu"":[{""from"":""11:00"",""to"":""00:00"",""next_day"":true}],""fri"":[{""from"":""11:00"",""to"":""06:00"",""next_day"":true}],""sat"":[{""from"":""11:00"",""to"":""06:00"",""next_day"":true}],""sun"":[{""from"":""11:00"",""to"":""00:00"",""next_day"":true}]}}",afisha,https://www.afisha.ru/msk/restaurant/steak-it-easy-350330/,True,2026-05-24T07:50:40+00:00,2026-05-24T07:50:40+00:00
afisha-msk-tap-barrel-pub-48411,Tap & Barrel Pub,"Ирландский паб на месте исторической московской пивной. В советское время под этими кирпичными сводами бушевала знаменитая «Яма» — с пивными автоматами и высокими столами. Теперь здесь дружелюбно выпивают обрусевшие экспаты, по выходным играют рок-н-ролл, а также показывают…","Б.Дмитровка, 13",55.7623456,37.6133797,понедельник: 12:00–24:00; вторник: 12:00–24:00; среда: 12:00–24:00; четверг: 12:00–24:00; пятница: 12:00–06:00; суббота: 12:00–06:00; воскресенье: 12:00–24:00,"{""timezone"":""Europe/Moscow"",""weekly"":{""mon"":[{""from"":""12:00"",""to"":""00:00"",""next_day"":true}],""tue"":[{""from"":""12:00"",""to"":""00:00"",""next_day"":true}],""wed"":[{""from"":""12:00"",""to"":""00:00"",""next_day"":true}],""thu"":[{""from"":""12:00"",""to"":""00:00"",""next_day"":true}],""fri"":[{""from"":""12:00"",""to"":""06:00"",""next_day"":true}],""sat"":[{""from"":""12:00"",""to"":""06:00"",""next_day"":true}],""sun"":[{""from"":""12:00"",""to"":""00:00"",""next_day"":true}]}}",afisha,https://www.afisha.ru/msk/restaurant/tap-barrel-pub-48411/,True,2026-05-24T07:50:40+00:00,2026-05-24T07:50:40+00:00
afisha-msk-the-tipsy-pub-139409,The Tipsy Pub,"Крепкий ирландский паб на «Новослободской». В пабе около 170 посадочных мест и два этажа. На первом располагается крошечная пивная, вмещающая всего человек тридцать, зато в полуподвале места больше раз в пять — однако все пространство разбито на уголки и закоулки, и такая…","Сущевская, 9",55.7805837,37.6016469,понедельник: 12:00–24:00; вторник: 12:00–24:00; среда: 12:00–24:00; четверг: 12:00–24:00; пятница: 12:00–02:00; суббота: 12:00–02:00; воскресенье: 12:00–24:00,"{""timezone"":""Europe/Moscow"",""weekly"":{""mon"":[{""from"":""12:00"",""to"":""00:00"",""next_day"":true}],""tue"":[{""from"":""12:00"",""to"":""00:00"",""next_day"":true}],""wed"":[{""from"":""12:00"",""to"":""00:00"",""next_day"":true}],""thu"":[{""from"":""12:00"",""to"":""00:00"",""next_day"":true}],""fri"":[{""from"":""12:00"",""to"":""02:00"",""next_day"":true}],""sat"":[{""from"":""12:00"",""to"":""02:00"",""next_day"":true}],""sun"":[{""from"":""12:00"",""to"":""00:00"",""next_day"":true}]}}",afisha,https://www.afisha.ru/msk/restaurant/the-tipsy-pub-139409/,True,2026-05-24T07:50:40+00:00,2026-05-24T07:50:40+00:00
afisha-msk-tilda-food-bar-375104,Tilda Food & Bar,,"Б.Палашевский пер., 14/7, стр. 1",55.7644696,37.6009427,понедельник: 11:00–24:00; вторник: 11:00–24:00; среда: 11:00–24:00; четверг: 11:00–24:00; пятница: 11:00–01:00; суббота: 10:00–01:00; воскресенье: 10:00–24:00,"{""timezone"":""Europe/Moscow"",""weekly"":{""mon"":[{""from"":""11:00"",""to"":""00:00"",""next_day"":true}],""tue"":[{""from"":""11:00"",""to"":""00:00"",""next_day"":true}],""wed"":[{""from"":""11:00"",""to"":""00:00"",""next_day"":true}],""thu"":[{""from"":""11:00"",""to"":""00:00"",""next_day"":true}],""fri"":[{""from"":""11:00"",""to"":""01:00"",""next_day"":true}],""sat"":[{""from"":""10:00"",""to"":""01:00"",""next_day"":true}],""sun"":[{""from"":""10:00"",""to"":""00:00"",""next_day"":true}]}}",afisha,https://www.afisha.ru/msk/restaurant/tilda-food-bar-375104/,True,2026-05-24T07:50:40+00:00,2026-05-24T07:50:40+00:00
afisha-msk-vinnyi-bazar-na-nikitskom-259757,Винный базар на Никитском,"Вина со всего света и закуски к нему. «Винный базар» сделали те же люди, что и «Винный рынок» на Комсомольском проспекте, то есть винный энтузиаст Евгения Качалова и ее команда. В коллекции бара более 200 наименований вин всех категорий, в том числе из таких неожиданных для…","Никитский б-р, 12",55.7561298,37.599985,понедельник: 13:00–01:00; вторник: 13:00–01:00; среда: 13:00–01:00; четверг: 13:00–01:00; пятница: 13:00–02:00; суббота: 13:00–02:00; воскресенье: 13:00–01:00,"{""timezone"":""Europe/Moscow"",""weekly"":{""mon"":[{""from"":""13:00"",""to"":""01:00"",""next_day"":true}],""tue"":[{""from"":""13:00"",""to"":""01:00"",""next_day"":true}],""wed"":[{""from"":""13:00"",""to"":""01:00"",""next_day"":true}],""thu"":[{""from"":""13:00"",""to"":""01:00"",""next_day"":true}],""fri"":[{""from"":""13:00"",""to"":""02:00"",""next_day"":true}],""sat"":[{""from"":""13:00"",""to"":""02:00"",""next_day"":true}],""sun"":[{""from"":""13:00"",""to"":""01:00"",""next_day"":true}]}}",afisha,https://www.afisha.ru/msk/restaurant/vinnyi-bazar-na-nikitskom-259757/,True,2026-05-24T07:50:40+00:00,2026-05-24T07:50:40+00:00
afisha-msk-klevo-348804,Клево Петровка,"Рыбный ресторан Новикова на Петровке. Ресторан Аркадия Новикова на месте легендарной, многие годы проработавшей «Галереи» и почти мгновенно скончавшегося греческого «Семирамиса» (а также прямо через дорогу напротив оторопевшего от такой наглости La marée). Сначала его долго…","Петровка, 27",55.7677789,37.6135224,понедельник: 12:00–24:00; вторник: 12:00–24:00; среда: 12:00–24:00; четверг: 12:00–24:00; пятница: 12:00–24:00; суббота: 12:00–24:00; воскресенье: 12:00–24:00,"{""timezone"":""Europe/Moscow"",""weekly"":{""mon"":[{""from"":""12:00"",""to"":""00:00"",""next_day"":true}],""tue"":[{""from"":""12:00"",""to"":""00:00"",""next_day"":true}],""wed"":[{""from"":""12:00"",""to"":""00:00"",""next_day"":true}],""thu"":[{""from"":""12:00"",""to"":""00:00"",""next_day"":true}],""fri"":[{""from"":""12:00"",""to"":""00:00"",""next_day"":true}],""sat"":[{""from"":""12:00"",""to"":""00:00"",""next_day"":true}],""sun"":[{""from"":""12:00"",""to"":""00:00"",""next_day"":true}]}}",afisha,https://www.afisha.ru/msk/restaurant/klevo-348804/,True,2026-05-24T07:50:40+00:00,2026-05-24T07:50:40+00:00
afisha-msk-konor-mak-nessa-32750,Конор Мак Несса,"Ирландский паб на Профсоюзной. Скромных достоинств ирландский паб, играющий большую роль в жизни обитателей Нахимовского проспекта. Чуть ли не единственное заведение района с осмысленной концепцией и сложившейся аудиторией. По пятницам тут не протолкнуться — концерты и…","Нахимовский просп., 67",55.6807941,37.5569357,понедельник: 12:00–01:00; вторник: 12:00–01:00; среда: 12:00–01:00; четверг: 12:00–01:00; пятница: 12:00–03:00; суббота: 12:00–03:00; воскресенье: 12:00–01:00,"{""timezone"":""Europe/Moscow"",""weekly"":{""mon"":[{""from"":""12:00"",""to"":""01:00"",""next_day"":true}],""tue"":[{""from"":""12:00"",""to"":""01:00"",""next_day"":true}],""wed"":[{""from"":""12:00"",""to"":""01:00"",""next_day"":true}],""thu"":[{""from"":""12:00"",""to"":""01:00"",""next_day"":true}],""fri"":[{""from"":""12:00"",""to"":""03:00"",""next_day"":true}],""sat"":[{""from"":""12:00"",""to"":""03:00"",""next_day"":true}],""sun"":[{""from"":""12:00"",""to"":""01:00"",""next_day"":true}]}}",afisha,https://www.afisha.ru/msk/restaurant/konor-mak-nessa-32750/,True,2026-05-24T07:50:40+00:00,2026-05-24T07:50:40+00:00
afisha-msk-taras-bulba-30679,Корчма,"Борщ, сало и наливки на Моховой","Моховая, 8, стр. 1",55.7506357,37.6101387,понедельник: 09:00–24:00; вторник: 09:00–24:00; среда: 09:00–24:00; четверг: 09:00–24:00; пятница: 09:00–02:00; суббота: 09:00–02:00; воскресенье: 09:00–24:00,"{""timezone"":""Europe/Moscow"",""weekly"":{""mon"":[{""from"":""09:00"",""to"":""00:00"",""next_day"":true}],""tue"":[{""from"":""09:00"",""to"":""00:00"",""next_day"":true}],""wed"":[{""from"":""09:00"",""to"":""00:00"",""next_day"":true}],""thu"":[{""from"":""09:00"",""to"":""00:00"",""next_day"":true}],""fri"":[{""from"":""09:00"",""to"":""02:00"",""next_day"":true}],""sat"":[{""from"":""09:00"",""to"":""02:00"",""next_day"":true}],""sun"":[{""from"":""09:00"",""to"":""00:00"",""next_day"":true}]}}",afisha,https://www.afisha.ru/msk/restaurant/taras-bulba-30679/,True,2026-05-24T07:50:40+00:00,2026-05-24T07:50:40+00:00
afisha-msk-odzhakhuri-151381,Оджахури,"Грузинский ресторан в подмосковном стиле — с «Цезарем» и шашлыком. Прошлогодний бум грузинской кухни вроде прошел, однако рестораны продолжают открываться. Из последнего — «Оджахури» на Садовой-Черногрязской, неподалеку от кинотеатра «35ММ». Это сетевая концепция, прежде…","Садовая-Черногрязская, 22, стр.1",55.764196,37.65473,понедельник: 12:00–24:00; вторник: 12:00–24:00; среда: 12:00–24:00; четверг: 12:00–24:00; пятница: 12:00–02:00; суббота: 12:00–02:00; воскресенье: 12:00–24:00,"{""timezone"":""Europe/Moscow"",""weekly"":{""mon"":[{""from"":""12:00"",""to"":""00:00"",""next_day"":true}],""tue"":[{""from"":""12:00"",""to"":""00:00"",""next_day"":true}],""wed"":[{""from"":""12:00"",""to"":""00:00"",""next_day"":true}],""thu"":[{""from"":""12:00"",""to"":""00:00"",""next_day"":true}],""fri"":[{""from"":""12:00"",""to"":""02:00"",""next_day"":true}],""sat"":[{""from"":""12:00"",""to"":""02:00"",""next_day"":true}],""sun"":[{""from"":""12:00"",""to"":""00:00"",""next_day"":true}]}}",afisha,https://www.afisha.ru/msk/restaurant/odzhakhuri-151381/,True,2026-05-24T07:50:40+00:00,2026-05-24T07:50:40+00:00
afisha-msk-starik-i-more-458978,Старик и море,"Устрицы и кимчи на Чистых Прудах. Проект Евгения Каценельсона, владельца «Братьев Караваевых», «Рынка и общепита» и «Изя Гриля». Кухню возглавляет вечный бренд-шеф Каценельсона, француз Мишель Эван. Дизайн вдохновлен американской оккупацией Южной Кореи и Японии — как будто на…","Чистопрудный б-р, 12а, стр. 1",55.7604298,37.6436184,понедельник: 11:00–23:00; вторник: 11:00–23:00; среда: 11:00–23:00; четверг: 11:00–23:00; пятница: 11:00–23:00; суббота: 11:00–23:00; воскресенье: 11:00–23:00,"{""timezone"":""Europe/Moscow"",""weekly"":{""mon"":[{""from"":""11:00"",""to"":""23:00""}],""tue"":[{""from"":""11:00"",""to"":""23:00""}],""wed"":[{""from"":""11:00"",""to"":""23:00""}],""thu"":[{""from"":""11:00"",""to"":""23:00""}],""fri"":[{""from"":""11:00"",""to"":""23:00""}],""sat"":[{""from"":""11:00"",""to"":""23:00""}],""sun"":[{""from"":""11:00"",""to"":""23:00""}]}}",afisha,https://www.afisha.ru/msk/restaurant/starik-i-more-458978/,True,2026-05-24T07:50:40+00:00,2026-05-24T07:50:40+00:00
afisha-msk-elardzhi-28501,Эларджи,"Авторская Грузия во дворах Арбата. «Эларджи» — двухэтажный ресторан грузинской кухни в особняке с собственным двором и детской площадкой. Меню построено на семейных рецептах бренд-шефа Изо Дзандзава, бережно сохраненных и переданных от мамы и бабушки. Здесь она готовит эталонную…","Гагаринский пер., 15а",55.7443404,37.5956427,понедельник: 11:00–24:00; вторник: 11:00–24:00; среда: 11:00–24:00; четверг: 11:00–24:00; пятница: 11:00–24:00; суббота: 11:00–24:00; воскресенье: 11:00–24:00,"{""timezone"":""Europe/Moscow"",""weekly"":{""mon"":[{""from"":""11:00"",""to"":""00:00"",""next_day"":true}],""tue"":[{""from"":""11:00"",""to"":""00:00"",""next_day"":true}],""wed"":[{""from"":""11:00"",""to"":""00:00"",""next_day"":true}],""thu"":[{""from"":""11:00"",""to"":""00:00"",""next_day"":true}],""fri"":[{""from"":""11:00"",""to"":""00:00"",""next_day"":true}],""sat"":[{""from"":""11:00"",""to"":""00:00"",""next_day"":true}],""sun"":[{""from"":""11:00"",""to"":""00:00"",""next_day"":true}]}}",afisha,https://www.afisha.ru/msk/restaurant/elardzhi-28501/,True,2026-05-24T07:50:40+00:00,2026-05-24T07:50:40+00:00
afisha-msk-jpan-442775,J'Pan,"Японская кухня, возводящая обыденность в культ. Японский ресторан на Трубной улице, где нет ни суши, ни роллов, зато имеются донбури, окономияки, такояки, тайяки, японское карри, тонкацу и целый бар на основе маття. Тесно, столы и стулья стоят вплотную друг к другу; какая-либо…","Трубная, 21",55.770574,37.624834,понедельник: 11:00–23:00; вторник: 11:00–23:00; среда: 11:00–23:00; четверг: 11:00–23:00; пятница: 11:00–24:00; суббота: 11:00–24:00; воскресенье: 11:00–23:00,"{""timezone"":""Europe/Moscow"",""weekly"":{""mon"":[{""from"":""11:00"",""to"":""23:00""}],""tue"":[{""from"":""11:00"",""to"":""23:00""}],""wed"":[{""from"":""11:00"",""to"":""23:00""}],""thu"":[{""from"":""11:00"",""to"":""23:00""}],""fri"":[{""from"":""11:00"",""to"":""00:00"",""next_day"":true}],""sat"":[{""from"":""11:00"",""to"":""00:00"",""next_day"":true}],""sun"":[{""from"":""11:00"",""to"":""23:00""}]}}",afisha,https://www.afisha.ru/msk/restaurant/jpan-442775/,True,2026-05-24T07:50:40+00:00,2026-05-24T07:50:40+00:00
afisha-msk-wine-crab-311202,Wine & Crab,"Лучшее, что может случиться с крабом на Никольской. Ресторан с разнообразными крабами и огромной винной картой в Третьяковском проезде, на углу с Никольской. Wine&Crab крепко держится на привозимых преимущественно с Дальнего Востока деликатесах. Большая часть меню — блюда из…","Никольская, 19–21, корп. 1",55.758765,37.6242889,понедельник: 12:00–24:00; вторник: 12:00–24:00; среда: 12:00–24:00; четверг: 12:00–24:00; пятница: 12:00–24:00; суббота: 12:00–24:00; воскресенье: 12:00–24:00,"{""timezone"":""Europe/Moscow"",""weekly"":{""mon"":[{""from"":""12:00"",""to"":""00:00"",""next_day"":true}],""tue"":[{""from"":""12:00"",""to"":""00:00"",""next_day"":true}],""wed"":[{""from"":""12:00"",""to"":""00:00"",""next_day"":true}],""thu"":[{""from"":""12:00"",""to"":""00:00"",""next_day"":true}],""fri"":[{""from"":""12:00"",""to"":""00:00"",""next_day"":true}],""sat"":[{""from"":""12:00"",""to"":""00:00"",""next_day"":true}],""sun"":[{""from"":""12:00"",""to"":""00:00"",""next_day"":true}]}}",afisha,https://www.afisha.ru/msk/restaurant/wine-crab-311202/,True,2026-05-24T07:50:40+00:00,2026-05-24T07:50:40+00:00
afisha-msk-voronezh-77311,Воронеж,"Три этажа хорошего мяса на Кропоткинской. «Воронеж» — ресторан Александра Раппопорта в трехэтажном особняке на углу Гоголевского бульвара и Пречистенки. Дизайн делали сестры Сундуковы, и на всех этажах он разный. На первом, где располагается закусочная и мясная лавка, интерьер…","Пречистенка, 4, 2 этаж",55.7445761,37.6010675,понедельник: 08:00–24:00; вторник: 08:00–24:00; среда: 08:00–24:00; четверг: 08:00–24:00; пятница: 08:00–24:00; суббота: 08:00–24:00; воскресенье: 08:00–24:00,"{""timezone"":""Europe/Moscow"",""weekly"":{""mon"":[{""from"":""08:00"",""to"":""00:00"",""next_day"":true}],""tue"":[{""from"":""08:00"",""to"":""00:00"",""next_day"":true}],""wed"":[{""from"":""08:00"",""to"":""00:00"",""next_day"":true}],""thu"":[{""from"":""08:00"",""to"":""00:00"",""next_day"":true}],""fri"":[{""from"":""08:00"",""to"":""00:00"",""next_day"":true}],""sat"":[{""from"":""08:00"",""to"":""00:00"",""next_day"":true}],""sun"":[{""from"":""08:00"",""to"":""00:00"",""next_day"":true}]}}",afisha,https://www.afisha.ru/msk/restaurant/voronezh-77311/,True,2026-05-24T07:50:40+00:00,2026-05-24T07:50:40+00:00
afisha-msk-vse-tvoi-druzia-47491,Все твои друзья,"Бар с русским (и не только) крафтом от участников рэп-группы ILWT. Крохотный — 40 квадратных метров — пивной бар, открытый Александром Малеевым и Артемом Поповым из рэп-группы ILWT. Здесь не продается продукция титанов индустрии — только сидр. В бутылках и в розлив из 18 кранов.…","М.Гнездниковский пер., 12/27, магазин «Просто так»",55.7626637,37.6068175,понедельник: 12:00–06:00; вторник: 12:00–06:00; среда: 12:00–06:00; четверг: 12:00–06:00; пятница: 12:00–06:00; суббота: 12:00–06:00; воскресенье: 12:00–06:00,"{""timezone"":""Europe/Moscow"",""weekly"":{""mon"":[{""from"":""12:00"",""to"":""06:00"",""next_day"":true}],""tue"":[{""from"":""12:00"",""to"":""06:00"",""next_day"":true}],""wed"":[{""from"":""12:00"",""to"":""06:00"",""next_day"":true}],""thu"":[{""from"":""12:00"",""to"":""06:00"",""next_day"":true}],""fri"":[{""from"":""12:00"",""to"":""06:00"",""next_day"":true}],""sat"":[{""from"":""12:00"",""to"":""06:00"",""next_day"":true}],""sun"":[{""from"":""12:00"",""to"":""06:00"",""next_day"":true}]}}",afisha,https://www.afisha.ru/msk/restaurant/vse-tvoi-druzia-47491/,True,2026-05-24T07:50:40+00:00,2026-05-24T07:50:40+00:00
afisha-msk-rybnyi-bazar-18519,Рыбный базар,"Рыба и устрицы в Трехпрудном. Один из самых старых и заслуженных рыбных ресторанов города. На ледяном прилавке множество свежей рыбы: барамунди, стерлядь, пятнистый окунь, тюрбо, черная треска и все в таком духе; в аквариумах — камчатские крабы, гребешки, лобстеры. Готовят, как…","Трехпрудный пер., 10/2, 2 этаж",55.765692,37.5975645,понедельник: 12:00–24:00; вторник: 12:00–24:00; среда: 12:00–24:00; четверг: 12:00–24:00; пятница: 12:00–24:00; суббота: 12:00–24:00; воскресенье: 12:00–24:00,"{""timezone"":""Europe/Moscow"",""weekly"":{""mon"":[{""from"":""12:00"",""to"":""00:00"",""next_day"":true}],""tue"":[{""from"":""12:00"",""to"":""00:00"",""next_day"":true}],""wed"":[{""from"":""12:00"",""to"":""00:00"",""next_day"":true}],""thu"":[{""from"":""12:00"",""to"":""00:00"",""next_day"":true}],""fri"":[{""from"":""12:00"",""to"":""00:00"",""next_day"":true}],""sat"":[{""from"":""12:00"",""to"":""00:00"",""next_day"":true}],""sun"":[{""from"":""12:00"",""to"":""00:00"",""next_day"":true}]}}",afisha,https://www.afisha.ru/msk/restaurant/rybnyi-bazar-18519/,True,2026-05-24T07:50:40+00:00,2026-05-24T07:50:40+00:00
afisha-msk-khon-gil-don-59461,Хон Гиль Дон,"Китайская лапшичная с баром на Пятницкой. Хон Гиль Дон — это корейский народный герой, про которого в 1986 году кинематографисты Северной Кореи сняли фильм с карате и ниндзя; те, кому за 30, возможно, помнят очереди в кинотеатры, где его прокатывали. Теперь это еще и бар на…","Пятницкая, 6/1, стр. 1",55.7446221,37.62713,понедельник: 12:00–23:00; вторник: 12:00–23:00; среда: 12:00–23:00; четверг: 12:00–23:00; пятница: 12:00–06:00; суббота: 12:00–06:00; воскресенье: 12:00–23:00,"{""timezone"":""Europe/Moscow"",""weekly"":{""mon"":[{""from"":""12:00"",""to"":""23:00""}],""tue"":[{""from"":""12:00"",""to"":""23:00""}],""wed"":[{""from"":""12:00"",""to"":""23:00""}],""thu"":[{""from"":""12:00"",""to"":""23:00""}],""fri"":[{""from"":""12:00"",""to"":""06:00"",""next_day"":true}],""sat"":[{""from"":""12:00"",""to"":""06:00"",""next_day"":true}],""sun"":[{""from"":""12:00"",""to"":""23:00""}]}}",afisha,https://www.afisha.ru/msk/restaurant/khon-gil-don-59461/,True,2026-05-24T07:50:40+00:00,2026-05-24T07:50:40+00:00
afisha-msk-erwin-rekamoreokean-196603,Erwin. Рекамореокеан,"Рыбы и звери морские у подножия гостиницы «Украина». Александр Раппопорт перелицевал до неузнаваемости очень красивый, но неудачный ресторан Александра Затуринского Erwin. Теперь здесь продают байкальского омуля, керченскую кефаль, камчатского краба, морских ежей из Баренцева…","Кутузовский просп., 2/1, стр. 6",55.751937,37.5677718,понедельник: 12:00–01:00; вторник: 12:00–01:00; среда: 12:00–01:00; четверг: 12:00–01:00; пятница: 12:00–01:00; суббота: 12:00–01:00; воскресенье: 12:00–01:00,"{""timezone"":""Europe/Moscow"",""weekly"":{""mon"":[{""from"":""12:00"",""to"":""01:00"",""next_day"":true}],""tue"":[{""from"":""12:00"",""to"":""01:00"",""next_day"":true}],""wed"":[{""from"":""12:00"",""to"":""01:00"",""next_day"":true}],""thu"":[{""from"":""12:00"",""to"":""01:00"",""next_day"":true}],""fri"":[{""from"":""12:00"",""to"":""01:00"",""next_day"":true}],""sat"":[{""from"":""12:00"",""to"":""01:00"",""next_day"":true}],""sun"":[{""from"":""12:00"",""to"":""01:00"",""next_day"":true}]}}",afisha,https://www.afisha.ru/msk/restaurant/erwin-rekamoreokean-196603/,True,2026-05-24T07:50:40+00:00,2026-05-24T07:50:40+00:00
afisha-msk-margarita-bistro-385863,Margarita Bistro,"Бистро с кухней Глена Баллиса у входа на Патриарший пруд. Margarita Bistro заселилось на вожделенный угол прямо напротив входа на Патриарший пруд, и все тут сделано по правилам отчаянно модного места. Интерьером занимались сестры Сундуковы — получилось не брутально, а очень…","М.Бронная, 28/2",55.7637296,37.5941991,понедельник: 08:00–24:00; вторник: 08:00–24:00; среда: 08:00–24:00; четверг: 08:00–24:00; пятница: 08:00–02:00; суббота: 08:00–02:00; воскресенье: 08:00–24:00,"{""timezone"":""Europe/Moscow"",""weekly"":{""mon"":[{""from"":""08:00"",""to"":""00:00"",""next_day"":true}],""tue"":[{""from"":""08:00"",""to"":""00:00"",""next_day"":true}],""wed"":[{""from"":""08:00"",""to"":""00:00"",""next_day"":true}],""thu"":[{""from"":""08:00"",""to"":""00:00"",""next_day"":true}],""fri"":[{""from"":""08:00"",""to"":""02:00"",""next_day"":true}],""sat"":[{""from"":""08:00"",""to"":""02:00"",""next_day"":true}],""sun"":[{""from"":""08:00"",""to"":""00:00"",""next_day"":true}]}}",afisha,https://www.afisha.ru/msk/restaurant/margarita-bistro-385863/,True,2026-05-24T07:50:40+00:00,2026-05-24T07:50:40+00:00
afisha-msk-megumi-30220,Megumi,"Роскошный японский ресторан с редкостями. Один из шести ресторанов сети и единственный в России. Азиатская роскошь высшей пробы, в меню — редчайшие японские деликатесы, в баре — газированное саке. Совершенно не похоже на суши-бар, хотя суши, роллы и сашими в продаже имеются, и…","Новинский б-р, 8, стр. 2, Lotte Hotel Moscow, –1 этаж",55.7505212,37.5839531,понедельник: 12:00–23:00; вторник: 12:00–23:00; среда: 12:00–23:00; четверг: 12:00–23:00; пятница: 12:00–23:00; суббота: 14:00–23:00; воскресенье: 14:00–23:00,"{""timezone"":""Europe/Moscow"",""weekly"":{""mon"":[{""from"":""12:00"",""to"":""23:00""}],""tue"":[{""from"":""12:00"",""to"":""23:00""}],""wed"":[{""from"":""12:00"",""to"":""23:00""}],""thu"":[{""from"":""12:00"",""to"":""23:00""}],""fri"":[{""from"":""12:00"",""to"":""23:00""}],""sat"":[{""from"":""14:00"",""to"":""23:00""}],""sun"":[{""from"":""14:00"",""to"":""23:00""}]}}",afisha,https://www.afisha.ru/msk/restaurant/megumi-30220/,True,2026-05-24T07:50:40+00:00,2026-05-24T07:50:40+00:00
afisha-msk-parisienne-20486,Parisienne,Французская кухня в бывшем Царском павильоне Всероссийской торгово-промышленной и художественной выставки.,"Ленинградский просп., 31, стр. 9",55.785379,37.5621405,понедельник: 11:00–24:00; вторник: 11:00–24:00; среда: 11:00–24:00; четверг: 11:00–24:00; пятница: 11:00–24:00; суббота: 11:00–24:00; воскресенье: 11:00–24:00,"{""timezone"":""Europe/Moscow"",""weekly"":{""mon"":[{""from"":""11:00"",""to"":""00:00"",""next_day"":true}],""tue"":[{""from"":""11:00"",""to"":""00:00"",""next_day"":true}],""wed"":[{""from"":""11:00"",""to"":""00:00"",""next_day"":true}],""thu"":[{""from"":""11:00"",""to"":""00:00"",""next_day"":true}],""fri"":[{""from"":""11:00"",""to"":""00:00"",""next_day"":true}],""sat"":[{""from"":""11:00"",""to"":""00:00"",""next_day"":true}],""sun"":[{""from"":""11:00"",""to"":""00:00"",""next_day"":true}]}}",afisha,https://www.afisha.ru/msk/restaurant/parisienne-20486/,True,2026-05-24T07:50:40+00:00,2026-05-24T07:50:40+00:00
afisha-msk-rule-taproom-76419,Rule Taproom,"Крафтовый бар в Староваганьковском переулке. Основали Rule контрактники Zagovor Brewery. Жесткой селекции подвергнут и русский, и импортный крафт: датское пиво, цены на которое были безбожно заломлены весь сезон, болтается на кранах на общих со всеми основаниях. Сами краны не…","Староваганьковский пер., 19, стр. 7",55.7513404,37.6071292,понедельник: 16:00–24:00; вторник: 16:00–24:00; среда: 16:00–24:00; четверг: 16:00–24:00; пятница: 16:00–02:00; суббота: 16:00–02:00; воскресенье: 16:00–24:00,"{""timezone"":""Europe/Moscow"",""weekly"":{""mon"":[{""from"":""16:00"",""to"":""00:00"",""next_day"":true}],""tue"":[{""from"":""16:00"",""to"":""00:00"",""next_day"":true}],""wed"":[{""from"":""16:00"",""to"":""00:00"",""next_day"":true}],""thu"":[{""from"":""16:00"",""to"":""00:00"",""next_day"":true}],""fri"":[{""from"":""16:00"",""to"":""02:00"",""next_day"":true}],""sat"":[{""from"":""16:00"",""to"":""02:00"",""next_day"":true}],""sun"":[{""from"":""16:00"",""to"":""00:00"",""next_day"":true}]}}",afisha,https://www.afisha.ru/msk/restaurant/rule-taproom-76419/,True,2026-05-24T07:50:40+00:00,2026-05-24T07:50:40+00:00
afisha-msk-sempre-351911,Sempre,Вечнозеленый ресторан с интерьером Гюста Семпре,"Б.Дмитровка, 22, стр. 1",55.7634614,37.6132319,понедельник: 11:00–23:00; вторник: 11:00–23:00; среда: 11:00–23:00; четверг: 11:00–23:00; пятница: 11:00–23:00; суббота: 10:00–23:00; воскресенье: 10:00–23:00,"{""timezone"":""Europe/Moscow"",""weekly"":{""mon"":[{""from"":""11:00"",""to"":""23:00""}],""tue"":[{""from"":""11:00"",""to"":""23:00""}],""wed"":[{""from"":""11:00"",""to"":""23:00""}],""thu"":[{""from"":""11:00"",""to"":""23:00""}],""fri"":[{""from"":""11:00"",""to"":""23:00""}],""sat"":[{""from"":""10:00"",""to"":""23:00""}],""sun"":[{""from"":""10:00"",""to"":""23:00""}]}}",afisha,https://www.afisha.ru/msk/restaurant/sempre-351911/,True,2026-05-24T07:50:40+00:00,2026-05-24T07:50:40+00:00
afisha-msk-13deg-175835,13°,Винный бар выпускников кулинарной школы Ragout,"4-я Тверская-Ямская, 13",55.7723108,37.5970441,понедельник: 10:00–23:00; вторник: 10:00–23:00; среда: 10:00–23:00; четверг: 10:00–23:00; пятница: 10:00–23:00; суббота: 10:00–23:00; воскресенье: 10:00–23:00,"{""timezone"":""Europe/Moscow"",""weekly"":{""mon"":[{""from"":""10:00"",""to"":""23:00""}],""tue"":[{""from"":""10:00"",""to"":""23:00""}],""wed"":[{""from"":""10:00"",""to"":""23:00""}],""thu"":[{""from"":""10:00"",""to"":""23:00""}],""fri"":[{""from"":""10:00"",""to"":""23:00""}],""sat"":[{""from"":""10:00"",""to"":""23:00""}],""sun"":[{""from"":""10:00"",""to"":""23:00""}]}}",afisha,https://www.afisha.ru/msk/restaurant/13deg-175835/,True,2026-05-24T07:50:40+00:00,2026-05-24T07:50:40+00:00
afisha-msk-jacky-jacky-gastrobar-75320,Jacky Jacky Gastrobar,"Гастробар на районе. Гастробар расположился на Верхней Масловке, неподалеку от метро «Динамо». В Jacky Jacky серьезные, но доступные винные и коктейльные карты. Меню кухни обновляется ежедневно: прибавляются совершенно новые блюда, возвращаются старые по просьбам постоянных…","В.Масловка, 20, стр. 1",55.7957245,37.5618051,понедельник: 10:00–24:00; вторник: 10:00–24:00; среда: 10:00–24:00; четверг: 10:00–24:00; пятница: 10:00–01:00; суббота: 10:00–01:00; воскресенье: 10:00–24:00,"{""timezone"":""Europe/Moscow"",""weekly"":{""mon"":[{""from"":""10:00"",""to"":""00:00"",""next_day"":true}],""tue"":[{""from"":""10:00"",""to"":""00:00"",""next_day"":true}],""wed"":[{""from"":""10:00"",""to"":""00:00"",""next_day"":true}],""thu"":[{""from"":""10:00"",""to"":""00:00"",""next_day"":true}],""fri"":[{""from"":""10:00"",""to"":""01:00"",""next_day"":true}],""sat"":[{""from"":""10:00"",""to"":""01:00"",""next_day"":true}],""sun"":[{""from"":""10:00"",""to"":""00:00"",""next_day"":true}]}}",afisha,https://www.afisha.ru/msk/restaurant/jacky-jacky-gastrobar-75320/,True,2026-05-24T07:50:40+00:00,2026-05-24T07:50:40+00:00
afisha-msk-modus-24757,Modus,"Трехэтажный ресторан в величественном особняке на Плющихе. В часы завтрака зал Modus наполняется солнечным светом через витражные окна, а вечером в них отражается храм Воздвижения Креста Господня — место венчания Чехова. Бренд-шеф ресторана Андрей Жданов входит в пятерку лучших…","1-й пер. Тружеников, 6",55.739037,37.574795,понедельник: 09:00–24:00; вторник: 09:00–24:00; среда: 09:00–24:00; четверг: 09:00–24:00; пятница: 09:00–02:00; суббота: 09:00–02:00; воскресенье: 10:00–24:00,"{""timezone"":""Europe/Moscow"",""weekly"":{""mon"":[{""from"":""09:00"",""to"":""00:00"",""next_day"":true}],""tue"":[{""from"":""09:00"",""to"":""00:00"",""next_day"":true}],""wed"":[{""from"":""09:00"",""to"":""00:00"",""next_day"":true}],""thu"":[{""from"":""09:00"",""to"":""00:00"",""next_day"":true}],""fri"":[{""from"":""09:00"",""to"":""02:00"",""next_day"":true}],""sat"":[{""from"":""09:00"",""to"":""02:00"",""next_day"":true}],""sun"":[{""from"":""10:00"",""to"":""00:00"",""next_day"":true}]}}",afisha,https://www.afisha.ru/msk/restaurant/modus-24757/,True,2026-05-24T07:50:40+00:00,2026-05-24T07:50:40+00:00
afisha-msk-pinch-59196,Pinch,Бистрономия на Патриарших,"Б.Палашевский пер., 2",55.7631915,37.5970247,понедельник: 08:30–24:00; вторник: 08:30–24:00; среда: 08:30–24:00; четверг: 08:30–24:00; пятница: 08:30–24:00; суббота: 08:30–24:00; воскресенье: 08:30–24:00,"{""timezone"":""Europe/Moscow"",""weekly"":{""mon"":[{""from"":""08:30"",""to"":""00:00"",""next_day"":true}],""tue"":[{""from"":""08:30"",""to"":""00:00"",""next_day"":true}],""wed"":[{""from"":""08:30"",""to"":""00:00"",""next_day"":true}],""thu"":[{""from"":""08:30"",""to"":""00:00"",""next_day"":true}],""fri"":[{""from"":""08:30"",""to"":""00:00"",""next_day"":true}],""sat"":[{""from"":""08:30"",""to"":""00:00"",""next_day"":true}],""sun"":[{""from"":""08:30"",""to"":""00:00"",""next_day"":true}]}}",afisha,https://www.afisha.ru/msk/restaurant/pinch-59196/,True,2026-05-24T07:50:40+00:00,2026-05-24T07:50:40+00:00
afisha-msk-torro-grill-27907,Torro Grill,"Флагманское заведение сети доступных стейк-хаусов. Torro Grill — это целая сеть ресторанов в Москве (плюс Химки, Воронеж, Калининград и Магадан), но именно этот, на «Белорусской», считается флагманским. Здесь традиционно самые большие очереди — по той простой причине, что…","Лесная, 5б, БЦ «Белая площадь»",55.7782837,37.5868303,понедельник: 12:00–24:00; вторник: 12:00–24:00; среда: 12:00–24:00; четверг: 12:00–24:00; пятница: 12:00–24:00; суббота: 12:00–24:00; воскресенье: 12:00–24:00,"{""timezone"":""Europe/Moscow"",""weekly"":{""mon"":[{""from"":""12:00"",""to"":""00:00"",""next_day"":true}],""tue"":[{""from"":""12:00"",""to"":""00:00"",""next_day"":true}],""wed"":[{""from"":""12:00"",""to"":""00:00"",""next_day"":true}],""thu"":[{""from"":""12:00"",""to"":""00:00"",""next_day"":true}],""fri"":[{""from"":""12:00"",""to"":""00:00"",""next_day"":true}],""sat"":[{""from"":""12:00"",""to"":""00:00"",""next_day"":true}],""sun"":[{""from"":""12:00"",""to"":""00:00"",""next_day"":true}]}}",afisha,https://www.afisha.ru/msk/restaurant/torro-grill-27907/,True,2026-05-24T07:50:40+00:00,2026-05-24T07:50:40+00:00
afisha-msk-babel-46969,Бабель,"Одесские радости на Смоленской. Ресторан занимает трехэтажный особняк в 1-м Николощеповском переулке. Кухня — одесская, но не в простецком домашнем исполнении, а вполне бескопромиссная: вкусы аутентичные, продукты превосходные, исполнение изящное. Бренд-шеф «Бабеля» Алена Комар…","1-й Николощеповский пер., 6, стр. 2, вход из 1-го Смоленского пер.",55.7486929,37.5805051,понедельник: 11:00–24:00; вторник: 11:00–24:00; среда: 11:00–24:00; четверг: 11:00–02:00; пятница: 11:00–02:00; суббота: 11:00–02:00; воскресенье: 11:00–24:00,"{""timezone"":""Europe/Moscow"",""weekly"":{""mon"":[{""from"":""11:00"",""to"":""00:00"",""next_day"":true}],""tue"":[{""from"":""11:00"",""to"":""00:00"",""next_day"":true}],""wed"":[{""from"":""11:00"",""to"":""00:00"",""next_day"":true}],""thu"":[{""from"":""11:00"",""to"":""02:00"",""next_day"":true}],""fri"":[{""from"":""11:00"",""to"":""02:00"",""next_day"":true}],""sat"":[{""from"":""11:00"",""to"":""02:00"",""next_day"":true}],""sun"":[{""from"":""11:00"",""to"":""00:00"",""next_day"":true}]}}",afisha,https://www.afisha.ru/msk/restaurant/babel-46969/,True,2026-05-24T07:50:40+00:00,2026-05-24T07:50:40+00:00
afisha-msk-est-khinkali-pit-vino-174398,Есть хинкали & Пить вино,"Хинкали и хаш от создателей Laffa Laffa и «Хачапурии».. Лика Льюин (также Laffa Laffa) открыла на Малой Бронной кафе «Есть хинкали, пить вино» в бывшей мастерской Марата Ка, находящейся буквально через стенку от Laffa Laffa. В кафе имеется камин, мозаичная барная стойка, а также…","М.Бронная, 4",55.759559,37.5974689,понедельник: 11:00–24:00; вторник: 11:00–24:00; среда: 11:00–24:00; четверг: 11:00–24:00; пятница: 11:00–24:00; суббота: 11:00–24:00; воскресенье: 11:00–24:00,"{""timezone"":""Europe/Moscow"",""weekly"":{""mon"":[{""from"":""11:00"",""to"":""00:00"",""next_day"":true}],""tue"":[{""from"":""11:00"",""to"":""00:00"",""next_day"":true}],""wed"":[{""from"":""11:00"",""to"":""00:00"",""next_day"":true}],""thu"":[{""from"":""11:00"",""to"":""00:00"",""next_day"":true}],""fri"":[{""from"":""11:00"",""to"":""00:00"",""next_day"":true}],""sat"":[{""from"":""11:00"",""to"":""00:00"",""next_day"":true}],""sun"":[{""from"":""11:00"",""to"":""00:00"",""next_day"":true}]}}",afisha,https://www.afisha.ru/msk/restaurant/est-khinkali-pit-vino-174398/,True,2026-05-24T07:50:40+00:00,2026-05-24T07:50:40+00:00
afisha-msk-neon-monkey-421955,Neon Monkey,"Правдивый тайский бар в закоулке. Neon Monkey затаился в глубине двора на Большой Дмитровке — случайно оказаться здесь невозможно. Дизайн из голого бетона, полуотбитого кафеля, неоновых мартышек на стене и мотороллера в углу. Коктейли — доверьтесь бартендеру; что бы он ни…","Б.Дмитровка, 32, стр. 2",55.765361,37.6114188,вторник: 18:00–24:00; среда: 18:00–24:00; четверг: 18:00–24:00; пятница: 18:00–03:00; суббота: 18:00–03:00; воскресенье: 18:00–24:00,"{""timezone"":""Europe/Moscow"",""weekly"":{""tue"":[{""from"":""18:00"",""to"":""00:00"",""next_day"":true}],""wed"":[{""from"":""18:00"",""to"":""00:00"",""next_day"":true}],""thu"":[{""from"":""18:00"",""to"":""00:00"",""next_day"":true}],""fri"":[{""from"":""18:00"",""to"":""03:00"",""next_day"":true}],""sat"":[{""from"":""18:00"",""to"":""03:00"",""next_day"":true}],""sun"":[{""from"":""18:00"",""to"":""00:00"",""next_day"":true}]}}",afisha,https://www.afisha.ru/msk/restaurant/neon-monkey-421955/,True,2026-05-24T07:50:40+00:00,2026-05-24T07:50:40+00:00
afisha-msk-ramen-483107,Ra'men,"Новая лапша от создателей J’Pan. Рамен-бар неподалеку от метро «Цветной бульвар». Поровну всего — классики, модерна и твистов на классику; модно, но глазам не больно. Проект тех же людей, что придумали J’Pan, братьев Михаила и Дениса Левченко. Подают 6 видов лапши, 2 мезмена…","Цветной б-р, 21, стр. 7",55.7721932,37.6194969,понедельник: 12:00–24:00; вторник: 12:00–24:00; среда: 12:00–24:00; четверг: 12:00–24:00; пятница: 12:00–02:00; суббота: 12:00–02:00; воскресенье: 12:00–24:00,"{""timezone"":""Europe/Moscow"",""weekly"":{""mon"":[{""from"":""12:00"",""to"":""00:00"",""next_day"":true}],""tue"":[{""from"":""12:00"",""to"":""00:00"",""next_day"":true}],""wed"":[{""from"":""12:00"",""to"":""00:00"",""next_day"":true}],""thu"":[{""from"":""12:00"",""to"":""00:00"",""next_day"":true}],""fri"":[{""from"":""12:00"",""to"":""02:00"",""next_day"":true}],""sat"":[{""from"":""12:00"",""to"":""02:00"",""next_day"":true}],""sun"":[{""from"":""12:00"",""to"":""00:00"",""next_day"":true}]}}",afisha,https://www.afisha.ru/msk/restaurant/ramen-483107/,True,2026-05-24T07:50:40+00:00,2026-05-24T07:50:40+00:00
afisha-msk-the-bix-bar-and-legend-442596,The Bix Bar and Legend,"Джазовый бар с живой музыкой и бурлеском. Аутентичный джазовый бар в стиле ревущих 20-х, эпохи сухого закона, сексуальной революции и вечного праздника. Все коктейли – классика в авторском прочтении, элегантные напитки, проверенные временем. Барная карта оставляет выбор для…","Б.Козихинский пер., 9/12",55.7630142,37.5966012,понедельник: 18:00–03:00; вторник: 18:00–03:00; среда: 18:00–03:00; четверг: 18:00–03:00; пятница: 18:00–03:00; суббота: 18:00–03:00; воскресенье: 18:00–03:00,"{""timezone"":""Europe/Moscow"",""weekly"":{""mon"":[{""from"":""18:00"",""to"":""03:00"",""next_day"":true}],""tue"":[{""from"":""18:00"",""to"":""03:00"",""next_day"":true}],""wed"":[{""from"":""18:00"",""to"":""03:00"",""next_day"":true}],""thu"":[{""from"":""18:00"",""to"":""03:00"",""next_day"":true}],""fri"":[{""from"":""18:00"",""to"":""03:00"",""next_day"":true}],""sat"":[{""from"":""18:00"",""to"":""03:00"",""next_day"":true}],""sun"":[{""from"":""18:00"",""to"":""03:00"",""next_day"":true}]}}",afisha,https://www.afisha.ru/msk/restaurant/the-bix-bar-and-legend-442596/,True,2026-05-24T07:50:40+00:00,2026-05-24T07:50:40+00:00
afisha-msk-villa-della-pasta-44353,Villa Pasta,Итальянское настроение на Пятницкой,"Пятницкая, 26",55.740993,37.62821,понедельник: 00:00–00:00; вторник: 00:00–00:00; среда: 00:00–00:00; четверг: 00:00–00:00; пятница: 00:00–00:00; суббота: 00:00–00:00; воскресенье: 00:00–00:00,"{""timezone"":""Europe/Moscow"",""weekly"":{""mon"":[{""from"":""00:00"",""to"":""00:00"",""next_day"":true}],""tue"":[{""from"":""00:00"",""to"":""00:00"",""next_day"":true}],""wed"":[{""from"":""00:00"",""to"":""00:00"",""next_day"":true}],""thu"":[{""from"":""00:00"",""to"":""00:00"",""next_day"":true}],""fri"":[{""from"":""00:00"",""to"":""00:00"",""next_day"":true}],""sat"":[{""from"":""00:00"",""to"":""00:00"",""next_day"":true}],""sun"":[{""from"":""00:00"",""to"":""00:00"",""next_day"":true}]}}",afisha,https://www.afisha.ru/msk/restaurant/villa-della-pasta-44353/,True,2026-05-24T07:50:40+00:00,2026-05-24T07:50:40+00:00
afisha-msk-mari-vanna-24856,Мари Ванна,"Точная стилизация советской кухни. Все пункты меню здесь знакомы с детства. Местами «Мари Ванна» даже приятнее «Пушкина» — потому что делает упор не на «морския гады», а на ностальгическую классику: борщ, уха из осетрины, пельмени, кисели, холодец и особенно оливье. Филиалы…","Спиридоньевский пер., 10а",55.7625514,37.5958339,понедельник: 10:00–23:00; вторник: 10:00–23:00; среда: 10:00–23:00; четверг: 10:00–23:00; пятница: 10:00–23:00; суббота: 10:00–23:00; воскресенье: 10:00–23:00,"{""timezone"":""Europe/Moscow"",""weekly"":{""mon"":[{""from"":""10:00"",""to"":""23:00""}],""tue"":[{""from"":""10:00"",""to"":""23:00""}],""wed"":[{""from"":""10:00"",""to"":""23:00""}],""thu"":[{""from"":""10:00"",""to"":""23:00""}],""fri"":[{""from"":""10:00"",""to"":""23:00""}],""sat"":[{""from"":""10:00"",""to"":""23:00""}],""sun"":[{""from"":""10:00"",""to"":""23:00""}]}}",afisha,https://www.afisha.ru/msk/restaurant/mari-vanna-24856/,True,2026-05-24T07:50:40+00:00,2026-05-24T07:50:40+00:00
afisha-msk-sosna-i-lipa-60505,Сосна и липа,Крошечный бар с крафтом на Мясницкой. «Сосну и липу» открыли два друга — пивной гик Андрей Липа и музыкант группы Elektromonteur Санчир Бадаков. На кранах — несколько видов отборного русского крафта. В холодильнике хранится еще несколько десятков видов привезенного бутылочного…,"Мясницкая, 24/7, стр. 3",55.763027,37.636662,понедельник: 17:00–23:00; вторник: 17:00–23:00; среда: 17:00–23:00; четверг: 17:00–23:00; пятница: 17:00–24:00; суббота: 17:00–24:00; воскресенье: 17:00–23:00,"{""timezone"":""Europe/Moscow"",""weekly"":{""mon"":[{""from"":""17:00"",""to"":""23:00""}],""tue"":[{""from"":""17:00"",""to"":""23:00""}],""wed"":[{""from"":""17:00"",""to"":""23:00""}],""thu"":[{""from"":""17:00"",""to"":""23:00""}],""fri"":[{""from"":""17:00"",""to"":""00:00"",""next_day"":true}],""sat"":[{""from"":""17:00"",""to"":""00:00"",""next_day"":true}],""sun"":[{""from"":""17:00"",""to"":""23:00""}]}}",afisha,https://www.afisha.ru/msk/restaurant/sosna-i-lipa-60505/,True,2026-05-24T07:50:40+00:00,2026-05-24T07:50:40+00:00
afisha-msk-sup-kafe-23276,Суп-кафе,"Вкусные супы почти из всего, что можно себе представить. Супов здесь больше сорока. Каждую строчку меню сопровождают условные знаки: это блюдо — для вегетарианцев, это — с мясом, в этом не обошлось без грибов. Калорийность каждого блюда тоже вычислена и запротоколирована. Супы…","1-я Брестская, 62",55.7752153,37.5854595,понедельник: 09:00–24:00; вторник: 09:00–24:00; среда: 09:00–24:00; четверг: 09:00–24:00; пятница: 09:00–24:00; суббота: 09:00–24:00; воскресенье: 09:00–24:00,"{""timezone"":""Europe/Moscow"",""weekly"":{""mon"":[{""from"":""09:00"",""to"":""00:00"",""next_day"":true}],""tue"":[{""from"":""09:00"",""to"":""00:00"",""next_day"":true}],""wed"":[{""from"":""09:00"",""to"":""00:00"",""next_day"":true}],""thu"":[{""from"":""09:00"",""to"":""00:00"",""next_day"":true}],""fri"":[{""from"":""09:00"",""to"":""00:00"",""next_day"":true}],""sat"":[{""from"":""09:00"",""to"":""00:00"",""next_day"":true}],""sun"":[{""from"":""09:00"",""to"":""00:00"",""next_day"":true}]}}",afisha,https://www.afisha.ru/msk/restaurant/sup-kafe-23276/,True,2026-05-24T07:50:40+00:00,2026-05-24T07:50:40+00:00
afisha-msk-iu-me-20581,Ю-мэ,"Повседневная японская еда. Полсотни комплексных обедов, есть и сябу-сябу, и скияки, и блюда на раскаленной сковороде теппан. Суши и роллы хороши, как мало где. Возможность взять еду навынос. Японцы приезжают автобусами.","Покровка, 38а",55.761533,37.6516983,понедельник: 11:30–23:30; вторник: 11:30–23:30; среда: 11:30–23:30; четверг: 11:30–23:30; пятница: 11:30–00:30; суббота: 11:30–00:30; воскресенье: 11:30–23:30,"{""timezone"":""Europe/Moscow"",""weekly"":{""mon"":[{""from"":""11:30"",""to"":""23:30""}],""tue"":[{""from"":""11:30"",""to"":""23:30""}],""wed"":[{""from"":""11:30"",""to"":""23:30""}],""thu"":[{""from"":""11:30"",""to"":""23:30""}],""fri"":[{""from"":""11:30"",""to"":""00:30"",""next_day"":true}],""sat"":[{""from"":""11:30"",""to"":""00:30"",""next_day"":true}],""sun"":[{""from"":""11:30"",""to"":""23:30""}]}}",afisha,https://www.afisha.ru/msk/restaurant/iu-me-20581/,True,2026-05-24T07:50:40+00:00,2026-05-24T07:50:40+00:00
afisha-msk-o2-restaurant-25457,O2 Restaurant,"Ресторан на крыше отеля The Carlton, Moscow. Ресторан на крыше отеля The Carlton, Moscow знаменит своей террасой с видом на Кремль и исторический центр города. Каждое лето терраса ресторана превращается в цветущий сад и представляет новую концепцию — здесь проходят вечеринки,…","Тверская, 3, гостиница The Carlton, Moscow, 12 этаж",55.7572544,37.6127723,понедельник: 12:00–24:00; вторник: 12:00–24:00; среда: 12:00–24:00; четверг: 12:00–24:00; пятница: 12:00–02:00; суббота: 12:00–02:00; воскресенье: 12:00–24:00,"{""timezone"":""Europe/Moscow"",""weekly"":{""mon"":[{""from"":""12:00"",""to"":""00:00"",""next_day"":true}],""tue"":[{""from"":""12:00"",""to"":""00:00"",""next_day"":true}],""wed"":[{""from"":""12:00"",""to"":""00:00"",""next_day"":true}],""thu"":[{""from"":""12:00"",""to"":""00:00"",""next_day"":true}],""fri"":[{""from"":""12:00"",""to"":""02:00"",""next_day"":true}],""sat"":[{""from"":""12:00"",""to"":""02:00"",""next_day"":true}],""sun"":[{""from"":""12:00"",""to"":""00:00"",""next_day"":true}]}}",afisha,https://www.afisha.ru/msk/restaurant/o2-restaurant-25457/,True,2026-05-24T07:50:40+00:00,2026-05-24T07:50:40+00:00
afisha-msk-sally-obriens-16675,Sally O'Brien's,"Многолетний ирландский паб. Заведение работает с 1995 года, за это время успело переехать, но изменилось мало — все такая же кухня, отчасти американская, отчасти мексиканская, все такой же невеликий выбор пива с обязательным «Гиннессом» во главе, все такой же расслабленный…","Б.Полянка, 1/3",55.742093,37.616378,понедельник: 12:00–23:00; вторник: 12:00–23:00; среда: 12:00–23:00; четверг: 12:00–23:00; пятница: 12:00–23:00; суббота: 12:00–23:00; воскресенье: 12:00–23:00,"{""timezone"":""Europe/Moscow"",""weekly"":{""mon"":[{""from"":""12:00"",""to"":""23:00""}],""tue"":[{""from"":""12:00"",""to"":""23:00""}],""wed"":[{""from"":""12:00"",""to"":""23:00""}],""thu"":[{""from"":""12:00"",""to"":""23:00""}],""fri"":[{""from"":""12:00"",""to"":""23:00""}],""sat"":[{""from"":""12:00"",""to"":""23:00""}],""sun"":[{""from"":""12:00"",""to"":""23:00""}]}}",afisha,https://www.afisha.ru/msk/restaurant/sally-obriens-16675/,True,2026-05-24T07:50:40+00:00,2026-05-24T07:50:40+00:00
afisha-msk-sirena-20481,Sirena,"Рыбный ресторан Аркадия Новикова, работающий с 1992 года. Sirena — любимое дитя Аркадия Новикова, его самый первый ресторан. Работает без перерывов с лета 1992 года, при этом остается одним из самых качественных рыбных заведений города. Важный лайфхак: традиционно очень хорошие…","Б.Спасская, 15, стр. 4",55.7748868,37.6395945,понедельник: 12:00–24:00; вторник: 12:00–24:00; среда: 12:00–24:00; четверг: 12:00–24:00; пятница: 12:00–24:00; суббота: 12:00–24:00; воскресенье: 12:00–24:00,"{""timezone"":""Europe/Moscow"",""weekly"":{""mon"":[{""from"":""12:00"",""to"":""00:00"",""next_day"":true}],""tue"":[{""from"":""12:00"",""to"":""00:00"",""next_day"":true}],""wed"":[{""from"":""12:00"",""to"":""00:00"",""next_day"":true}],""thu"":[{""from"":""12:00"",""to"":""00:00"",""next_day"":true}],""fri"":[{""from"":""12:00"",""to"":""00:00"",""next_day"":true}],""sat"":[{""from"":""12:00"",""to"":""00:00"",""next_day"":true}],""sun"":[{""from"":""12:00"",""to"":""00:00"",""next_day"":true}]}}",afisha,https://www.afisha.ru/msk/restaurant/sirena-20481/,True,2026-05-24T07:50:40+00:00,2026-05-24T07:50:40+00:00
afisha-msk-bakinskii-bulvar-28960,Бакинский бульвар,"Как в Баку, но на «Коломенской». Настоящий азербайджанский ресторан — никаких претензий, кроме одной: готовит лучше всех в округе. Бакинские помидоры, кюфта-бозбаш, пельмени гюрза и пельмени дюшбара — и, конечно, шашлыки и все остальное, что только можно пожарить на углях.","просп. Андропова, влад. 21а",55.6788993,37.6649703,понедельник: 00:00–00:00; вторник: 00:00–00:00; среда: 00:00–00:00; четверг: 00:00–00:00; пятница: 00:00–00:00; суббота: 00:00–00:00; воскресенье: 00:00–00:00,"{""timezone"":""Europe/Moscow"",""weekly"":{""mon"":[{""from"":""00:00"",""to"":""00:00"",""next_day"":true}],""tue"":[{""from"":""00:00"",""to"":""00:00"",""next_day"":true}],""wed"":[{""from"":""00:00"",""to"":""00:00"",""next_day"":true}],""thu"":[{""from"":""00:00"",""to"":""00:00"",""next_day"":true}],""fri"":[{""from"":""00:00"",""to"":""00:00"",""next_day"":true}],""sat"":[{""from"":""00:00"",""to"":""00:00"",""next_day"":true}],""sun"":[{""from"":""00:00"",""to"":""00:00"",""next_day"":true}]}}",afisha,https://www.afisha.ru/msk/restaurant/bakinskii-bulvar-28960/,True,2026-05-24T07:50:40+00:00,2026-05-24T07:50:40+00:00
afisha-msk-belgiiskaia-brasseri-033-48999,"Бельгийская брассери 0,33","Ресторан с одной из лучших коллекций бутылочного пива в России. Панорамные окна с видом на вечную пробку в Орликовом, пространство с множеством уютных закутков, комфортный полумрак, кирпич, дерево и грубый металл контрастируют с мягкими кожаными диванами. Здесь есть банкетный…","Садовая-Спасская, 17/2, вход из Орликова пер.",55.7698911,37.6468764,понедельник: 12:00–23:00; вторник: 12:00–23:00; среда: 12:00–23:00; четверг: 12:00–23:00; пятница: 12:00–23:00; суббота: 12:00–23:00; воскресенье: 13:00–23:00,"{""timezone"":""Europe/Moscow"",""weekly"":{""mon"":[{""from"":""12:00"",""to"":""23:00""}],""tue"":[{""from"":""12:00"",""to"":""23:00""}],""wed"":[{""from"":""12:00"",""to"":""23:00""}],""thu"":[{""from"":""12:00"",""to"":""23:00""}],""fri"":[{""from"":""12:00"",""to"":""23:00""}],""sat"":[{""from"":""12:00"",""to"":""23:00""}],""sun"":[{""from"":""13:00"",""to"":""23:00""}]}}",afisha,https://www.afisha.ru/msk/restaurant/belgiiskaia-brasseri-033-48999/,True,2026-05-24T07:50:40+00:00,2026-05-24T07:50:40+00:00
afisha-msk-strelka-29786,Стрелка,"Гастрономический бар при школе архитектуры, медиа и дизайна. Место исключительное по всем параметрам: отличный вид, интересная еда, во дворе часто случаются концерты. Отдельное развлечение — исключительного качества коктейли. Единственный недостаток — недостаток мест по…","Берсеневская наб., 14, стр. 5, арт-кластер «Красный Октябрь»",55.7425689,37.609253,понедельник: 10:00–23:00; вторник: 10:00–23:00; среда: 10:00–23:00; четверг: 10:00–23:00; пятница: 10:00–03:00; суббота: 12:00–03:00; воскресенье: 12:00–22:00,"{""timezone"":""Europe/Moscow"",""weekly"":{""mon"":[{""from"":""10:00"",""to"":""23:00""}],""tue"":[{""from"":""10:00"",""to"":""23:00""}],""wed"":[{""from"":""10:00"",""to"":""23:00""}],""thu"":[{""from"":""10:00"",""to"":""23:00""}],""fri"":[{""from"":""10:00"",""to"":""03:00"",""next_day"":true}],""sat"":[{""from"":""12:00"",""to"":""03:00"",""next_day"":true}],""sun"":[{""from"":""12:00"",""to"":""22:00""}]}}",afisha,https://www.afisha.ru/msk/restaurant/strelka-29786/,True,2026-05-24T07:50:40+00:00,2026-05-24T07:50:40+00:00
afisha-msk-khinkalnaia-na-neglinnoi-31960,Хинкальная на Неглинной,"Грузинская еда с хинкали во главе. «Богатый» интерьер с то ли шутливой, то ли серьезной тягой ко всему золотому, не может перебить ощущение счастья, наступающее от первого же оказавшегося во рту хинкали, запитого глотком домашнего вина. Грузинская кухня в ее лучшем проявлении.","Неглинная, 15, стр. 1",55.7630186,37.6196809,понедельник: 10:00–06:00; вторник: 10:00–06:00; среда: 10:00–06:00; четверг: 10:00–06:00; пятница: 10:00–06:00; суббота: 10:00–06:00; воскресенье: 10:00–06:00,"{""timezone"":""Europe/Moscow"",""weekly"":{""mon"":[{""from"":""10:00"",""to"":""06:00"",""next_day"":true}],""tue"":[{""from"":""10:00"",""to"":""06:00"",""next_day"":true}],""wed"":[{""from"":""10:00"",""to"":""06:00"",""next_day"":true}],""thu"":[{""from"":""10:00"",""to"":""06:00"",""next_day"":true}],""fri"":[{""from"":""10:00"",""to"":""06:00"",""next_day"":true}],""sat"":[{""from"":""10:00"",""to"":""06:00"",""next_day"":true}],""sun"":[{""from"":""10:00"",""to"":""06:00"",""next_day"":true}]}}",afisha,https://www.afisha.ru/msk/restaurant/khinkalnaia-na-neglinnoi-31960/,True,2026-05-24T07:50:40+00:00,2026-05-24T07:50:40+00:00
afisha-msk-zheraldin-352494,Geraldine,"Необистро на Остоженке. Необистро на Остоженке, проект Владимира Познера и Александра Раппопорта. С 2004 года на этом месте работал ресторан братьев Познеров с тем же названием — в честь Жеральдин Познер, их матери; в обновленном виде заведение открылось в конце июня 2017 года.…","Остоженка, 27, корп. 2, вход из Коробейникова пер.",55.739042,37.597199,понедельник: 09:00–23:00; вторник: 09:00–23:00; среда: 09:00–23:00; четверг: 09:00–23:00; пятница: 09:00–23:00; суббота: 09:00–23:00; воскресенье: 09:00–23:00,"{""timezone"":""Europe/Moscow"",""weekly"":{""mon"":[{""from"":""09:00"",""to"":""23:00""}],""tue"":[{""from"":""09:00"",""to"":""23:00""}],""wed"":[{""from"":""09:00"",""to"":""23:00""}],""thu"":[{""from"":""09:00"",""to"":""23:00""}],""fri"":[{""from"":""09:00"",""to"":""23:00""}],""sat"":[{""from"":""09:00"",""to"":""23:00""}],""sun"":[{""from"":""09:00"",""to"":""23:00""}]}}",afisha,https://www.afisha.ru/msk/restaurant/zheraldin-352494/,True,2026-05-24T07:50:40+00:00,2026-05-24T07:50:40+00:00
afisha-msk-il-forno-29434,Il forno Неглинная,"Правильная итальянская пицца. В настоящей дровяной печи, вынесенной в зал, готовят пиццу трех десятков видов — получается тонкая, но при этом не слишком хрустящая, а именно правильно тянущаяся итальянская пицца басса.","Неглинная, 8/10",55.7613384,37.6208031,понедельник: 11:00–24:00; вторник: 11:00–24:00; среда: 11:00–24:00; четверг: 11:00–24:00; пятница: 11:00–24:00; суббота: 11:00–24:00; воскресенье: 11:00–24:00,"{""timezone"":""Europe/Moscow"",""weekly"":{""mon"":[{""from"":""11:00"",""to"":""00:00"",""next_day"":true}],""tue"":[{""from"":""11:00"",""to"":""00:00"",""next_day"":true}],""wed"":[{""from"":""11:00"",""to"":""00:00"",""next_day"":true}],""thu"":[{""from"":""11:00"",""to"":""00:00"",""next_day"":true}],""fri"":[{""from"":""11:00"",""to"":""00:00"",""next_day"":true}],""sat"":[{""from"":""11:00"",""to"":""00:00"",""next_day"":true}],""sun"":[{""from"":""11:00"",""to"":""00:00"",""next_day"":true}]}}",afisha,https://www.afisha.ru/msk/restaurant/il-forno-29434/,True,2026-05-24T07:50:40+00:00,2026-05-24T07:50:40+00:00
afisha-msk-druzhba-22444,Дружба,"Китайская еда для китайцев. Огромные порции. В торговый центр заходить не надо — вход в ресторан с его тыльной стороны. Шумно, среди гостей много китайцев, столы разделены перегородками, но можно полностью уединиться в отдельном кабинете. Порции — огромные, лучше заказывать на…","Новослободская, 4, ТД «Дружба»",55.7800158,37.6013564,понедельник: 11:00–24:00; вторник: 11:00–24:00; среда: 11:00–24:00; четверг: 11:00–24:00; пятница: 11:00–24:00; суббота: 11:00–24:00; воскресенье: 11:00–24:00,"{""timezone"":""Europe/Moscow"",""weekly"":{""mon"":[{""from"":""11:00"",""to"":""00:00"",""next_day"":true}],""tue"":[{""from"":""11:00"",""to"":""00:00"",""next_day"":true}],""wed"":[{""from"":""11:00"",""to"":""00:00"",""next_day"":true}],""thu"":[{""from"":""11:00"",""to"":""00:00"",""next_day"":true}],""fri"":[{""from"":""11:00"",""to"":""00:00"",""next_day"":true}],""sat"":[{""from"":""11:00"",""to"":""00:00"",""next_day"":true}],""sun"":[{""from"":""11:00"",""to"":""00:00"",""next_day"":true}]}}",afisha,https://www.afisha.ru/msk/restaurant/druzhba-22444/,True,2026-05-24T07:50:40+00:00,2026-05-24T07:50:40+00:00
afisha-msk-tsytsyla-36020,Цыцыла,"Грузинский ресторан с курицей во всех ипостасях. Странное для русского уха название «Цыцыла» означает курицу, представленную в здешнем меню в невероятном изобилии. Птицу жарят под соусом баже, запекают в духовке, отваривают с добавлением чеснока и кинзы, фаршируют куриными…","Минская, 2г",55.7268624,37.4956378,понедельник: 12:00–24:00; вторник: 12:00–24:00; среда: 12:00–24:00; четверг: 12:00–24:00; пятница: 12:00–24:00; суббота: 12:00–24:00; воскресенье: 12:00–24:00,"{""timezone"":""Europe/Moscow"",""weekly"":{""mon"":[{""from"":""12:00"",""to"":""00:00"",""next_day"":true}],""tue"":[{""from"":""12:00"",""to"":""00:00"",""next_day"":true}],""wed"":[{""from"":""12:00"",""to"":""00:00"",""next_day"":true}],""thu"":[{""from"":""12:00"",""to"":""00:00"",""next_day"":true}],""fri"":[{""from"":""12:00"",""to"":""00:00"",""next_day"":true}],""sat"":[{""from"":""12:00"",""to"":""00:00"",""next_day"":true}],""sun"":[{""from"":""12:00"",""to"":""00:00"",""next_day"":true}]}}",afisha,https://www.afisha.ru/msk/restaurant/tsytsyla-36020/,True,2026-05-24T07:50:40+00:00,2026-05-24T07:50:40+00:00
afisha-msk-buono-29753,Buono,"Респектабельный итальянский ресторан в гостинице «Украина». Buono расположен на 29-м и 30-м этажах гостиницы Radisson Collection Hotel («Украина»). В меню дорогая, но качественная итальянская классика. Впечатляет и вид из окна — город открывается с самой выгодной стороны.","Кутузовский просп., 2/1, стр. 1, Radisson Collection Hotel Moscow, 29–30 этаж",55.7515741,37.5655284,понедельник: 12:00–24:00; вторник: 12:00–24:00; среда: 12:00–24:00; четверг: 12:00–24:00; пятница: 12:00–24:00; суббота: 12:00–24:00; воскресенье: 12:00–24:00,"{""timezone"":""Europe/Moscow"",""weekly"":{""mon"":[{""from"":""12:00"",""to"":""00:00"",""next_day"":true}],""tue"":[{""from"":""12:00"",""to"":""00:00"",""next_day"":true}],""wed"":[{""from"":""12:00"",""to"":""00:00"",""next_day"":true}],""thu"":[{""from"":""12:00"",""to"":""00:00"",""next_day"":true}],""fri"":[{""from"":""12:00"",""to"":""00:00"",""next_day"":true}],""sat"":[{""from"":""12:00"",""to"":""00:00"",""next_day"":true}],""sun"":[{""from"":""12:00"",""to"":""00:00"",""next_day"":true}]}}",afisha,https://www.afisha.ru/msk/restaurant/buono-29753/,True,2026-05-24T07:50:40+00:00,2026-05-24T07:50:40+00:00
afisha-msk-starlite-diner-18619,Starlite Diner,"Вечная американа на «Серпуховской». Американская кухня в том виде, как ее понимают в «Старлайте», — лучший друг ночного жителя, по дороге из клуба в клуб растерявшего энергию. Проверенный выбор — стейк и яйца, а затем бельгийские вафли с кленовым сиропом; подается круглосуточно.","Коровий Вал, 9а",55.7293459,37.6162246,понедельник: 00:00–00:00; вторник: 00:00–00:00; среда: 00:00–00:00; четверг: 00:00–00:00; пятница: 00:00–00:00; суббота: 00:00–00:00; воскресенье: 00:00–00:00,"{""timezone"":""Europe/Moscow"",""weekly"":{""mon"":[{""from"":""00:00"",""to"":""00:00"",""next_day"":true}],""tue"":[{""from"":""00:00"",""to"":""00:00"",""next_day"":true}],""wed"":[{""from"":""00:00"",""to"":""00:00"",""next_day"":true}],""thu"":[{""from"":""00:00"",""to"":""00:00"",""next_day"":true}],""fri"":[{""from"":""00:00"",""to"":""00:00"",""next_day"":true}],""sat"":[{""from"":""00:00"",""to"":""00:00"",""next_day"":true}],""sun"":[{""from"":""00:00"",""to"":""00:00"",""next_day"":true}]}}",afisha,https://www.afisha.ru/msk/restaurant/starlite-diner-18619/,True,2026-05-24T07:50:40+00:00,2026-05-24T07:50:40+00:00
afisha-msk-petrov-i-vasechka-60337,Петров и Васечка,"Бар на Цветном с коктейлями. Еще один бар на Цветном бульваре открыли Антон Токс и Андрей Петров. Про Токса сказать нечего, кроме того что он друг Петрова; зато Петров знает барный бизнес не понаслышке: он довольно долго работал под руководством Дмитрия Левицкого, основателя…","Цветной б-р, 24, корп. 1",55.771069,37.6224082,понедельник: 12:00–24:00; вторник: 12:00–24:00; среда: 12:00–24:00; четверг: 12:00–24:00; пятница: 12:00–03:00; суббота: 15:00–03:00; воскресенье: 13:00–24:00,"{""timezone"":""Europe/Moscow"",""weekly"":{""mon"":[{""from"":""12:00"",""to"":""00:00"",""next_day"":true}],""tue"":[{""from"":""12:00"",""to"":""00:00"",""next_day"":true}],""wed"":[{""from"":""12:00"",""to"":""00:00"",""next_day"":true}],""thu"":[{""from"":""12:00"",""to"":""00:00"",""next_day"":true}],""fri"":[{""from"":""12:00"",""to"":""03:00"",""next_day"":true}],""sat"":[{""from"":""15:00"",""to"":""03:00"",""next_day"":true}],""sun"":[{""from"":""13:00"",""to"":""00:00"",""next_day"":true}]}}",afisha,https://www.afisha.ru/msk/restaurant/petrov-i-vasechka-60337/,True,2026-05-24T07:50:40+00:00,2026-05-24T07:50:40+00:00
afisha-msk-khishchnik-steaks-burgers-314442,Хищник Burgers,"Мясо и пиво на Кузнецком мосту. В «Хищнике» все меню ожидаемо выстроено вокруг мяса. Здесь жарят стейки и шашлыки, собирают бургеры (в наличии и вегетарианские позиции), но есть отдельный раздел с блюдами из морепродуктов вроде креветок васаби или мидий в белом вине. На гарнир,…","Кузнецкий Мост, 18",55.7619889,37.6232303,понедельник: 11:30–24:00; вторник: 11:30–24:00; среда: 11:30–24:00; четверг: 11:30–24:00; пятница: 11:30–02:00; суббота: 11:30–02:00; воскресенье: 11:30–24:00,"{""timezone"":""Europe/Moscow"",""weekly"":{""mon"":[{""from"":""11:30"",""to"":""00:00"",""next_day"":true}],""tue"":[{""from"":""11:30"",""to"":""00:00"",""next_day"":true}],""wed"":[{""from"":""11:30"",""to"":""00:00"",""next_day"":true}],""thu"":[{""from"":""11:30"",""to"":""00:00"",""next_day"":true}],""fri"":[{""from"":""11:30"",""to"":""02:00"",""next_day"":true}],""sat"":[{""from"":""11:30"",""to"":""02:00"",""next_day"":true}],""sun"":[{""from"":""11:30"",""to"":""00:00"",""next_day"":true}]}}",afisha,https://www.afisha.ru/msk/restaurant/khishchnik-steaks-burgers-314442/,True,2026-05-24T07:50:40+00:00,2026-05-24T07:50:40+00:00
afisha-msk-bro-n-352236,Bro & N,"Два ресторана Аркадия Новикова под одной крышей. Bro & N — это расположенные дверь в дверь пиццерия и бургерная с видом на Патриаршие пруды. Получилось такое место на углу — подходит для того, чтобы быстро поесть и пойти дальше. В ход пошли выверенные годами московские лидеры…","М.Бронная, 27/14",55.7634861,37.5939334,понедельник: 09:00–23:00; вторник: 09:00–23:00; среда: 09:00–23:00; четверг: 09:00–23:00; пятница: 09:00–23:00; суббота: 10:00–23:00; воскресенье: 10:00–23:00,"{""timezone"":""Europe/Moscow"",""weekly"":{""mon"":[{""from"":""09:00"",""to"":""23:00""}],""tue"":[{""from"":""09:00"",""to"":""23:00""}],""wed"":[{""from"":""09:00"",""to"":""23:00""}],""thu"":[{""from"":""09:00"",""to"":""23:00""}],""fri"":[{""from"":""09:00"",""to"":""23:00""}],""sat"":[{""from"":""10:00"",""to"":""23:00""}],""sun"":[{""from"":""10:00"",""to"":""23:00""}]}}",afisha,https://www.afisha.ru/msk/restaurant/bro-n-352236/,True,2026-05-24T07:50:40+00:00,2026-05-24T07:50:40+00:00
afisha-msk-kafe-muzeia-garazh-73798,Garage Café,"Лучшее музейное кафе города. В кафе «Гаража» за кухню теперь отвечает Алексей Багреев (ранее United Kitchen). Новое меню составлено по традиционному принципу «чтобы всем было хорошо»: вот хумус и фалафель (секретный рецепт не менялся с момента основания Музея), вот яйцо бенедикт…","Крымский Вал, 9, стр. 32, парк Горького, в здании музея современного искусства «Гараж»",55.7277781,37.6016251,понедельник: 11:00–22:00; вторник: 11:00–22:00; среда: 11:00–22:00; четверг: 11:00–22:00; пятница: 11:00–22:00; суббота: 11:00–22:00; воскресенье: 11:00–22:00,"{""timezone"":""Europe/Moscow"",""weekly"":{""mon"":[{""from"":""11:00"",""to"":""22:00""}],""tue"":[{""from"":""11:00"",""to"":""22:00""}],""wed"":[{""from"":""11:00"",""to"":""22:00""}],""thu"":[{""from"":""11:00"",""to"":""22:00""}],""fri"":[{""from"":""11:00"",""to"":""22:00""}],""sat"":[{""from"":""11:00"",""to"":""22:00""}],""sun"":[{""from"":""11:00"",""to"":""22:00""}]}}",afisha,https://www.afisha.ru/msk/restaurant/kafe-muzeia-garazh-73798/,True,2026-05-24T07:50:40+00:00,2026-05-24T07:50:40+00:00
afisha-msk-buiabes-17371,Буйабес,"Марсельская уха во всем блеске. Элегантный, заслуженный и дорогой ресторан на Ленинском проспекте. У шефа имеется лицензия Прованской кулинарной академии на приготовление марсельского буйабеса на территории СНГ; говорят, больше такой нет ни у кого. Но придется заплатить почти…","Ленинский просп., 37",55.7107505,37.5862586,понедельник: 11:30–23:30; вторник: 11:30–23:30; среда: 11:30–23:30; четверг: 11:30–23:30; пятница: 11:30–23:30; суббота: 11:30–23:30; воскресенье: 11:30–23:30,"{""timezone"":""Europe/Moscow"",""weekly"":{""mon"":[{""from"":""11:30"",""to"":""23:30""}],""tue"":[{""from"":""11:30"",""to"":""23:30""}],""wed"":[{""from"":""11:30"",""to"":""23:30""}],""thu"":[{""from"":""11:30"",""to"":""23:30""}],""fri"":[{""from"":""11:30"",""to"":""23:30""}],""sat"":[{""from"":""11:30"",""to"":""23:30""}],""sun"":[{""from"":""11:30"",""to"":""23:30""}]}}",afisha,https://www.afisha.ru/msk/restaurant/buiabes-17371/,True,2026-05-24T07:50:40+00:00,2026-05-24T07:50:40+00:00
afisha-msk-ryby-net-151051,Рыбы нет,"Мясной проект Аркадия Новикова в отеле St. Regis. В отеле St. Regis Moscow Nikolskaya дверь в дверь с бургерной «Фарш» работает ресторан «Рыбы нет»: оба места принадлежат Новикову, и в обоих кормят продукцией компании «Мираторг». Еда тут брутальная и мужская, то есть не…","Никольская, 12, гостиница The St. Regis Moscow Nikolskaya, 1 этаж",55.7587984,37.6253399,понедельник: 12:00–24:00; вторник: 12:00–24:00; среда: 12:00–24:00; четверг: 12:00–24:00; пятница: 12:00–24:00; суббота: 12:00–24:00; воскресенье: 12:00–24:00,"{""timezone"":""Europe/Moscow"",""weekly"":{""mon"":[{""from"":""12:00"",""to"":""00:00"",""next_day"":true}],""tue"":[{""from"":""12:00"",""to"":""00:00"",""next_day"":true}],""wed"":[{""from"":""12:00"",""to"":""00:00"",""next_day"":true}],""thu"":[{""from"":""12:00"",""to"":""00:00"",""next_day"":true}],""fri"":[{""from"":""12:00"",""to"":""00:00"",""next_day"":true}],""sat"":[{""from"":""12:00"",""to"":""00:00"",""next_day"":true}],""sun"":[{""from"":""12:00"",""to"":""00:00"",""next_day"":true}]}}",afisha,https://www.afisha.ru/msk/restaurant/ryby-net-151051/,True,2026-05-24T07:50:40+00:00,2026-05-24T07:50:40+00:00
afisha-msk-didi-346479,Didi,"Тбилисская кухня на Тверском бульваре. Ресторан тбилисской кухни на Тверском бульваре, на первом этаже гостиницы «Ист-Вест»; младший брат кафе Patara. При этом Didi в 2 раза больше по площади, то есть гулять можно и семьей, и компанией. Бренд-шеф Изо Дзандзава готовит по маминым…","Тверской б-р, 14, стр. 4",55.7598,37.601517,понедельник: 11:00–24:00; вторник: 11:00–24:00; среда: 11:00–24:00; четверг: 11:00–24:00; пятница: 11:00–24:00; суббота: 11:00–24:00; воскресенье: 11:00–24:00,"{""timezone"":""Europe/Moscow"",""weekly"":{""mon"":[{""from"":""11:00"",""to"":""00:00"",""next_day"":true}],""tue"":[{""from"":""11:00"",""to"":""00:00"",""next_day"":true}],""wed"":[{""from"":""11:00"",""to"":""00:00"",""next_day"":true}],""thu"":[{""from"":""11:00"",""to"":""00:00"",""next_day"":true}],""fri"":[{""from"":""11:00"",""to"":""00:00"",""next_day"":true}],""sat"":[{""from"":""11:00"",""to"":""00:00"",""next_day"":true}],""sun"":[{""from"":""11:00"",""to"":""00:00"",""next_day"":true}]}}",afisha,https://www.afisha.ru/msk/restaurant/didi-346479/,True,2026-05-24T07:50:40+00:00,2026-05-24T07:50:40+00:00
afisha-msk-voronezh-zakusochnaia-i-miasnaia-lavka-140281,Воронеж. Закусочная и мясная лавка,"Бистро на первом этаже мясного ресторана Александра Раппопорта. Самая демократичная часть «Воронежа»: налево от входа — витрины с мясом и фаршем, высокие столы, не очень удобные (чтобы не засиживались) стулья, бургеры, сосиски, сэндвичи, стейки, вологодский пломбир, имбирный эль…","Пречистенка, 4, 1 этаж",55.7445898,37.6010836,понедельник: 12:00–24:00; вторник: 12:00–24:00; среда: 12:00–24:00; четверг: 12:00–24:00; пятница: 12:00–24:00; суббота: 12:00–24:00; воскресенье: 12:00–24:00,"{""timezone"":""Europe/Moscow"",""weekly"":{""mon"":[{""from"":""12:00"",""to"":""00:00"",""next_day"":true}],""tue"":[{""from"":""12:00"",""to"":""00:00"",""next_day"":true}],""wed"":[{""from"":""12:00"",""to"":""00:00"",""next_day"":true}],""thu"":[{""from"":""12:00"",""to"":""00:00"",""next_day"":true}],""fri"":[{""from"":""12:00"",""to"":""00:00"",""next_day"":true}],""sat"":[{""from"":""12:00"",""to"":""00:00"",""next_day"":true}],""sun"":[{""from"":""12:00"",""to"":""00:00"",""next_day"":true}]}}",afisha,https://www.afisha.ru/msk/restaurant/voronezh-zakusochnaia-i-miasnaia-lavka-140281/,True,2026-05-24T07:50:40+00:00,2026-05-24T07:50:40+00:00
afisha-msk-zhan-zhak-20387,Жан-Жак,"Винный бар и бистро, облюбованное творческой интеллигенцией. С тех пор, как «Жан-Жак» оброс множеством сводных братьев и сестер, в городе открылось миллион мест наряднее, где и паштеты нежнее, и вино поприличнее. Но для наблюдения за городом и горожанами все равно ничего лучше…","Никитский б-р, 12",55.7554487,37.6005849,понедельник: 12:00–24:00; вторник: 12:00–24:00; среда: 12:00–24:00; четверг: 12:00–06:00; пятница: 12:00–06:00; суббота: 12:00–06:00; воскресенье: 12:00–24:00,"{""timezone"":""Europe/Moscow"",""weekly"":{""mon"":[{""from"":""12:00"",""to"":""00:00"",""next_day"":true}],""tue"":[{""from"":""12:00"",""to"":""00:00"",""next_day"":true}],""wed"":[{""from"":""12:00"",""to"":""00:00"",""next_day"":true}],""thu"":[{""from"":""12:00"",""to"":""06:00"",""next_day"":true}],""fri"":[{""from"":""12:00"",""to"":""06:00"",""next_day"":true}],""sat"":[{""from"":""12:00"",""to"":""06:00"",""next_day"":true}],""sun"":[{""from"":""12:00"",""to"":""00:00"",""next_day"":true}]}}",afisha,https://www.afisha.ru/msk/restaurant/zhan-zhak-20387/,True,2026-05-24T07:50:40+00:00,2026-05-24T07:50:40+00:00
afisha-msk-moskovskoe-nebo-174446,Московское небо,"Советские мотивы на ВДНХ. Один из самых красивых ресторанов на ВДНХ «Московское небо» работает в павильоне №422, рядом с павильоном «Космос» и Дворцом бракосочетаний. Меню выстроено, на первый взгляд, по лекалам «Книги о вкусной и здоровой пище», однако не так все просто.…","просп. Мира, 119, стр. 422, ВДНХ",55.8353363,37.6257644,понедельник: 11:00–23:00; вторник: 11:00–23:00; среда: 11:00–23:00; четверг: 11:00–23:00; пятница: 11:00–23:00; суббота: 11:00–23:00; воскресенье: 11:00–23:00,"{""timezone"":""Europe/Moscow"",""weekly"":{""mon"":[{""from"":""11:00"",""to"":""23:00""}],""tue"":[{""from"":""11:00"",""to"":""23:00""}],""wed"":[{""from"":""11:00"",""to"":""23:00""}],""thu"":[{""from"":""11:00"",""to"":""23:00""}],""fri"":[{""from"":""11:00"",""to"":""23:00""}],""sat"":[{""from"":""11:00"",""to"":""23:00""}],""sun"":[{""from"":""11:00"",""to"":""23:00""}]}}",afisha,https://www.afisha.ru/msk/restaurant/moskovskoe-nebo-174446/,True,2026-05-24T07:50:40+00:00,2026-05-24T07:50:40+00:00
afisha-msk-tsarskaia-okhota-20439,Царская охота,"Респектабельный ресторан Аркадия Новикова в Жуковке. Многие годы «Царская охота» под руководством шеф-повар Дмитрия Каневского сохраняет славу одного из лучших ресторанов, работающих в непростом стиле русской охотничьей кухни. Готовят здесь и пельмени, с дичью и простые, с…","Одинцовский р-н, дер. Жуковка, Рублево-Успенское ш., 186а",55.7374252,37.24812,понедельник: 12:00–24:00; вторник: 12:00–24:00; среда: 12:00–24:00; четверг: 12:00–24:00; пятница: 12:00–24:00; суббота: 12:00–24:00; воскресенье: 12:00–24:00,"{""timezone"":""Europe/Moscow"",""weekly"":{""mon"":[{""from"":""12:00"",""to"":""00:00"",""next_day"":true}],""tue"":[{""from"":""12:00"",""to"":""00:00"",""next_day"":true}],""wed"":[{""from"":""12:00"",""to"":""00:00"",""next_day"":true}],""thu"":[{""from"":""12:00"",""to"":""00:00"",""next_day"":true}],""fri"":[{""from"":""12:00"",""to"":""00:00"",""next_day"":true}],""sat"":[{""from"":""12:00"",""to"":""00:00"",""next_day"":true}],""sun"":[{""from"":""12:00"",""to"":""00:00"",""next_day"":true}]}}",afisha,https://www.afisha.ru/msk/restaurant/tsarskaia-okhota-20439/,True,2026-05-24T07:50:40+00:00,2026-05-24T07:50:40+00:00
afisha-msk-tsdl-45701,ЦДЛ,"Большой шаг в сторону родины. Один из самых старых и заслуженных московских ресторанов. Настоящую славу «ЦДЛ» составили два человека — ресторатор Андрей Деллос и шеф-повар Александр Попов, в течение четырнадцати лет практиковавшие здесь эталонную русскую роскошь. Затем ресторан…","Поварская, 50/53",55.757489,37.5871903,понедельник: 10:00–24:00; вторник: 10:00–24:00; среда: 10:00–24:00; четверг: 10:00–24:00; пятница: 10:00–24:00; суббота: 12:00–24:00; воскресенье: 12:00–24:00,"{""timezone"":""Europe/Moscow"",""weekly"":{""mon"":[{""from"":""10:00"",""to"":""00:00"",""next_day"":true}],""tue"":[{""from"":""10:00"",""to"":""00:00"",""next_day"":true}],""wed"":[{""from"":""10:00"",""to"":""00:00"",""next_day"":true}],""thu"":[{""from"":""10:00"",""to"":""00:00"",""next_day"":true}],""fri"":[{""from"":""10:00"",""to"":""00:00"",""next_day"":true}],""sat"":[{""from"":""12:00"",""to"":""00:00"",""next_day"":true}],""sun"":[{""from"":""12:00"",""to"":""00:00"",""next_day"":true}]}}",afisha,https://www.afisha.ru/msk/restaurant/tsdl-45701/,True,2026-05-24T07:50:40+00:00,2026-05-24T07:50:40+00:00
afisha-msk-bamboobar-29554,Bamboo.bar,"Паназиатская кухня у подножия Сити. Двухэтажный резидент в башне «Город столиц» с видом на Пресненскую набережную. Шеф-повар Сергей Кожаков готовит паназиатские блюда, а бармены смешивают тропические коктейли, знакомят с коллекцией саке и японского виски. С четверга по субботу…","Пресненская наб., 8, стр. 1, ММДЦ «Москва-Сити», башня «Город столиц»",55.7470429,37.5392962,понедельник: 09:00–06:00; вторник: 09:00–06:00; среда: 09:00–06:00; четверг: 09:00–06:00; пятница: 09:00–06:00; суббота: 11:00–06:00; воскресенье: 11:00–06:00,"{""timezone"":""Europe/Moscow"",""weekly"":{""mon"":[{""from"":""09:00"",""to"":""06:00"",""next_day"":true}],""tue"":[{""from"":""09:00"",""to"":""06:00"",""next_day"":true}],""wed"":[{""from"":""09:00"",""to"":""06:00"",""next_day"":true}],""thu"":[{""from"":""09:00"",""to"":""06:00"",""next_day"":true}],""fri"":[{""from"":""09:00"",""to"":""06:00"",""next_day"":true}],""sat"":[{""from"":""11:00"",""to"":""06:00"",""next_day"":true}],""sun"":[{""from"":""11:00"",""to"":""06:00"",""next_day"":true}]}}",afisha,https://www.afisha.ru/msk/restaurant/bamboobar-29554/,True,2026-05-24T07:50:40+00:00,2026-05-24T07:50:40+00:00
afisha-msk-buba-by-sumosan-47375,Buba by Sumosan,"Небольшой суши-бар в «Сити». Небольшой суши-бар Buba на нулевом этаже башни «Город столиц» в «Москва-Сити». В нем всего 37 посадочных мест — высокие стулья вокруг барной стойки. Кухню поставил бренд-шеф сети Sumosan Бубкер Белкхит. В меню — суши, роллы, закуски (от кимчи до…","Пресненская наб., 8, стр. 1, ММДЦ «Москва-Сити», башня «Город столиц»",55.7470642,37.5392445,понедельник: 11:00–22:00; вторник: 11:00–22:00; среда: 11:00–22:00; четверг: 11:00–22:00; пятница: 11:00–22:00; суббота: 12:00–22:00; воскресенье: 12:00–22:00,"{""timezone"":""Europe/Moscow"",""weekly"":{""mon"":[{""from"":""11:00"",""to"":""22:00""}],""tue"":[{""from"":""11:00"",""to"":""22:00""}],""wed"":[{""from"":""11:00"",""to"":""22:00""}],""thu"":[{""from"":""11:00"",""to"":""22:00""}],""fri"":[{""from"":""11:00"",""to"":""22:00""}],""sat"":[{""from"":""12:00"",""to"":""22:00""}],""sun"":[{""from"":""12:00"",""to"":""22:00""}]}}",afisha,https://www.afisha.ru/msk/restaurant/buba-by-sumosan-47375/,True,2026-05-24T07:50:40+00:00,2026-05-24T07:50:40+00:00
afisha-msk-beloe-solntse-pustyni-20482,Белое солнце пустыни,"«Павлины, говоришь?». «Узбекская, арабская, паназиатская и закавказская кухня», — так это меню охарактеризовали сами рестораторы. «Белое солнце пустыни» находится на территории бывших банкетных залов еще советского ресторана «Узбекистан», чей размах и соблюдение традиций…","Неглинная, 29",55.7658728,37.6201636,понедельник: 12:00–24:00; вторник: 12:00–24:00; среда: 12:00–24:00; четверг: 12:00–24:00; пятница: 12:00–24:00; суббота: 12:00–24:00; воскресенье: 12:00–24:00,"{""timezone"":""Europe/Moscow"",""weekly"":{""mon"":[{""from"":""12:00"",""to"":""00:00"",""next_day"":true}],""tue"":[{""from"":""12:00"",""to"":""00:00"",""next_day"":true}],""wed"":[{""from"":""12:00"",""to"":""00:00"",""next_day"":true}],""thu"":[{""from"":""12:00"",""to"":""00:00"",""next_day"":true}],""fri"":[{""from"":""12:00"",""to"":""00:00"",""next_day"":true}],""sat"":[{""from"":""12:00"",""to"":""00:00"",""next_day"":true}],""sun"":[{""from"":""12:00"",""to"":""00:00"",""next_day"":true}]}}",afisha,https://www.afisha.ru/msk/restaurant/beloe-solntse-pustyni-20482/,True,2026-05-24T07:50:40+00:00,2026-05-24T07:50:40+00:00
afisha-msk-belfast-23230,Белфаст,Ирландский паб с танцами,"Ср.Овчинниковский пер., 1, стр. 13, вход с Овчинниковской наб.",55.7451098,37.6306712,понедельник: 12:00–24:00; вторник: 12:00–24:00; среда: 12:00–24:00; четверг: 12:00–24:00; пятница: 12:00–02:00; суббота: 15:00–02:00; воскресенье: 15:00–24:00,"{""timezone"":""Europe/Moscow"",""weekly"":{""mon"":[{""from"":""12:00"",""to"":""00:00"",""next_day"":true}],""tue"":[{""from"":""12:00"",""to"":""00:00"",""next_day"":true}],""wed"":[{""from"":""12:00"",""to"":""00:00"",""next_day"":true}],""thu"":[{""from"":""12:00"",""to"":""00:00"",""next_day"":true}],""fri"":[{""from"":""12:00"",""to"":""02:00"",""next_day"":true}],""sat"":[{""from"":""15:00"",""to"":""02:00"",""next_day"":true}],""sun"":[{""from"":""15:00"",""to"":""00:00"",""next_day"":true}]}}",afisha,https://www.afisha.ru/msk/restaurant/belfast-23230/,True,2026-05-24T07:50:40+00:00,2026-05-24T07:50:40+00:00
afisha-msk-krabykutaby-458318,Крабыкутабы,"Крабы, кутабы, хумус и другие радости на Лесной. Богатый, красивый и вкусный ресторан на Лесной улице, на территории бывшего Миусского трамвайного депо, на глазах становящегося местом если не силы, то хорошей еды точно. Проект Александра Раппопорта; шеф-повар — Артем Мартиросов.…","Лесная, 20, стр. 4, фуд-молл «Депо. Москва»",55.779474,37.59189,понедельник: 12:00–24:00; вторник: 12:00–24:00; среда: 12:00–24:00; четверг: 12:00–24:00; пятница: 12:00–01:00; суббота: 11:00–01:00; воскресенье: 11:00–24:00,"{""timezone"":""Europe/Moscow"",""weekly"":{""mon"":[{""from"":""12:00"",""to"":""00:00"",""next_day"":true}],""tue"":[{""from"":""12:00"",""to"":""00:00"",""next_day"":true}],""wed"":[{""from"":""12:00"",""to"":""00:00"",""next_day"":true}],""thu"":[{""from"":""12:00"",""to"":""00:00"",""next_day"":true}],""fri"":[{""from"":""12:00"",""to"":""01:00"",""next_day"":true}],""sat"":[{""from"":""11:00"",""to"":""01:00"",""next_day"":true}],""sun"":[{""from"":""11:00"",""to"":""00:00"",""next_day"":true}]}}",afisha,https://www.afisha.ru/msk/restaurant/krabykutaby-458318/,True,2026-05-24T07:50:40+00:00,2026-05-24T07:50:40+00:00
afisha-msk-porto-mikonos-259661,Порто Миконос,"Греческий ресторан на Сущевской улице. Место с греческой кухней, расположенное в торце БК «Атмосфера» на Сущевской улице. Интерьер с характерной сине-белой расцветкой пестрит росписями на стенах. Здесь можно заказать традиционные греческие блюда (владельцы «Миконоса» — настоящие…","Сущевская, 27, стр. 1, БЦ «Атмосфера»",55.7833685,37.6012709,понедельник: 12:00–23:00; вторник: 12:00–23:00; среда: 12:00–23:00; четверг: 12:00–23:00; пятница: 12:00–24:00; суббота: 12:00–24:00; воскресенье: 12:00–23:00,"{""timezone"":""Europe/Moscow"",""weekly"":{""mon"":[{""from"":""12:00"",""to"":""23:00""}],""tue"":[{""from"":""12:00"",""to"":""23:00""}],""wed"":[{""from"":""12:00"",""to"":""23:00""}],""thu"":[{""from"":""12:00"",""to"":""23:00""}],""fri"":[{""from"":""12:00"",""to"":""00:00"",""next_day"":true}],""sat"":[{""from"":""12:00"",""to"":""00:00"",""next_day"":true}],""sun"":[{""from"":""12:00"",""to"":""23:00""}]}}",afisha,https://www.afisha.ru/msk/restaurant/porto-mikonos-259661/,True,2026-05-24T07:50:40+00:00,2026-05-24T07:50:40+00:00
afisha-msk-el-gaucho-20207,Эль гаучо,"Мясной ресторан по-аргентински. Первый «Эль гаучо» появился в Москве еще в конце прошлого века. Обстоятельно, дорого, но без ненужного пафоса. Стейки готовят на аргентинском гриле Parilla, выставленном в зале, и приносят на раскаленных стальных танках (также выписанных из…","Зацепский Вал, 6/13",55.7329038,37.6393929,понедельник: 11:30–24:00; вторник: 11:30–24:00; среда: 11:30–24:00; четверг: 11:30–24:00; пятница: 11:30–24:00; суббота: 11:30–24:00; воскресенье: 11:30–24:00,"{""timezone"":""Europe/Moscow"",""weekly"":{""mon"":[{""from"":""11:30"",""to"":""00:00"",""next_day"":true}],""tue"":[{""from"":""11:30"",""to"":""00:00"",""next_day"":true}],""wed"":[{""from"":""11:30"",""to"":""00:00"",""next_day"":true}],""thu"":[{""from"":""11:30"",""to"":""00:00"",""next_day"":true}],""fri"":[{""from"":""11:30"",""to"":""00:00"",""next_day"":true}],""sat"":[{""from"":""11:30"",""to"":""00:00"",""next_day"":true}],""sun"":[{""from"":""11:30"",""to"":""00:00"",""next_day"":true}]}}",afisha,https://www.afisha.ru/msk/restaurant/el-gaucho-20207/,True,2026-05-24T07:50:40+00:00,2026-05-24T07:50:40+00:00
afisha-msk-tutto-bene-29184,Tutto bene,Немного Италии в «Сити»,"Пресненская наб., 8, стр. 1, ММДЦ «Москва-Сити», башня «Город столиц»",55.7470489,37.5392747,понедельник: 09:00–06:00; вторник: 09:00–06:00; среда: 09:00–06:00; четверг: 09:00–06:00; пятница: 09:00–06:00; суббота: 10:00–06:00; воскресенье: 10:00–06:00,"{""timezone"":""Europe/Moscow"",""weekly"":{""mon"":[{""from"":""09:00"",""to"":""06:00"",""next_day"":true}],""tue"":[{""from"":""09:00"",""to"":""06:00"",""next_day"":true}],""wed"":[{""from"":""09:00"",""to"":""06:00"",""next_day"":true}],""thu"":[{""from"":""09:00"",""to"":""06:00"",""next_day"":true}],""fri"":[{""from"":""09:00"",""to"":""06:00"",""next_day"":true}],""sat"":[{""from"":""10:00"",""to"":""06:00"",""next_day"":true}],""sun"":[{""from"":""10:00"",""to"":""06:00"",""next_day"":true}]}}",afisha,https://www.afisha.ru/msk/restaurant/tutto-bene-29184/,True,2026-05-24T07:50:40+00:00,2026-05-24T07:50:40+00:00
afisha-msk-ess-thetik-39700,Ess-Thetik,"Сосиски всех мастей. На Малой Бронной, рядом с рестораном Uilliam’s, работает австрийское бистро на 4 стола. В меню — сосиски, мясной хлеб, пиво, а также сэндвичи, панини и картофель фри. Сосиски подаются как традиционно, на деревянной тарелке с тушеной капустой, так и в виде…","М.Бронная, 20, стр. 1",55.7623285,37.5957269,понедельник: 13:00–24:00; вторник: 13:00–24:00; среда: 13:00–24:00; четверг: 13:00–24:00; пятница: 13:00–24:00; суббота: 13:00–24:00; воскресенье: 13:00–24:00,"{""timezone"":""Europe/Moscow"",""weekly"":{""mon"":[{""from"":""13:00"",""to"":""00:00"",""next_day"":true}],""tue"":[{""from"":""13:00"",""to"":""00:00"",""next_day"":true}],""wed"":[{""from"":""13:00"",""to"":""00:00"",""next_day"":true}],""thu"":[{""from"":""13:00"",""to"":""00:00"",""next_day"":true}],""fri"":[{""from"":""13:00"",""to"":""00:00"",""next_day"":true}],""sat"":[{""from"":""13:00"",""to"":""00:00"",""next_day"":true}],""sun"":[{""from"":""13:00"",""to"":""00:00"",""next_day"":true}]}}",afisha,https://www.afisha.ru/msk/restaurant/ess-thetik-39700/,True,2026-05-24T07:50:40+00:00,2026-05-24T07:50:40+00:00
afisha-msk-ribambelle-green-46934,Ribambelle Аптекарский огород,"Семейный клуб-ресторан в «Аптекарском огороде». Второй Ribambelle — это место, куда можно прийти с ребенком любого возраста, и одновременно ресторан. Точно так же обстояли дела в первом заведении, которое уже несколько лет работает в ТЦ «Времена года» и даже заняло в 2013 году…","Ботанический пер., 5, отель Garden Embassy",55.777968,37.637659,понедельник: 10:00–22:00; вторник: 10:00–22:00; среда: 10:00–22:00; четверг: 10:00–22:00; пятница: 10:00–22:00; суббота: 10:00–22:00; воскресенье: 10:00–22:00,"{""timezone"":""Europe/Moscow"",""weekly"":{""mon"":[{""from"":""10:00"",""to"":""22:00""}],""tue"":[{""from"":""10:00"",""to"":""22:00""}],""wed"":[{""from"":""10:00"",""to"":""22:00""}],""thu"":[{""from"":""10:00"",""to"":""22:00""}],""fri"":[{""from"":""10:00"",""to"":""22:00""}],""sat"":[{""from"":""10:00"",""to"":""22:00""}],""sun"":[{""from"":""10:00"",""to"":""22:00""}]}}",afisha,https://www.afisha.ru/msk/restaurant/ribambelle-green-46934/,True,2026-05-24T07:50:40+00:00,2026-05-24T07:50:40+00:00
afisha-msk-sixty-33286,Sixty,"Одна из главных панорам в Москве. Один из самых высоких ресторанов в Европе — аж 62-й этаж башни «Федерация», не шутка. Вид действительно потрясающий, от чего происходит и главная здешняя проблема: столов у окна на всех желающих не хватает; как показывает практика, предпочтение…","Пресненская наб., 12, ММДЦ «Москва-Сити», башня «Федерация», 62 этаж",55.7495538,37.5370648,понедельник: 12:00–24:00; вторник: 12:00–24:00; среда: 12:00–24:00; четверг: 12:00–24:00; пятница: 12:00–24:00; суббота: 12:00–24:00; воскресенье: 12:00–24:00,"{""timezone"":""Europe/Moscow"",""weekly"":{""mon"":[{""from"":""12:00"",""to"":""00:00"",""next_day"":true}],""tue"":[{""from"":""12:00"",""to"":""00:00"",""next_day"":true}],""wed"":[{""from"":""12:00"",""to"":""00:00"",""next_day"":true}],""thu"":[{""from"":""12:00"",""to"":""00:00"",""next_day"":true}],""fri"":[{""from"":""12:00"",""to"":""00:00"",""next_day"":true}],""sat"":[{""from"":""12:00"",""to"":""00:00"",""next_day"":true}],""sun"":[{""from"":""12:00"",""to"":""00:00"",""next_day"":true}]}}",afisha,https://www.afisha.ru/msk/restaurant/sixty-33286/,True,2026-05-24T07:50:40+00:00,2026-05-24T07:50:40+00:00
afisha-msk-bolshoi-28017,Большой,"Голубцы и фуа-гра в окружении колонн и мебели Ральфа Лорена. Классический ресторан-landmark, без стилизаций и заигрываний с лубком. Единственный ресторан Новикова, у которого есть все шансы через 20 лет остаться на том же месте и в том же виде: стабильная кухня и вышколенный без…","Петровка, 3/6, стр. 2",55.7613188,37.6182525,понедельник: 08:00–24:00; вторник: 08:00–24:00; среда: 08:00–24:00; четверг: 08:00–24:00; пятница: 08:00–24:00; суббота: 12:00–24:00; воскресенье: 12:00–24:00,"{""timezone"":""Europe/Moscow"",""weekly"":{""mon"":[{""from"":""08:00"",""to"":""00:00"",""next_day"":true}],""tue"":[{""from"":""08:00"",""to"":""00:00"",""next_day"":true}],""wed"":[{""from"":""08:00"",""to"":""00:00"",""next_day"":true}],""thu"":[{""from"":""08:00"",""to"":""00:00"",""next_day"":true}],""fri"":[{""from"":""08:00"",""to"":""00:00"",""next_day"":true}],""sat"":[{""from"":""12:00"",""to"":""00:00"",""next_day"":true}],""sun"":[{""from"":""12:00"",""to"":""00:00"",""next_day"":true}]}}",afisha,https://www.afisha.ru/msk/restaurant/bolshoi-28017/,True,2026-05-24T07:50:40+00:00,2026-05-24T07:50:40+00:00
afisha-msk-vizir-makhallia-graf-orlov-31932,Визирь Махалля & Граф Орлов,"Кухня Центральной Азии на Шаболовке. Довольно дорогой ресторан в особняке XVIII века, возможно, построенном архитектором Казаковым, — место, куда уместно ходить скорее по важному поводу, чем на бизнес-ланч. Тем более если хотите поесть традиционного плова. Он подается в «Визирь…","2-й В.Михайловский пр., 2, усадьба графа Орлова",55.7095926,37.6051479,понедельник: 12:00–24:00; вторник: 12:00–24:00; среда: 12:00–24:00; четверг: 12:00–24:00; пятница: 12:00–24:00; суббота: 12:00–24:00; воскресенье: 12:00–24:00,"{""timezone"":""Europe/Moscow"",""weekly"":{""mon"":[{""from"":""12:00"",""to"":""00:00"",""next_day"":true}],""tue"":[{""from"":""12:00"",""to"":""00:00"",""next_day"":true}],""wed"":[{""from"":""12:00"",""to"":""00:00"",""next_day"":true}],""thu"":[{""from"":""12:00"",""to"":""00:00"",""next_day"":true}],""fri"":[{""from"":""12:00"",""to"":""00:00"",""next_day"":true}],""sat"":[{""from"":""12:00"",""to"":""00:00"",""next_day"":true}],""sun"":[{""from"":""12:00"",""to"":""00:00"",""next_day"":true}]}}",afisha,https://www.afisha.ru/msk/restaurant/vizir-makhallia-graf-orlov-31932/,True,2026-05-24T07:50:40+00:00,2026-05-24T07:50:40+00:00
afisha-msk-dom-kultur-458903,Дом культур,"Комфорт-фуд нового образца на Сретенке. Ресторан на втором этаже одноименного мультикультурного кластера в начале Сретенки (на первом работает кафе Food. Rec., на третьем открывается парикмахерская Mute). «Дом культур» — совместный проект Игоря Подстрешного, Ольги Корнеевой и…","Сретенка, 23/25, стр. 1",55.7708379,37.6322007,понедельник: 12:00–24:00; вторник: 12:00–24:00; среда: 12:00–24:00; четверг: 12:00–24:00; пятница: 12:00–03:00; суббота: 12:00–03:00; воскресенье: 12:00–24:00,"{""timezone"":""Europe/Moscow"",""weekly"":{""mon"":[{""from"":""12:00"",""to"":""00:00"",""next_day"":true}],""tue"":[{""from"":""12:00"",""to"":""00:00"",""next_day"":true}],""wed"":[{""from"":""12:00"",""to"":""00:00"",""next_day"":true}],""thu"":[{""from"":""12:00"",""to"":""00:00"",""next_day"":true}],""fri"":[{""from"":""12:00"",""to"":""03:00"",""next_day"":true}],""sat"":[{""from"":""12:00"",""to"":""03:00"",""next_day"":true}],""sun"":[{""from"":""12:00"",""to"":""00:00"",""next_day"":true}]}}",afisha,https://www.afisha.ru/msk/restaurant/dom-kultur-458903/,True,2026-05-24T07:50:40+00:00,2026-05-24T07:50:40+00:00
afisha-msk-kitaiskaia-gramota-v-barvikhe-87480,Китайская грамота в Барвихе,"Китайщина Раппопорта: luxury edition. Вторая «Китайская грамота» Александра Раппопорта в Барвихе, точнее в Barvikha Luxury Village, — на месте ресторана «Опиум». Интерьер двухэтажного ресторана весьма напоминает «КГ» на Сретенке и слегка — «Мандарин. Лапша и утки», с которым у…","Одинцовский р-н, пос. Барвиха, 114, стр. 2, на территории ТРК «Барвиха Luxury Village»",55.7394186,37.2663321,понедельник: 12:00–23:00; вторник: 12:00–23:00; среда: 12:00–23:00; четверг: 12:00–23:00; пятница: 12:00–23:00; суббота: 12:00–23:00; воскресенье: 12:00–23:00,"{""timezone"":""Europe/Moscow"",""weekly"":{""mon"":[{""from"":""12:00"",""to"":""23:00""}],""tue"":[{""from"":""12:00"",""to"":""23:00""}],""wed"":[{""from"":""12:00"",""to"":""23:00""}],""thu"":[{""from"":""12:00"",""to"":""23:00""}],""fri"":[{""from"":""12:00"",""to"":""23:00""}],""sat"":[{""from"":""12:00"",""to"":""23:00""}],""sun"":[{""from"":""12:00"",""to"":""23:00""}]}}",afisha,https://www.afisha.ru/msk/restaurant/kitaiskaia-gramota-v-barvikhe-87480/,True,2026-05-24T07:50:40+00:00,2026-05-24T07:50:40+00:00
afisha-msk-chemodan-33086,Чемодан,"Артистический ресторан с сибирской кухней. Ресторан сибирской кухни с традиционными, мало кому известными настойками: ерофеич (56 градусов) и ратафия (до 52 градусов).","Гоголевский б-р, 25",55.7486687,37.5994047,понедельник: 12:00–24:00; вторник: 12:00–24:00; среда: 12:00–24:00; четверг: 12:00–24:00; пятница: 12:00–24:00; суббота: 12:00–24:00; воскресенье: 12:00–24:00,"{""timezone"":""Europe/Moscow"",""weekly"":{""mon"":[{""from"":""12:00"",""to"":""00:00"",""next_day"":true}],""tue"":[{""from"":""12:00"",""to"":""00:00"",""next_day"":true}],""wed"":[{""from"":""12:00"",""to"":""00:00"",""next_day"":true}],""thu"":[{""from"":""12:00"",""to"":""00:00"",""next_day"":true}],""fri"":[{""from"":""12:00"",""to"":""00:00"",""next_day"":true}],""sat"":[{""from"":""12:00"",""to"":""00:00"",""next_day"":true}],""sun"":[{""from"":""12:00"",""to"":""00:00"",""next_day"":true}]}}",afisha,https://www.afisha.ru/msk/restaurant/chemodan-33086/,True,2026-05-24T07:50:40+00:00,2026-05-24T07:50:40+00:00
afisha-msk-baccarat-cristal-room-24557,Baccarat Cristal Room,Французская кухня в интерьерах Филиппа Старка.,"Никольская, 19–21, 2 этаж",55.7584936,37.6239252,понедельник: 12:00–23:00; вторник: 12:00–23:00; среда: 12:00–23:00; четверг: 12:00–23:00; пятница: 12:00–23:00; суббота: 12:00–23:00; воскресенье: 12:00–23:00,"{""timezone"":""Europe/Moscow"",""weekly"":{""mon"":[{""from"":""12:00"",""to"":""23:00""}],""tue"":[{""from"":""12:00"",""to"":""23:00""}],""wed"":[{""from"":""12:00"",""to"":""23:00""}],""thu"":[{""from"":""12:00"",""to"":""23:00""}],""fri"":[{""from"":""12:00"",""to"":""23:00""}],""sat"":[{""from"":""12:00"",""to"":""23:00""}],""sun"":[{""from"":""12:00"",""to"":""23:00""}]}}",afisha,https://www.afisha.ru/msk/restaurant/baccarat-cristal-room-24557/,True,2026-05-24T07:50:40+00:00,2026-05-24T07:50:40+00:00
afisha-msk-craft-republic-48886,Craft Republic,"Шумный крафтовый паб на Страстном. Очень шумно, не очень чисто — но знатоки крафта согласны терпеть любые неудобства и сидеть буквально друг у друга на головах. Пиво на кранах меняется довольно часто, не реже раза в месяц, плюс к тому регулярно подвозят что-нибудь интересное в…","М.Гнездниковский пер., 9, стр. 7",55.762779,37.6064979,понедельник: 14:00–24:00; вторник: 14:00–24:00; среда: 14:00–24:00; четверг: 14:00–02:00; пятница: 14:00–04:00; суббота: 14:00–04:00; воскресенье: 14:00–24:00,"{""timezone"":""Europe/Moscow"",""weekly"":{""mon"":[{""from"":""14:00"",""to"":""00:00"",""next_day"":true}],""tue"":[{""from"":""14:00"",""to"":""00:00"",""next_day"":true}],""wed"":[{""from"":""14:00"",""to"":""00:00"",""next_day"":true}],""thu"":[{""from"":""14:00"",""to"":""02:00"",""next_day"":true}],""fri"":[{""from"":""14:00"",""to"":""04:00"",""next_day"":true}],""sat"":[{""from"":""14:00"",""to"":""04:00"",""next_day"":true}],""sun"":[{""from"":""14:00"",""to"":""00:00"",""next_day"":true}]}}",afisha,https://www.afisha.ru/msk/restaurant/craft-republic-48886/,True,2026-05-24T07:50:40+00:00,2026-05-24T07:50:40+00:00
afisha-msk-steak-it-easy-346782,Steak It Easy,Стейки в «Афимолле». Стейковый ресторан на 5-м этаже ТК «Афимолл». Еще один удачный проект Алексей и Дмитрия Васильчуков. Вино — зона ответственности компании Simple.,"Пресненская наб., 2, ТЦ «Афимолл-сити», 5 этаж",55.7486942,37.538911,понедельник: 11:00–24:00; вторник: 11:00–24:00; среда: 11:00–24:00; четверг: 11:00–24:00; пятница: 11:00–24:00; суббота: 11:00–24:00; воскресенье: 11:00–24:00,"{""timezone"":""Europe/Moscow"",""weekly"":{""mon"":[{""from"":""11:00"",""to"":""00:00"",""next_day"":true}],""tue"":[{""from"":""11:00"",""to"":""00:00"",""next_day"":true}],""wed"":[{""from"":""11:00"",""to"":""00:00"",""next_day"":true}],""thu"":[{""from"":""11:00"",""to"":""00:00"",""next_day"":true}],""fri"":[{""from"":""11:00"",""to"":""00:00"",""next_day"":true}],""sat"":[{""from"":""11:00"",""to"":""00:00"",""next_day"":true}],""sun"":[{""from"":""11:00"",""to"":""00:00"",""next_day"":true}]}}",afisha,https://www.afisha.ru/msk/restaurant/steak-it-easy-346782/,True,2026-05-24T07:50:40+00:00,2026-05-24T07:50:40+00:00
afisha-msk-ekspeditsiia-severnaia-kukhnia-22372,Экспедиция. Северная кухня,"Северные и дальневосточные деликатесы. Ресторан в Певческом переулке, с которого практически и началось всеобщее увлечение северными и дальневосточными деликатесами. Обожаем отставными генералами, крупными провинциальными хозяйственниками и депутатами всех уровней. Еда отличная,…","Певческий пер., 6",55.7515532,37.6415357,понедельник: 12:00–24:00; вторник: 12:00–24:00; среда: 12:00–24:00; четверг: 12:00–24:00; пятница: 12:00–24:00; суббота: 12:00–24:00; воскресенье: 12:00–24:00,"{""timezone"":""Europe/Moscow"",""weekly"":{""mon"":[{""from"":""12:00"",""to"":""00:00"",""next_day"":true}],""tue"":[{""from"":""12:00"",""to"":""00:00"",""next_day"":true}],""wed"":[{""from"":""12:00"",""to"":""00:00"",""next_day"":true}],""thu"":[{""from"":""12:00"",""to"":""00:00"",""next_day"":true}],""fri"":[{""from"":""12:00"",""to"":""00:00"",""next_day"":true}],""sat"":[{""from"":""12:00"",""to"":""00:00"",""next_day"":true}],""sun"":[{""from"":""12:00"",""to"":""00:00"",""next_day"":true}]}}",afisha,https://www.afisha.ru/msk/restaurant/ekspeditsiia-severnaia-kukhnia-22372/,True,2026-05-24T07:50:40+00:00,2026-05-24T07:50:40+00:00
afisha-msk-lions-head-pub-197317,Lion's Head Pub,"Новое место владельцев сети пабов Tap & Barrel Pub и The Tipsy Pub. Меню продумали под пиво, которого тут 25 сортов разливного и 17 — бутылочного. Упор сделан на ирландских производителей. Есть три специальных стола со встроенными пивными кранами, каждый на шесть человек — гости…","Мясницкая, 15",55.763108,37.634865,понедельник: 12:00–24:00; вторник: 12:00–24:00; среда: 12:00–24:00; четверг: 12:00–24:00; пятница: 12:00–06:00; суббота: 12:00–06:00; воскресенье: 12:00–24:00,"{""timezone"":""Europe/Moscow"",""weekly"":{""mon"":[{""from"":""12:00"",""to"":""00:00"",""next_day"":true}],""tue"":[{""from"":""12:00"",""to"":""00:00"",""next_day"":true}],""wed"":[{""from"":""12:00"",""to"":""00:00"",""next_day"":true}],""thu"":[{""from"":""12:00"",""to"":""00:00"",""next_day"":true}],""fri"":[{""from"":""12:00"",""to"":""06:00"",""next_day"":true}],""sat"":[{""from"":""12:00"",""to"":""06:00"",""next_day"":true}],""sun"":[{""from"":""12:00"",""to"":""00:00"",""next_day"":true}]}}",afisha,https://www.afisha.ru/msk/restaurant/lions-head-pub-197317/,True,2026-05-24T07:50:40+00:00,2026-05-24T07:50:40+00:00
afisha-msk-u-pirosmani-22384,У Пиросмани,"Заслуженный ресторан напротив Новодевичьего монастыря. «У Пиросмани» работает больше 20 лет, и здесь мало изменилось со дня основания: все те же грузинские стандарты, те же русские блюда, ждущие капризного гостя, тот же пруд и Новодевичий монастырь за окном. Обедать здесь…","Новодевичий пр., 4",55.7290363,37.5586133,понедельник: 12:00–22:30; вторник: 12:00–22:30; среда: 12:00–22:30; четверг: 12:00–22:30; пятница: 12:00–22:30; суббота: 12:00–22:30; воскресенье: 12:00–22:30,"{""timezone"":""Europe/Moscow"",""weekly"":{""mon"":[{""from"":""12:00"",""to"":""22:30""}],""tue"":[{""from"":""12:00"",""to"":""22:30""}],""wed"":[{""from"":""12:00"",""to"":""22:30""}],""thu"":[{""from"":""12:00"",""to"":""22:30""}],""fri"":[{""from"":""12:00"",""to"":""22:30""}],""sat"":[{""from"":""12:00"",""to"":""22:30""}],""sun"":[{""from"":""12:00"",""to"":""22:30""}]}}",afisha,https://www.afisha.ru/msk/restaurant/u-pirosmani-22384/,True,2026-05-24T07:50:40+00:00,2026-05-24T07:50:40+00:00
afisha-msk-novikov-40192,Novikov,"Флагманское заведение Аркадия Новикова с паназиатской кухней. Первый ресторан под брендом Novikov открылся в Лондоне, был зверски разруган ультралиберальной The Guardian за чрезмерную буржуазность, как следствие — прославился на весь мир и сделался крайне успешным. Его…","Тверская, 3, гостиница The Carlton, Moscow, 1 этаж",55.7573999,37.6133074,понедельник: 12:00–24:00; вторник: 12:00–24:00; среда: 12:00–24:00; четверг: 12:00–24:00; пятница: 12:00–24:00; суббота: 12:00–24:00; воскресенье: 12:00–24:00,"{""timezone"":""Europe/Moscow"",""weekly"":{""mon"":[{""from"":""12:00"",""to"":""00:00"",""next_day"":true}],""tue"":[{""from"":""12:00"",""to"":""00:00"",""next_day"":true}],""wed"":[{""from"":""12:00"",""to"":""00:00"",""next_day"":true}],""thu"":[{""from"":""12:00"",""to"":""00:00"",""next_day"":true}],""fri"":[{""from"":""12:00"",""to"":""00:00"",""next_day"":true}],""sat"":[{""from"":""12:00"",""to"":""00:00"",""next_day"":true}],""sun"":[{""from"":""12:00"",""to"":""00:00"",""next_day"":true}]}}",afisha,https://www.afisha.ru/msk/restaurant/novikov-40192/,True,2026-05-24T07:50:40+00:00,2026-05-24T07:50:40+00:00
afisha-msk-aist-16218,Аист,Обновленный ресторан Аркадия Новикова. Название «Аист» открывшийся в 2006 году ресторан получил по наследству от работавшего на этом же месте с 50-х годов кафе-мороженого — новое трехэтажное здание было выстроено едва ли не по контуру старого. Во время шестимесячной…,"М.Бронная, 8/1",55.7603111,37.5968966,понедельник: 09:00–24:00; вторник: 09:00–24:00; среда: 09:00–24:00; четверг: 09:00–24:00; пятница: 09:00–24:00; суббота: до последнего посетителя; воскресенье: до последнего посетителя,"{""timezone"":""Europe/Moscow"",""weekly"":{""mon"":[{""from"":""09:00"",""to"":""00:00"",""next_day"":true}],""tue"":[{""from"":""09:00"",""to"":""00:00"",""next_day"":true}],""wed"":[{""from"":""09:00"",""to"":""00:00"",""next_day"":true}],""thu"":[{""from"":""09:00"",""to"":""00:00"",""next_day"":true}],""fri"":[{""from"":""09:00"",""to"":""00:00"",""next_day"":true}]}}",afisha,https://www.afisha.ru/msk/restaurant/aist-16218/,True,2026-05-24T07:50:40+00:00,2026-05-24T07:50:40+00:00
afisha-msk-kitaiskie-novosti-59506,Китайские новости,"Китай, как он есть, но в Коньково. Натуральный Чайнатаун, где за вполне приемлемые деньги можно поесть отличных китайских пельменей, идеальной лапши и целебного супа. Кухню возглавляют трое расторопных поваров с Тайваня. Желающие попробовать едут с другого конца города; мест…","Профсоюзная, 126, корп. 3, Konkovo Market, рынок «Экомаркет»",55.630358,37.516776,понедельник: 12:00–24:00; вторник: 12:00–24:00; среда: 12:00–24:00; четверг: 12:00–24:00; пятница: 12:00–24:00; суббота: 12:00–24:00; воскресенье: 12:00–24:00,"{""timezone"":""Europe/Moscow"",""weekly"":{""mon"":[{""from"":""12:00"",""to"":""00:00"",""next_day"":true}],""tue"":[{""from"":""12:00"",""to"":""00:00"",""next_day"":true}],""wed"":[{""from"":""12:00"",""to"":""00:00"",""next_day"":true}],""thu"":[{""from"":""12:00"",""to"":""00:00"",""next_day"":true}],""fri"":[{""from"":""12:00"",""to"":""00:00"",""next_day"":true}],""sat"":[{""from"":""12:00"",""to"":""00:00"",""next_day"":true}],""sun"":[{""from"":""12:00"",""to"":""00:00"",""next_day"":true}]}}",afisha,https://www.afisha.ru/msk/restaurant/kitaiskie-novosti-59506/,True,2026-05-24T07:50:40+00:00,2026-05-24T07:50:40+00:00
afisha-msk-ruski-346597,Ruski,"Высокая русская кухня в Москва-Сити. Большой ресторан русской кухни на 85-м этаже небоскреба «Око». Ледяной бар с водочкой, печь на три хайла (кстати, самая высокая в Европе), сказочные пельмени и непрерывно меняющаяся за окном погода и вид на Москву, напоминающий карту Google.…","1-й Красногвардейский пр., 21, стр. 2, ММДЦ «Москва-Сити», башня «ОКО», комплекс «354», 85 этаж",55.7500751,37.5344443,понедельник: 12:00–24:00; вторник: 12:00–24:00; среда: 12:00–24:00; четверг: 12:00–24:00; пятница: 12:00–02:00; суббота: 12:00–02:00; воскресенье: 12:00–24:00,"{""timezone"":""Europe/Moscow"",""weekly"":{""mon"":[{""from"":""12:00"",""to"":""00:00"",""next_day"":true}],""tue"":[{""from"":""12:00"",""to"":""00:00"",""next_day"":true}],""wed"":[{""from"":""12:00"",""to"":""00:00"",""next_day"":true}],""thu"":[{""from"":""12:00"",""to"":""00:00"",""next_day"":true}],""fri"":[{""from"":""12:00"",""to"":""02:00"",""next_day"":true}],""sat"":[{""from"":""12:00"",""to"":""02:00"",""next_day"":true}],""sun"":[{""from"":""12:00"",""to"":""00:00"",""next_day"":true}]}}",afisha,https://www.afisha.ru/msk/restaurant/ruski-346597/,True,2026-05-24T07:50:40+00:00,2026-05-24T07:50:40+00:00
afisha-msk-gastrotsentr-zariade-374940,Гастроцентр «Зарядье»,"Все по 400 рублей: народный ресторан в парке «Зарядье». Ресторан в самом центре Москвы, где все блюда стоят по 400 рублей. Несмотря на столь демократичный ценник, качество продуктов и уровень их приготовления вполне ресторанные. В меню блюда на любой вкус: пожарские котлеты,…","Варварка, 6, парк «Зарядье»",55.7504004,37.6285698,понедельник: 12:00–24:00; вторник: 12:00–24:00; среда: 12:00–24:00; четверг: 12:00–24:00; пятница: 12:00–24:00; суббота: 12:00–24:00; воскресенье: 12:00–24:00,"{""timezone"":""Europe/Moscow"",""weekly"":{""mon"":[{""from"":""12:00"",""to"":""00:00"",""next_day"":true}],""tue"":[{""from"":""12:00"",""to"":""00:00"",""next_day"":true}],""wed"":[{""from"":""12:00"",""to"":""00:00"",""next_day"":true}],""thu"":[{""from"":""12:00"",""to"":""00:00"",""next_day"":true}],""fri"":[{""from"":""12:00"",""to"":""00:00"",""next_day"":true}],""sat"":[{""from"":""12:00"",""to"":""00:00"",""next_day"":true}],""sun"":[{""from"":""12:00"",""to"":""00:00"",""next_day"":true}]}}",afisha,https://www.afisha.ru/msk/restaurant/gastrotsentr-zariade-374940/,True,2026-05-24T07:50:40+00:00,2026-05-24T07:50:40+00:00
afisha-msk-goodman-43873,Goodman Prime,"Флагманский ресторан на Охотном ряду. Cамый большой в сети Goodman стейкхаус, открытый в галерее «Модный сезон». Внешне он мало чем отличается от других «Гудманов», разве что размерами (почти 1000 квадратных метров) и увеличенными до размера обоев фотографиями старой Москвы,…","Охотный Ряд, 2, ТГ Seasons",55.7570084,37.6164524,понедельник: 12:00–24:00; вторник: 12:00–24:00; среда: 12:00–24:00; четверг: 12:00–24:00; пятница: 12:00–24:00; суббота: 12:00–24:00; воскресенье: 12:00–24:00,"{""timezone"":""Europe/Moscow"",""weekly"":{""mon"":[{""from"":""12:00"",""to"":""00:00"",""next_day"":true}],""tue"":[{""from"":""12:00"",""to"":""00:00"",""next_day"":true}],""wed"":[{""from"":""12:00"",""to"":""00:00"",""next_day"":true}],""thu"":[{""from"":""12:00"",""to"":""00:00"",""next_day"":true}],""fri"":[{""from"":""12:00"",""to"":""00:00"",""next_day"":true}],""sat"":[{""from"":""12:00"",""to"":""00:00"",""next_day"":true}],""sun"":[{""from"":""12:00"",""to"":""00:00"",""next_day"":true}]}}",afisha,https://www.afisha.ru/msk/restaurant/goodman-43873/,True,2026-05-24T07:50:40+00:00,2026-05-24T07:50:40+00:00
afisha-msk-sumosan-22240,Sumosan,"Суши старой школы. «Сумосан» открылся в 1998 году буквально у входа в гостиницу «Radisson Славянская» и с тех пор почти не изменился — те же заоблачные цены, те же вызывающе свежие продукты, те же неулыбчивые, но мгновенные официанты. Молодую модную публику такая картинка не…","пл. Евразии, 2, гостиница «Radisson Славянская»",55.7416988,37.566529,понедельник: 12:00–23:00; вторник: 12:00–23:00; среда: 12:00–23:00; четверг: 12:00–23:00; пятница: 12:00–23:00; суббота: 12:00–23:00; воскресенье: 12:00–23:00,"{""timezone"":""Europe/Moscow"",""weekly"":{""mon"":[{""from"":""12:00"",""to"":""23:00""}],""tue"":[{""from"":""12:00"",""to"":""23:00""}],""wed"":[{""from"":""12:00"",""to"":""23:00""}],""thu"":[{""from"":""12:00"",""to"":""23:00""}],""fri"":[{""from"":""12:00"",""to"":""23:00""}],""sat"":[{""from"":""12:00"",""to"":""23:00""}],""sun"":[{""from"":""12:00"",""to"":""23:00""}]}}",afisha,https://www.afisha.ru/msk/restaurant/sumosan-22240/,True,2026-05-24T07:50:40+00:00,2026-05-24T07:50:40+00:00
afisha-msk-cherchill-22258,Черчилль,,"Ленинградский просп., 66",55.8028564,37.5257003,понедельник: 12:00–24:00; вторник: 12:00–24:00; среда: 12:00–24:00; четверг: 12:00–24:00; пятница: 12:00–24:00; суббота: 12:00–24:00; воскресенье: 12:00–24:00,"{""timezone"":""Europe/Moscow"",""weekly"":{""mon"":[{""from"":""12:00"",""to"":""00:00"",""next_day"":true}],""tue"":[{""from"":""12:00"",""to"":""00:00"",""next_day"":true}],""wed"":[{""from"":""12:00"",""to"":""00:00"",""next_day"":true}],""thu"":[{""from"":""12:00"",""to"":""00:00"",""next_day"":true}],""fri"":[{""from"":""12:00"",""to"":""00:00"",""next_day"":true}],""sat"":[{""from"":""12:00"",""to"":""00:00"",""next_day"":true}],""sun"":[{""from"":""12:00"",""to"":""00:00"",""next_day"":true}]}}",afisha,https://www.afisha.ru/msk/restaurant/cherchill-22258/,True,2026-05-24T07:50:40+00:00,2026-05-24T07:50:40+00:00
afisha-msk-bocconcino-44950,Bocconcino,20 видов пиццы из Форте-дей-Марми,"Ленинский просп., 109, ТРЦ «Рио Ленинский», 3 этаж",55.663765,37.5112134,понедельник: 10:00–23:00; вторник: 10:00–23:00; среда: 10:00–23:00; четверг: 10:00–23:00; пятница: 10:00–24:00; суббота: 10:00–24:00; воскресенье: 10:00–24:00,"{""timezone"":""Europe/Moscow"",""weekly"":{""mon"":[{""from"":""10:00"",""to"":""23:00""}],""tue"":[{""from"":""10:00"",""to"":""23:00""}],""wed"":[{""from"":""10:00"",""to"":""23:00""}],""thu"":[{""from"":""10:00"",""to"":""23:00""}],""fri"":[{""from"":""10:00"",""to"":""00:00"",""next_day"":true}],""sat"":[{""from"":""10:00"",""to"":""00:00"",""next_day"":true}],""sun"":[{""from"":""10:00"",""to"":""00:00"",""next_day"":true}]}}",afisha,https://www.afisha.ru/msk/restaurant/bocconcino-44950/,True,2026-05-24T07:50:40+00:00,2026-05-24T07:50:40+00:00
afisha-msk-uhvat-409011,Uhvat,"Кухня из русской печи на Трехгорке. Нормальный русский, русский в самой сути своей ресторан на Трехгорке. Должность шеф-повара занимает Виктор Белей. Готовится все в русских печах, томится и упаривается по многу часов; хлеб печется на закваске; топленое масло подают в виде свечи.","Рочдельская, 15, стр. 41, БЦ «Трехгорная мануфактура»",55.756131,37.5619296,понедельник: 12:00–24:00; вторник: 12:00–24:00; среда: 12:00–24:00; четверг: 12:00–24:00; пятница: 12:00–24:00; суббота: 12:00–24:00; воскресенье: 12:00–24:00,"{""timezone"":""Europe/Moscow"",""weekly"":{""mon"":[{""from"":""12:00"",""to"":""00:00"",""next_day"":true}],""tue"":[{""from"":""12:00"",""to"":""00:00"",""next_day"":true}],""wed"":[{""from"":""12:00"",""to"":""00:00"",""next_day"":true}],""thu"":[{""from"":""12:00"",""to"":""00:00"",""next_day"":true}],""fri"":[{""from"":""12:00"",""to"":""00:00"",""next_day"":true}],""sat"":[{""from"":""12:00"",""to"":""00:00"",""next_day"":true}],""sun"":[{""from"":""12:00"",""to"":""00:00"",""next_day"":true}]}}",afisha,https://www.afisha.ru/msk/restaurant/uhvat-409011/,True,2026-05-24T07:50:40+00:00,2026-05-24T07:50:40+00:00
afisha-msk-sanduny-20368,Сандуны,Русская и узбекская кухня в бане.,"Неглинная, 14, стр. 3–7",55.7642155,37.6212202,понедельник: 08:00–23:00; вторник: 08:00–23:00; среда: 08:00–23:00; четверг: 08:00–23:00; пятница: 08:00–23:00; суббота: 08:00–23:00; воскресенье: 08:00–23:00,"{""timezone"":""Europe/Moscow"",""weekly"":{""mon"":[{""from"":""08:00"",""to"":""23:00""}],""tue"":[{""from"":""08:00"",""to"":""23:00""}],""wed"":[{""from"":""08:00"",""to"":""23:00""}],""thu"":[{""from"":""08:00"",""to"":""23:00""}],""fri"":[{""from"":""08:00"",""to"":""23:00""}],""sat"":[{""from"":""08:00"",""to"":""23:00""}],""sun"":[{""from"":""08:00"",""to"":""23:00""}]}}",afisha,https://www.afisha.ru/msk/restaurant/sanduny-20368/,True,2026-05-24T07:50:40+00:00,2026-05-24T07:50:40+00:00
afisha-msk-el-gauchito-32503,Эль гаучито,"Качественные стейки по менее зверским, чем в «Эль Гаучо», ценам. В торговом центре «Времена года» на Кутузовском проспекте, куда заезжают, кажется, только жители Рублево-Успенского шоссе по дороге на дачу, работает более демократичная (это можно прочитать и в названии) версия…","Кутузовский просп., 48, галереи «Времена года», 3 этаж",55.7318,37.4876757,понедельник: 11:00–24:00; вторник: 11:00–24:00; среда: 11:00–24:00; четверг: 11:00–24:00; пятница: 11:00–24:00; суббота: 11:00–24:00; воскресенье: 11:00–24:00,"{""timezone"":""Europe/Moscow"",""weekly"":{""mon"":[{""from"":""11:00"",""to"":""00:00"",""next_day"":true}],""tue"":[{""from"":""11:00"",""to"":""00:00"",""next_day"":true}],""wed"":[{""from"":""11:00"",""to"":""00:00"",""next_day"":true}],""thu"":[{""from"":""11:00"",""to"":""00:00"",""next_day"":true}],""fri"":[{""from"":""11:00"",""to"":""00:00"",""next_day"":true}],""sat"":[{""from"":""11:00"",""to"":""00:00"",""next_day"":true}],""sun"":[{""from"":""11:00"",""to"":""00:00"",""next_day"":true}]}}",afisha,https://www.afisha.ru/msk/restaurant/el-gauchito-32503/,True,2026-05-24T07:50:40+00:00,2026-05-24T07:50:40+00:00
afisha-msk-blush-wine-bar-442604,Blush,"Винный бар с авторской кухней. Маленький, комфортабельный, с компактно расставленной мебелью винный бар в Даевом переулке. В меню — устрицы, сеты закусок, брускетты, тартары, паштет из куриной печени. Винная карта устроена так, что любой найдет для себя нужную позицию; по…","Даев пер., 2",55.7703571,37.6343197,понедельник: 12:00–24:00; вторник: 12:00–24:00; среда: 12:00–24:00; четверг: 12:00–24:00; пятница: 12:00–02:00; суббота: 12:00–02:00; воскресенье: 12:00–24:00,"{""timezone"":""Europe/Moscow"",""weekly"":{""mon"":[{""from"":""12:00"",""to"":""00:00"",""next_day"":true}],""tue"":[{""from"":""12:00"",""to"":""00:00"",""next_day"":true}],""wed"":[{""from"":""12:00"",""to"":""00:00"",""next_day"":true}],""thu"":[{""from"":""12:00"",""to"":""00:00"",""next_day"":true}],""fri"":[{""from"":""12:00"",""to"":""02:00"",""next_day"":true}],""sat"":[{""from"":""12:00"",""to"":""02:00"",""next_day"":true}],""sun"":[{""from"":""12:00"",""to"":""00:00"",""next_day"":true}]}}",afisha,https://www.afisha.ru/msk/restaurant/blush-wine-bar-442604/,True,2026-05-24T07:50:40+00:00,2026-05-24T07:50:40+00:00
afisha-msk-sandyk-21141,Сандык партийный,"Подробная узбекская кухня. Меню включает блюда восточной кухни в самом широком ее прочтении: блюда на мангале, блюда в казане, салаты, самса и далее по списку. Цены вполне гуманные, работает доставка.","1-й Щипковский пер., 2",55.7216188,37.6306624,понедельник: 12:00–23:00; вторник: 12:00–23:00; среда: 12:00–23:00; четверг: 12:00–23:00; пятница: 12:00–23:00; суббота: 12:00–23:00; воскресенье: 12:00–23:00,"{""timezone"":""Europe/Moscow"",""weekly"":{""mon"":[{""from"":""12:00"",""to"":""23:00""}],""tue"":[{""from"":""12:00"",""to"":""23:00""}],""wed"":[{""from"":""12:00"",""to"":""23:00""}],""thu"":[{""from"":""12:00"",""to"":""23:00""}],""fri"":[{""from"":""12:00"",""to"":""23:00""}],""sat"":[{""from"":""12:00"",""to"":""23:00""}],""sun"":[{""from"":""12:00"",""to"":""23:00""}]}}",afisha,https://www.afisha.ru/msk/restaurant/sandyk-21141/,True,2026-05-24T07:50:40+00:00,2026-05-24T07:50:40+00:00
afisha-msk-fud-moll-depo-moskva-458381,Фуд-молл «Депо. Москва»,,"Лесная, 20, стр. 3, фуд-молл «Депо. Москва»",55.7801769,37.5929897,понедельник: 10:00–23:00; вторник: 10:00–23:00; среда: 10:00–23:00; четверг: 10:00–23:00; пятница: 10:00–02:00; суббота: 10:00–02:00; воскресенье: 10:00–23:00,"{""timezone"":""Europe/Moscow"",""weekly"":{""mon"":[{""from"":""10:00"",""to"":""23:00""}],""tue"":[{""from"":""10:00"",""to"":""23:00""}],""wed"":[{""from"":""10:00"",""to"":""23:00""}],""thu"":[{""from"":""10:00"",""to"":""23:00""}],""fri"":[{""from"":""10:00"",""to"":""02:00"",""next_day"":true}],""sat"":[{""from"":""10:00"",""to"":""02:00"",""next_day"":true}],""sun"":[{""from"":""10:00"",""to"":""23:00""}]}}",afisha,https://www.afisha.ru/msk/restaurant/fud-moll-depo-moskva-458381/,True,2026-05-24T07:50:40+00:00,2026-05-24T07:50:40+00:00
afisha-msk-800degc-contemporary-steak-406665,800°C Contemporary Steak,"Мясо при высокой температуре. Если чего и не хватало на Патриарших, так это большого мясного ресторана. Его открыл Генрих Карпин (Il forno, Craft Kitchen, Burger & Pizzetta). Назвали заведение в честь температуры, до которой разогреваются специально привезенные из США печи, —…","Б.Патриарший пер., 6, стр. 1",55.7626893,37.5922488,понедельник: 09:00–24:00; вторник: 09:00–24:00; среда: 09:00–24:00; четверг: 09:00–24:00; пятница: 09:00–24:00; суббота: 09:00–24:00; воскресенье: 09:00–24:00,"{""timezone"":""Europe/Moscow"",""weekly"":{""mon"":[{""from"":""09:00"",""to"":""00:00"",""next_day"":true}],""tue"":[{""from"":""09:00"",""to"":""00:00"",""next_day"":true}],""wed"":[{""from"":""09:00"",""to"":""00:00"",""next_day"":true}],""thu"":[{""from"":""09:00"",""to"":""00:00"",""next_day"":true}],""fri"":[{""from"":""09:00"",""to"":""00:00"",""next_day"":true}],""sat"":[{""from"":""09:00"",""to"":""00:00"",""next_day"":true}],""sun"":[{""from"":""09:00"",""to"":""00:00"",""next_day"":true}]}}",afisha,https://www.afisha.ru/msk/restaurant/800degc-contemporary-steak-406665/,True,2026-05-24T07:50:40+00:00,2026-05-24T07:50:40+00:00
afisha-msk-tiflisskii-dvorik-22585,Тифлисский дворик,Легендарный грузинский ресторан на Остоженке,"Остоженка, 32, стр. 2",55.7398839,37.5957394,понедельник: 12:00–24:00; вторник: 12:00–24:00; среда: 12:00–24:00; четверг: 12:00–24:00; пятница: 12:00–24:00; суббота: 12:00–24:00; воскресенье: 12:00–24:00,"{""timezone"":""Europe/Moscow"",""weekly"":{""mon"":[{""from"":""12:00"",""to"":""00:00"",""next_day"":true}],""tue"":[{""from"":""12:00"",""to"":""00:00"",""next_day"":true}],""wed"":[{""from"":""12:00"",""to"":""00:00"",""next_day"":true}],""thu"":[{""from"":""12:00"",""to"":""00:00"",""next_day"":true}],""fri"":[{""from"":""12:00"",""to"":""00:00"",""next_day"":true}],""sat"":[{""from"":""12:00"",""to"":""00:00"",""next_day"":true}],""sun"":[{""from"":""12:00"",""to"":""00:00"",""next_day"":true}]}}",afisha,https://www.afisha.ru/msk/restaurant/tiflisskii-dvorik-22585/,True,2026-05-24T07:50:40+00:00,2026-05-24T07:50:40+00:00
afisha-msk-officina-442976,Officina,"Образцовая траттория на Забелина. Итальянская траттория в самом практическом смысле, без претензий, но с пониманием. Хозяева — шеф-повар Мирко Дзаго, сыродел Кирилл Шаршуков и Пьеранджело Карбонара, специалист по гостеприимству. Можно заказывать, во-первых, любую пасту из меню,…","Забелина, 1",55.7544963,37.6373311,понедельник: 12:00–24:00; вторник: 12:00–24:00; среда: 12:00–24:00; четверг: 12:00–24:00; пятница: 12:00–24:00; суббота: 12:00–24:00; воскресенье: 12:00–24:00,"{""timezone"":""Europe/Moscow"",""weekly"":{""mon"":[{""from"":""12:00"",""to"":""00:00"",""next_day"":true}],""tue"":[{""from"":""12:00"",""to"":""00:00"",""next_day"":true}],""wed"":[{""from"":""12:00"",""to"":""00:00"",""next_day"":true}],""thu"":[{""from"":""12:00"",""to"":""00:00"",""next_day"":true}],""fri"":[{""from"":""12:00"",""to"":""00:00"",""next_day"":true}],""sat"":[{""from"":""12:00"",""to"":""00:00"",""next_day"":true}],""sun"":[{""from"":""12:00"",""to"":""00:00"",""next_day"":true}]}}",afisha,https://www.afisha.ru/msk/restaurant/officina-442976/,True,2026-05-24T07:50:40+00:00,2026-05-24T07:50:40+00:00
afisha-msk-voskhod-375072,Восход,"Шашлыки, мужужи, бешбармак и советский спутник в парке «Зарядье». Большой и красивый ресторан Александра Раппопорта в парке «Зарядье». В меню — весь бывший СССР, включая Прибалтику, Украину и Среднюю Азию: полтавский борщ, салат с нарвскими миногами, литовские цеппелины и…","Варварка, 6, парк «Зарядье»",55.7515902,37.625729,понедельник: 12:00–24:00; вторник: 12:00–24:00; среда: 12:00–24:00; четверг: 12:00–24:00; пятница: 12:00–24:00; суббота: 12:00–24:00; воскресенье: 11:00–24:00,"{""timezone"":""Europe/Moscow"",""weekly"":{""mon"":[{""from"":""12:00"",""to"":""00:00"",""next_day"":true}],""tue"":[{""from"":""12:00"",""to"":""00:00"",""next_day"":true}],""wed"":[{""from"":""12:00"",""to"":""00:00"",""next_day"":true}],""thu"":[{""from"":""12:00"",""to"":""00:00"",""next_day"":true}],""fri"":[{""from"":""12:00"",""to"":""00:00"",""next_day"":true}],""sat"":[{""from"":""12:00"",""to"":""00:00"",""next_day"":true}],""sun"":[{""from"":""11:00"",""to"":""00:00"",""next_day"":true}]}}",afisha,https://www.afisha.ru/msk/restaurant/voskhod-375072/,True,2026-05-24T07:50:40+00:00,2026-05-24T07:50:40+00:00
afisha-msk-12-493761,12,Гранд-кафе в здании Российского фонда культуры,"Гоголевский б-р, 6, стр. 1",55.74558,37.60143,понедельник: 09:00–24:00; вторник: 09:00–24:00; среда: 09:00–24:00; четверг: 09:00–24:00; пятница: 09:00–24:00; суббота: 10:00–24:00; воскресенье: 10:00–24:00,"{""timezone"":""Europe/Moscow"",""weekly"":{""mon"":[{""from"":""09:00"",""to"":""00:00"",""next_day"":true}],""tue"":[{""from"":""09:00"",""to"":""00:00"",""next_day"":true}],""wed"":[{""from"":""09:00"",""to"":""00:00"",""next_day"":true}],""thu"":[{""from"":""09:00"",""to"":""00:00"",""next_day"":true}],""fri"":[{""from"":""09:00"",""to"":""00:00"",""next_day"":true}],""sat"":[{""from"":""10:00"",""to"":""00:00"",""next_day"":true}],""sun"":[{""from"":""10:00"",""to"":""00:00"",""next_day"":true}]}}",afisha,https://www.afisha.ru/msk/restaurant/12-493761/,True,2026-05-24T07:50:40+00:00,2026-05-24T07:50:40+00:00
afisha-msk-39-pizzeria-mozzarella-494803,+39 Pizzeria & Mozzarella Bar,,"Столярный пер., 3, корп. 12",55.7641288,37.5689658,понедельник: 08:00–22:00; вторник: 08:00–22:00; среда: 08:00–22:00; четверг: 08:00–22:00; пятница: 08:00–23:00; суббота: 10:00–23:00; воскресенье: 10:00–22:00,"{""timezone"":""Europe/Moscow"",""weekly"":{""mon"":[{""from"":""08:00"",""to"":""22:00""}],""tue"":[{""from"":""08:00"",""to"":""22:00""}],""wed"":[{""from"":""08:00"",""to"":""22:00""}],""thu"":[{""from"":""08:00"",""to"":""22:00""}],""fri"":[{""from"":""08:00"",""to"":""23:00""}],""sat"":[{""from"":""10:00"",""to"":""23:00""}],""sun"":[{""from"":""10:00"",""to"":""22:00""}]}}",afisha,https://www.afisha.ru/msk/restaurant/39-pizzeria-mozzarella-494803/,True,2026-05-24T07:50:40+00:00,2026-05-24T07:50:40+00:00
afisha-msk-39-trattoria-pizzeria-496874,+39 Trattoria & Pizzeria,,"Н.Басманная, 23а, стр. 4",55.7699849,37.6617376,понедельник: 12:00–23:00; вторник: 12:00–23:00; среда: 12:00–23:00; четверг: 12:00–23:00; пятница: 12:00–24:00; суббота: 12:00–24:00; воскресенье: 12:00–24:00,"{""timezone"":""Europe/Moscow"",""weekly"":{""mon"":[{""from"":""12:00"",""to"":""23:00""}],""tue"":[{""from"":""12:00"",""to"":""23:00""}],""wed"":[{""from"":""12:00"",""to"":""23:00""}],""thu"":[{""from"":""12:00"",""to"":""23:00""}],""fri"":[{""from"":""12:00"",""to"":""00:00"",""next_day"":true}],""sat"":[{""from"":""12:00"",""to"":""00:00"",""next_day"":true}],""sun"":[{""from"":""12:00"",""to"":""00:00"",""next_day"":true}]}}",afisha,https://www.afisha.ru/msk/restaurant/39-trattoria-pizzeria-496874/,True,2026-05-24T07:50:40+00:00,2026-05-24T07:50:40+00:00
afisha-msk-6-am-bread-kitchen-518775,6 pm Bread Kitchen,"Скрытая жемчужина Хамовников. Кафе для утренних булочек и завтраков 6 am давно известно в районе «Павелецкой». В Хамовниках же на улице Усачева находится ресторанная версия 6 pm Bread Kitchen, где выпечка соседствует с comfort food и натуральным вином. Интерьер 6 pm Bread…","Усачева, 15а",55.7260922,37.5706758,понедельник: 09:00–22:00; вторник: 09:00–22:00; среда: 09:00–22:00; четверг: 09:00–22:00; пятница: 09:00–23:00; суббота: 10:00–23:00; воскресенье: 10:00–22:00,"{""timezone"":""Europe/Moscow"",""weekly"":{""mon"":[{""from"":""09:00"",""to"":""22:00""}],""tue"":[{""from"":""09:00"",""to"":""22:00""}],""wed"":[{""from"":""09:00"",""to"":""22:00""}],""thu"":[{""from"":""09:00"",""to"":""22:00""}],""fri"":[{""from"":""09:00"",""to"":""23:00""}],""sat"":[{""from"":""10:00"",""to"":""23:00""}],""sun"":[{""from"":""10:00"",""to"":""22:00""}]}}",afisha,https://www.afisha.ru/msk/restaurant/6-am-bread-kitchen-518775/,True,2026-05-24T07:50:40+00:00,2026-05-24T07:50:40+00:00
afisha-msk-abbey-players-487846,Abbey Players,"Ирландский паб с театром. Еще один удивительный проект Дениса Бобкова, ради которого он вывез в Москву из Ирландии целый… театр. Паб на Новом Арбате назвали в честь первого национального театра Ирландии Abbey, открывшегося в Дублине 27 декабря 1904 года, и заполнили…","Н.Арбат, 5",55.752624,37.5980233,понедельник: 12:00–24:00; вторник: 12:00–24:00; среда: 12:00–24:00; четверг: 12:00–24:00; пятница: 12:00–06:00; суббота: 12:00–06:00; воскресенье: 12:00–24:00,"{""timezone"":""Europe/Moscow"",""weekly"":{""mon"":[{""from"":""12:00"",""to"":""00:00"",""next_day"":true}],""tue"":[{""from"":""12:00"",""to"":""00:00"",""next_day"":true}],""wed"":[{""from"":""12:00"",""to"":""00:00"",""next_day"":true}],""thu"":[{""from"":""12:00"",""to"":""00:00"",""next_day"":true}],""fri"":[{""from"":""12:00"",""to"":""06:00"",""next_day"":true}],""sat"":[{""from"":""12:00"",""to"":""06:00"",""next_day"":true}],""sun"":[{""from"":""12:00"",""to"":""00:00"",""next_day"":true}]}}",afisha,https://www.afisha.ru/msk/restaurant/abbey-players-487846/,True,2026-05-24T07:50:40+00:00,2026-05-24T07:50:40+00:00
afisha-msk-abc-coffee-roasters-1601662,ABC Coffee Roasters,,"Пресненская наб., 6, стр. 2, ММДЦ «Москва-Сити», башня «Империя»",55.7481625,37.5402575,понедельник: 08:00–22:00; вторник: 08:00–22:00; среда: 08:00–22:00; четверг: 08:00–22:00; пятница: 08:00–22:00; суббота: 10:00–22:00; воскресенье: 10:00–22:00,"{""timezone"":""Europe/Moscow"",""weekly"":{""mon"":[{""from"":""08:00"",""to"":""22:00""}],""tue"":[{""from"":""08:00"",""to"":""22:00""}],""wed"":[{""from"":""08:00"",""to"":""22:00""}],""thu"":[{""from"":""08:00"",""to"":""22:00""}],""fri"":[{""from"":""08:00"",""to"":""22:00""}],""sat"":[{""from"":""10:00"",""to"":""22:00""}],""sun"":[{""from"":""10:00"",""to"":""22:00""}]}}",afisha,https://www.afisha.ru/msk/restaurant/abc-coffee-roasters-1601662/,True,2026-05-24T07:50:40+00:00,2026-05-24T07:50:40+00:00
afisha-msk-alaska-pool-club-1600647,Alaska Pool Club,,"Одинцовский р-н, парк Малевича, стр. 3",55.7390909,37.3028171,понедельник: 10:00–23:00; вторник: 10:00–23:00; среда: 10:00–23:00; четверг: 10:00–23:00; пятница: 10:00–23:00; суббота: 10:00–23:00; воскресенье: 10:00–23:00,"{""timezone"":""Europe/Moscow"",""weekly"":{""mon"":[{""from"":""10:00"",""to"":""23:00""}],""tue"":[{""from"":""10:00"",""to"":""23:00""}],""wed"":[{""from"":""10:00"",""to"":""23:00""}],""thu"":[{""from"":""10:00"",""to"":""23:00""}],""fri"":[{""from"":""10:00"",""to"":""23:00""}],""sat"":[{""from"":""10:00"",""to"":""23:00""}],""sun"":[{""from"":""10:00"",""to"":""23:00""}]}}",afisha,https://www.afisha.ru/msk/restaurant/alaska-pool-club-1600647/,True,2026-05-24T07:50:40+00:00,2026-05-24T07:50:40+00:00
afisha-msk-amber-496691,Amber,"Hidden gem на Трубной. Японский ресторан без вывески открыли три партнера: Дмитрий Романов, Антон Пинский и Вениамин Иванов. По соседству успешно работает их же ресторан Folk. Amber занимает всего 93 квадратных метра: в центре зала на 40 посадочных мест открытая кухня с угольной…","Цветной б-р, 2, БЦ «Легенда Цветного»",55.7679185,37.6233535,понедельник: 12:00–24:00; вторник: 12:00–24:00; среда: 12:00–24:00; четверг: 12:00–24:00; пятница: 12:00–01:00; суббота: 12:00–01:00; воскресенье: 12:00–24:00,"{""timezone"":""Europe/Moscow"",""weekly"":{""mon"":[{""from"":""12:00"",""to"":""00:00"",""next_day"":true}],""tue"":[{""from"":""12:00"",""to"":""00:00"",""next_day"":true}],""wed"":[{""from"":""12:00"",""to"":""00:00"",""next_day"":true}],""thu"":[{""from"":""12:00"",""to"":""00:00"",""next_day"":true}],""fri"":[{""from"":""12:00"",""to"":""01:00"",""next_day"":true}],""sat"":[{""from"":""12:00"",""to"":""01:00"",""next_day"":true}],""sun"":[{""from"":""12:00"",""to"":""00:00"",""next_day"":true}]}}",afisha,https://www.afisha.ru/msk/restaurant/amber-496691/,True,2026-05-24T07:50:40+00:00,2026-05-24T07:50:40+00:00
afisha-msk-angel-cakes-494778,Angel Cakes City,,"1-й Красногвардейский пр., 22, стр. 2, ММДЦ «Москва-Сити», башня «Нева»",55.7517697,37.5342371,понедельник: 09:00–21:00; вторник: 09:00–21:00; среда: 09:00–21:00; четверг: 09:00–21:00; пятница: 09:00–21:00; суббота: 09:00–21:00; воскресенье: 09:00–21:00,"{""timezone"":""Europe/Moscow"",""weekly"":{""mon"":[{""from"":""09:00"",""to"":""21:00""}],""tue"":[{""from"":""09:00"",""to"":""21:00""}],""wed"":[{""from"":""09:00"",""to"":""21:00""}],""thu"":[{""from"":""09:00"",""to"":""21:00""}],""fri"":[{""from"":""09:00"",""to"":""21:00""}],""sat"":[{""from"":""09:00"",""to"":""21:00""}],""sun"":[{""from"":""09:00"",""to"":""21:00""}]}}",afisha,https://www.afisha.ru/msk/restaurant/angel-cakes-494778/,True,2026-05-24T07:50:40+00:00,2026-05-24T07:50:40+00:00
afisha-msk-angel-cakes-493356,Angel Cakes Patriki,"Скандинавский дух и безглютеновые десерты. Внутри кафе на Патриарших — много дневного света, сухоцветы в вазах и высокие торты с кремом. Меню составлено по классическим правилам осознанного питания: овощи, ростки, побеги, отсутствие рафинированного сахара и пшеничной муки.…","Б.Козихинский пер., 15",55.7636934,37.5956767,понедельник: 08:30–22:00; вторник: 08:30–22:00; среда: 08:30–22:00; четверг: 08:30–22:00; пятница: 08:30–22:30; суббота: 08:30–22:30; воскресенье: 08:30–22:30,"{""timezone"":""Europe/Moscow"",""weekly"":{""mon"":[{""from"":""08:30"",""to"":""22:00""}],""tue"":[{""from"":""08:30"",""to"":""22:00""}],""wed"":[{""from"":""08:30"",""to"":""22:00""}],""thu"":[{""from"":""08:30"",""to"":""22:00""}],""fri"":[{""from"":""08:30"",""to"":""22:30""}],""sat"":[{""from"":""08:30"",""to"":""22:30""}],""sun"":[{""from"":""08:30"",""to"":""22:30""}]}}",afisha,https://www.afisha.ru/msk/restaurant/angel-cakes-493356/,True,2026-05-24T07:50:40+00:00,2026-05-24T07:50:40+00:00
afisha-msk-assunta-madre-407130,Assunta madre,Серьезная итальянская кухня на Поварской. Серьезный итальянский ресторан на Поварской улице. В меню много рыбы (есть отдельная графа «Улов дня») и много классики.,"Поварская, 52/55, стр. 2",55.757531,37.586769,понедельник: 11:00–24:00; вторник: 11:00–24:00; среда: 11:00–24:00; четверг: 11:00–24:00; пятница: 11:00–24:00; суббота: 12:00–24:00; воскресенье: 12:00–24:00,"{""timezone"":""Europe/Moscow"",""weekly"":{""mon"":[{""from"":""11:00"",""to"":""00:00"",""next_day"":true}],""tue"":[{""from"":""11:00"",""to"":""00:00"",""next_day"":true}],""wed"":[{""from"":""11:00"",""to"":""00:00"",""next_day"":true}],""thu"":[{""from"":""11:00"",""to"":""00:00"",""next_day"":true}],""fri"":[{""from"":""11:00"",""to"":""00:00"",""next_day"":true}],""sat"":[{""from"":""12:00"",""to"":""00:00"",""next_day"":true}],""sun"":[{""from"":""12:00"",""to"":""00:00"",""next_day"":true}]}}",afisha,https://www.afisha.ru/msk/restaurant/assunta-madre-407130/,True,2026-05-24T07:50:40+00:00,2026-05-24T07:50:40+00:00
afisha-msk-atelier-de-tartelettes-481923,Atelier de tartelettes,"Эталонная кондитерская на Патриарших. Atelier de tartelettes — дело рук неугомонной ресторанной группы GT, которая активно продолжает экспансию Патриарших. Готовят исключительно десерты: пирожные финансье, трюфельные, пирожные безе, круассаны и, собственно, тарталетки. Последние…","Спиридоньевский пер., 10а",55.7627121,37.5957633,понедельник: 09:00–22:00; вторник: 09:00–22:00; среда: 09:00–22:00; четверг: 09:00–22:00; пятница: 09:00–23:00; суббота: 09:00–23:00; воскресенье: 09:00–23:00,"{""timezone"":""Europe/Moscow"",""weekly"":{""mon"":[{""from"":""09:00"",""to"":""22:00""}],""tue"":[{""from"":""09:00"",""to"":""22:00""}],""wed"":[{""from"":""09:00"",""to"":""22:00""}],""thu"":[{""from"":""09:00"",""to"":""22:00""}],""fri"":[{""from"":""09:00"",""to"":""23:00""}],""sat"":[{""from"":""09:00"",""to"":""23:00""}],""sun"":[{""from"":""09:00"",""to"":""23:00""}]}}",afisha,https://www.afisha.ru/msk/restaurant/atelier-de-tartelettes-481923/,True,2026-05-24T07:50:40+00:00,2026-05-24T07:50:40+00:00
afisha-msk-atlantica-seafood-496782,Atlantica,"Морепродукты по себестоимости на Кутузовском проспекте. Проект Сергея и Максима Дыриных с качественными морепродуктами и рыбой по доступным ценам. Краб-дог со 100 граммами мяса камчатского краба (1190 руб.), плато морепродуктов по 1 и 2 кг от 2800 руб. Каждый день недели, помимо…","Кутузовский просп., 36а",55.7387173,37.5262371,понедельник: 09:00–24:00; вторник: 09:00–24:00; среда: 09:00–24:00; четверг: 09:00–24:00; пятница: 09:00–24:00; суббота: 09:00–24:00; воскресенье: 09:00–24:00,"{""timezone"":""Europe/Moscow"",""weekly"":{""mon"":[{""from"":""09:00"",""to"":""00:00"",""next_day"":true}],""tue"":[{""from"":""09:00"",""to"":""00:00"",""next_day"":true}],""wed"":[{""from"":""09:00"",""to"":""00:00"",""next_day"":true}],""thu"":[{""from"":""09:00"",""to"":""00:00"",""next_day"":true}],""fri"":[{""from"":""09:00"",""to"":""00:00"",""next_day"":true}],""sat"":[{""from"":""09:00"",""to"":""00:00"",""next_day"":true}],""sun"":[{""from"":""09:00"",""to"":""00:00"",""next_day"":true}]}}",afisha,https://www.afisha.ru/msk/restaurant/atlantica-seafood-496782/,True,2026-05-24T07:50:40+00:00,2026-05-24T07:50:40+00:00
afisha-msk-ava-cafe-494267,AVA Café,"Виталий Истомин и Артем Лосев покоряют Патриаршие. Гастрономический дуэт выходцев из White Rabbit Family, отправившихся в свободное плавание по Патриаршим при поддержке ресторатора Антона Пинского. Ловко готовят в четыре руки «лучшее, любимое и только для вас»: от модных…","М.Бронная, 21/13, стр. 2",55.7627892,37.5946389,понедельник: 09:00–23:00; вторник: 09:00–23:00; среда: 09:00–23:00; четверг: 09:00–23:00; пятница: 09:00–23:00; суббота: 09:00–23:00; воскресенье: 09:00–23:00,"{""timezone"":""Europe/Moscow"",""weekly"":{""mon"":[{""from"":""09:00"",""to"":""23:00""}],""tue"":[{""from"":""09:00"",""to"":""23:00""}],""wed"":[{""from"":""09:00"",""to"":""23:00""}],""thu"":[{""from"":""09:00"",""to"":""23:00""}],""fri"":[{""from"":""09:00"",""to"":""23:00""}],""sat"":[{""from"":""09:00"",""to"":""23:00""}],""sun"":[{""from"":""09:00"",""to"":""23:00""}]}}",afisha,https://www.afisha.ru/msk/restaurant/ava-cafe-494267/,True,2026-05-24T07:50:40+00:00,2026-05-24T07:50:40+00:00
afisha-msk-aviv-348292,Aviv,"Кошерный ресторан в «Жуковке». Aviv находится на территории Еврейского религиозно-культурного центра «Жуковка» и располагает сразу четырьмя пространствами. Тут есть молочное кафе, мясной ресторан, банкетный зал и сезонная веранда. Здесь часто проводят всяческие религиозные…","Рублево-Успенское ш., 207, Еврейский культурный центр «Жуковка»",55.7387338,37.2362577,понедельник: 11:00–23:00; вторник: 11:00–23:00; среда: 11:00–23:00; четверг: 11:00–23:00; пятница: 11:00–17:00; воскресенье: 11:00–23:00,"{""timezone"":""Europe/Moscow"",""weekly"":{""mon"":[{""from"":""11:00"",""to"":""23:00""}],""tue"":[{""from"":""11:00"",""to"":""23:00""}],""wed"":[{""from"":""11:00"",""to"":""23:00""}],""thu"":[{""from"":""11:00"",""to"":""23:00""}],""fri"":[{""from"":""11:00"",""to"":""17:00""}],""sun"":[{""from"":""11:00"",""to"":""23:00""}]}}",afisha,https://www.afisha.ru/msk/restaurant/aviv-348292/,True,2026-05-24T07:50:40+00:00,2026-05-24T07:50:40+00:00
afisha-msk-avrora-518879,Avrora,"Большой двухэтажный ресторан Пинского, Истомина и Лосева на Цветном. Avrora с момента открытия стала причалом модной публики. Таких красивых нарядных мест давно не открывалось в центре города. На широкой лестнице сверкают вспышки, в закрытых кабинетах кипят банкеты. Если вы…","Цветной б-р, 2, БЦ «Легенда Цветного»",55.7679926,37.623321,понедельник: 12:00–24:00; вторник: 12:00–24:00; среда: 12:00–24:00; четверг: 12:00–24:00; пятница: 12:00–24:00; суббота: 12:00–24:00; воскресенье: 12:00–24:00,"{""timezone"":""Europe/Moscow"",""weekly"":{""mon"":[{""from"":""12:00"",""to"":""00:00"",""next_day"":true}],""tue"":[{""from"":""12:00"",""to"":""00:00"",""next_day"":true}],""wed"":[{""from"":""12:00"",""to"":""00:00"",""next_day"":true}],""thu"":[{""from"":""12:00"",""to"":""00:00"",""next_day"":true}],""fri"":[{""from"":""12:00"",""to"":""00:00"",""next_day"":true}],""sat"":[{""from"":""12:00"",""to"":""00:00"",""next_day"":true}],""sun"":[{""from"":""12:00"",""to"":""00:00"",""next_day"":true}]}}",afisha,https://www.afisha.ru/msk/restaurant/avrora-518879/,True,2026-05-24T07:50:40+00:00,2026-05-24T07:50:40+00:00
afisha-msk-ayu-508250,Ayu,,"Романов пер., 2, стр. 1",55.7541717,37.6086068,понедельник: 14:00–23:00; четверг: 14:00–23:00; пятница: 14:00–23:00; суббота: 14:00–23:00; воскресенье: 14:00–23:00,"{""timezone"":""Europe/Moscow"",""weekly"":{""mon"":[{""from"":""14:00"",""to"":""23:00""}],""thu"":[{""from"":""14:00"",""to"":""23:00""}],""fri"":[{""from"":""14:00"",""to"":""23:00""}],""sat"":[{""from"":""14:00"",""to"":""23:00""}],""sun"":[{""from"":""14:00"",""to"":""23:00""}]}}",afisha,https://www.afisha.ru/msk/restaurant/ayu-508250/,True,2026-05-24T07:50:40+00:00,2026-05-24T07:50:40+00:00
afisha-msk-bambini-bar-507755,Bambini Bar,,"пр. Березовой Рощи, 12",55.7909728,37.5197655,понедельник: 09:00–22:00; вторник: 09:00–22:00; среда: 09:00–22:00; четверг: 09:00–22:00; пятница: 09:00–22:00; суббота: 09:00–22:00; воскресенье: 09:00–22:00,"{""timezone"":""Europe/Moscow"",""weekly"":{""mon"":[{""from"":""09:00"",""to"":""22:00""}],""tue"":[{""from"":""09:00"",""to"":""22:00""}],""wed"":[{""from"":""09:00"",""to"":""22:00""}],""thu"":[{""from"":""09:00"",""to"":""22:00""}],""fri"":[{""from"":""09:00"",""to"":""22:00""}],""sat"":[{""from"":""09:00"",""to"":""22:00""}],""sun"":[{""from"":""09:00"",""to"":""22:00""}]}}",afisha,https://www.afisha.ru/msk/restaurant/bambini-bar-507755/,True,2026-05-24T07:50:40+00:00,2026-05-24T07:50:40+00:00
afisha-msk-barbaresco-1600782,Barbaresco,"Маленькая Италия на Мясницкой. Ресторан Barbaresco запустила группа Fitz Gastro, в послужном списке которой значатся другие московские рестораны и бары с итальянским духом вроде Tomi Negroni, Fiorentini и Fitz. Ресторан на Мясницкой — продолжение разговора об Италии, и на этот…","Мясницкая, 14/2, стр. 1",55.7606136,37.6320673,понедельник: 12:00–24:00; вторник: 12:00–24:00; среда: 12:00–24:00; четверг: 12:00–24:00; пятница: 12:00–24:00; суббота: 12:00–24:00; воскресенье: 12:00–24:00,"{""timezone"":""Europe/Moscow"",""weekly"":{""mon"":[{""from"":""12:00"",""to"":""00:00"",""next_day"":true}],""tue"":[{""from"":""12:00"",""to"":""00:00"",""next_day"":true}],""wed"":[{""from"":""12:00"",""to"":""00:00"",""next_day"":true}],""thu"":[{""from"":""12:00"",""to"":""00:00"",""next_day"":true}],""fri"":[{""from"":""12:00"",""to"":""00:00"",""next_day"":true}],""sat"":[{""from"":""12:00"",""to"":""00:00"",""next_day"":true}],""sun"":[{""from"":""12:00"",""to"":""00:00"",""next_day"":true}]}}",afisha,https://www.afisha.ru/msk/restaurant/barbaresco-1600782/,True,2026-05-24T07:50:40+00:00,2026-05-24T07:50:40+00:00
afisha-msk-bigati-bar-456534,Bigati Bar,"Винный бар на Земляном валу. Одно из самых громких винных открытий уходящего года. Совладелец «Остерии Тосканы», сомелье Алан Бигати, открыл место имени себя, что в данном случае совершенно не зазорно. Лаконичное меню, свежие и качественные продукты — все это лишь дополнение к…","Земляной Вал, 1/4, стр. 1",55.763584,37.657538,понедельник: 12:00–23:00; вторник: 12:00–23:00; среда: 12:00–23:00; четверг: 12:00–23:00; пятница: 12:00–03:00; суббота: 12:00–03:00; воскресенье: 13:00–23:00,"{""timezone"":""Europe/Moscow"",""weekly"":{""mon"":[{""from"":""12:00"",""to"":""23:00""}],""tue"":[{""from"":""12:00"",""to"":""23:00""}],""wed"":[{""from"":""12:00"",""to"":""23:00""}],""thu"":[{""from"":""12:00"",""to"":""23:00""}],""fri"":[{""from"":""12:00"",""to"":""03:00"",""next_day"":true}],""sat"":[{""from"":""12:00"",""to"":""03:00"",""next_day"":true}],""sun"":[{""from"":""13:00"",""to"":""23:00""}]}}",afisha,https://www.afisha.ru/msk/restaurant/bigati-bar-456534/,True,2026-05-24T07:50:40+00:00,2026-05-24T07:50:40+00:00
afisha-msk-bijou-495578,Bijou,Бар без пафоса на Белорусской,"2-я Брестская, 39, стр. 3",55.7740442,37.5844436,вторник: 18:00–24:00; среда: 18:00–24:00; четверг: 18:00–24:00; пятница: 18:00–03:00; суббота: 18:00–03:00; воскресенье: 18:00–24:00,"{""timezone"":""Europe/Moscow"",""weekly"":{""tue"":[{""from"":""18:00"",""to"":""00:00"",""next_day"":true}],""wed"":[{""from"":""18:00"",""to"":""00:00"",""next_day"":true}],""thu"":[{""from"":""18:00"",""to"":""00:00"",""next_day"":true}],""fri"":[{""from"":""18:00"",""to"":""03:00"",""next_day"":true}],""sat"":[{""from"":""18:00"",""to"":""03:00"",""next_day"":true}],""sun"":[{""from"":""18:00"",""to"":""00:00"",""next_day"":true}]}}",afisha,https://www.afisha.ru/msk/restaurant/bijou-495578/,True,2026-05-24T07:50:40+00:00,2026-05-24T07:50:40+00:00
afisha-msk-billie-1600038,Billie,,"Неглинная, 29, стр. 1",55.7668032,37.6208412,понедельник: 14:00–02:00; вторник: 14:00–02:00; среда: 14:00–02:00; четверг: 14:00–02:00; пятница: 14:00–02:00; суббота: 14:00–02:00; воскресенье: 14:00–02:00,"{""timezone"":""Europe/Moscow"",""weekly"":{""mon"":[{""from"":""14:00"",""to"":""02:00"",""next_day"":true}],""tue"":[{""from"":""14:00"",""to"":""02:00"",""next_day"":true}],""wed"":[{""from"":""14:00"",""to"":""02:00"",""next_day"":true}],""thu"":[{""from"":""14:00"",""to"":""02:00"",""next_day"":true}],""fri"":[{""from"":""14:00"",""to"":""02:00"",""next_day"":true}],""sat"":[{""from"":""14:00"",""to"":""02:00"",""next_day"":true}],""sun"":[{""from"":""14:00"",""to"":""02:00"",""next_day"":true}]}}",afisha,https://www.afisha.ru/msk/restaurant/billie-1600038/,True,2026-05-24T07:50:40+00:00,2026-05-24T07:50:40+00:00
afisha-msk-biologie-494087,Biologie,"Увлекательная кухня в поселке Ильинское. Гастробистро шефа Екатерины Алехиной, где много внимания уделяется происхождению, биографии и эволюции продукта. Эксперименты с ферментацией, увлечение огнем и печью и классические французские техники в основе всего — Алехина, опираясь на…","Красногорский р-н, с. Ильинское, Ленина, 30, стр. 2",55.7607351,37.243357,среда: 10:00–23:00; четверг: 10:00–23:00; пятница: 10:00–23:00; суббота: 10:00–23:00; воскресенье: 10:00–23:00,"{""timezone"":""Europe/Moscow"",""weekly"":{""wed"":[{""from"":""10:00"",""to"":""23:00""}],""thu"":[{""from"":""10:00"",""to"":""23:00""}],""fri"":[{""from"":""10:00"",""to"":""23:00""}],""sat"":[{""from"":""10:00"",""to"":""23:00""}],""sun"":[{""from"":""10:00"",""to"":""23:00""}]}}",afisha,https://www.afisha.ru/msk/restaurant/biologie-494087/,True,2026-05-24T07:50:40+00:00,2026-05-24T07:50:40+00:00
afisha-msk-black-hat-442357,Black Hat,"Самый большой выбор рома в городе. Black Hat — гремучая смесь, симбиоз тики-культуры и ирландских алкотрадиций. Тики — одна из важных традиций в истории коктейлей, родом из Калифорнии 30-х, соединила в себе лучшее от обоих американских побережий: пляжные коктейли на основе рома…","Садовая-Каретная, 20, стр. 1",55.7729744,37.6102805,понедельник: 15:00–24:00; вторник: 15:00–24:00; среда: 15:00–24:00; четверг: 15:00–24:00; пятница: 15:00–02:00; суббота: 15:00–02:00; воскресенье: 15:00–24:00,"{""timezone"":""Europe/Moscow"",""weekly"":{""mon"":[{""from"":""15:00"",""to"":""00:00"",""next_day"":true}],""tue"":[{""from"":""15:00"",""to"":""00:00"",""next_day"":true}],""wed"":[{""from"":""15:00"",""to"":""00:00"",""next_day"":true}],""thu"":[{""from"":""15:00"",""to"":""00:00"",""next_day"":true}],""fri"":[{""from"":""15:00"",""to"":""02:00"",""next_day"":true}],""sat"":[{""from"":""15:00"",""to"":""02:00"",""next_day"":true}],""sun"":[{""from"":""15:00"",""to"":""00:00"",""next_day"":true}]}}",afisha,https://www.afisha.ru/msk/restaurant/black-hat-442357/,True,2026-05-24T07:50:40+00:00,2026-05-24T07:50:40+00:00
afisha-msk-bluefin-495243,Bluefin Sushi Oysters Restaurant,"Кухня в стиле никкей в Москва-Сити. Основную часть меню составляют блюда в стиле никкей — микс перуанской и японской кухни с большим количеством авторских блюд от бренд-шефа Николая Кима. Закуски из рыбы, плато из свежих морепродуктов, более 15 рецептов фирменных роллов, суши и…","1-й Красногвардейский пр., 22, стр. 2, ММДЦ «Москва-Сити», башня «Нева»",55.751862,37.5341169,понедельник: 11:00–24:00; вторник: 11:00–24:00; среда: 11:00–24:00; четверг: 11:00–24:00; пятница: 11:00–02:00; суббота: 11:00–02:00; воскресенье: 11:00–24:00,"{""timezone"":""Europe/Moscow"",""weekly"":{""mon"":[{""from"":""11:00"",""to"":""00:00"",""next_day"":true}],""tue"":[{""from"":""11:00"",""to"":""00:00"",""next_day"":true}],""wed"":[{""from"":""11:00"",""to"":""00:00"",""next_day"":true}],""thu"":[{""from"":""11:00"",""to"":""00:00"",""next_day"":true}],""fri"":[{""from"":""11:00"",""to"":""02:00"",""next_day"":true}],""sat"":[{""from"":""11:00"",""to"":""02:00"",""next_day"":true}],""sun"":[{""from"":""11:00"",""to"":""00:00"",""next_day"":true}]}}",afisha,https://www.afisha.ru/msk/restaurant/bluefin-495243/,True,2026-05-24T07:50:40+00:00,2026-05-24T07:50:40+00:00
afisha-msk-bolognetta-375054,Bolognetta,"Итальянская кухня в ТРЦ «Европейский». Брускетты, карпаччо, ризотто, домашняя паста, а еще гриль и плодовитая пицца-печь — итальянская кухня выручает даже в ТЦ.","пл. Киевского Вокзала, 2, ТРЦ «Европейский», 3 этаж",55.7446,37.566102,понедельник: 10:00–22:00; вторник: 10:00–22:00; среда: 10:00–22:00; четверг: 10:00–22:00; пятница: 10:00–23:00; суббота: 10:00–23:00; воскресенье: 10:00–22:00,"{""timezone"":""Europe/Moscow"",""weekly"":{""mon"":[{""from"":""10:00"",""to"":""22:00""}],""tue"":[{""from"":""10:00"",""to"":""22:00""}],""wed"":[{""from"":""10:00"",""to"":""22:00""}],""thu"":[{""from"":""10:00"",""to"":""22:00""}],""fri"":[{""from"":""10:00"",""to"":""23:00""}],""sat"":[{""from"":""10:00"",""to"":""23:00""}],""sun"":[{""from"":""10:00"",""to"":""22:00""}]}}",afisha,https://www.afisha.ru/msk/restaurant/bolognetta-375054/,True,2026-05-24T07:50:40+00:00,2026-05-24T07:50:40+00:00
afisha-msk-brasserie-20-select-1600563,Brasserie 2.0,"Городская брассери на каждый день. Brasserie 2.0 — проект от создателей мини-сети Lambic с большим выбором бельгийского пива. Брассерия на Красной Пресне немного отличается по формату от своих старших братьев: акцент здесь не на пиве и закускам к нему, а на меню. Много закусок,…","Красная Пресня, 22",55.7621341,37.5705852,понедельник: 12:00–24:00; вторник: 12:00–24:00; среда: 12:00–24:00; четверг: 12:00–24:00; пятница: 12:00–24:00; суббота: 12:00–24:00; воскресенье: 12:00–24:00,"{""timezone"":""Europe/Moscow"",""weekly"":{""mon"":[{""from"":""12:00"",""to"":""00:00"",""next_day"":true}],""tue"":[{""from"":""12:00"",""to"":""00:00"",""next_day"":true}],""wed"":[{""from"":""12:00"",""to"":""00:00"",""next_day"":true}],""thu"":[{""from"":""12:00"",""to"":""00:00"",""next_day"":true}],""fri"":[{""from"":""12:00"",""to"":""00:00"",""next_day"":true}],""sat"":[{""from"":""12:00"",""to"":""00:00"",""next_day"":true}],""sun"":[{""from"":""12:00"",""to"":""00:00"",""next_day"":true}]}}",afisha,https://www.afisha.ru/msk/restaurant/brasserie-20-select-1600563/,True,2026-05-24T07:50:40+00:00,2026-05-24T07:50:40+00:00
afisha-msk-brodo-493466,Brodo,"Открытая кухня, вино и коктейли на Петровке. Гастрономический винный бар на Петровке. Тщательно собранная винная карта. Бренд-шеф Олег Кусов известен по своей работе в Delicatessen. Обстановка напоминает будуар из арт-хаусного кино. В меру экспериментальная еда, о которой стоит…","Петровский б-р, 2",55.767828,37.614419,понедельник: 12:00–24:00; вторник: 12:00–24:00; среда: 12:00–24:00; четверг: 12:00–24:00; пятница: 12:00–02:00; суббота: 13:00–02:00; воскресенье: 13:00–24:00,"{""timezone"":""Europe/Moscow"",""weekly"":{""mon"":[{""from"":""12:00"",""to"":""00:00"",""next_day"":true}],""tue"":[{""from"":""12:00"",""to"":""00:00"",""next_day"":true}],""wed"":[{""from"":""12:00"",""to"":""00:00"",""next_day"":true}],""thu"":[{""from"":""12:00"",""to"":""00:00"",""next_day"":true}],""fri"":[{""from"":""12:00"",""to"":""02:00"",""next_day"":true}],""sat"":[{""from"":""13:00"",""to"":""02:00"",""next_day"":true}],""sun"":[{""from"":""13:00"",""to"":""00:00"",""next_day"":true}]}}",afisha,https://www.afisha.ru/msk/restaurant/brodo-493466/,True,2026-05-24T07:50:40+00:00,2026-05-24T07:50:40+00:00
afisha-msk-bruxelles-495646,Bruxelles,,"Смоленская, 8, гостиница Azimut Moscow Smolenskaya",55.7462928,37.580292,понедельник: 12:00–02:00; вторник: 12:00–02:00; среда: 12:00–02:00; четверг: 12:00–02:00; пятница: 12:00–02:00; суббота: 10:00–02:00; воскресенье: 10:00–02:00,"{""timezone"":""Europe/Moscow"",""weekly"":{""mon"":[{""from"":""12:00"",""to"":""02:00"",""next_day"":true}],""tue"":[{""from"":""12:00"",""to"":""02:00"",""next_day"":true}],""wed"":[{""from"":""12:00"",""to"":""02:00"",""next_day"":true}],""thu"":[{""from"":""12:00"",""to"":""02:00"",""next_day"":true}],""fri"":[{""from"":""12:00"",""to"":""02:00"",""next_day"":true}],""sat"":[{""from"":""10:00"",""to"":""02:00"",""next_day"":true}],""sun"":[{""from"":""10:00"",""to"":""02:00"",""next_day"":true}]}}",afisha,https://www.afisha.ru/msk/restaurant/bruxelles-495646/,True,2026-05-24T07:50:40+00:00,2026-05-24T07:50:40+00:00
afisha-msk-bshushu-496998,Bshushu Restaurant,"Тяга к морю в Bshushu Restaurant. Некогда тель-авивское бистро Bshushu переоткрылось с выноской Restaurant в названии. За апсайклинг заведения отвечала прежняя команда во главе с идеологом Катей Бабкиной (Capito). В Bshushu обновили интерьер, посадку сделали более комфортной, а…","3-я ул. Ямского Поля, 2, корп. 3",55.7817737,37.5819243,понедельник: 10:00–24:00; вторник: 10:00–24:00; среда: 10:00–24:00; четверг: 10:00–24:00; пятница: 10:00–24:00; суббота: 10:00–24:00; воскресенье: 10:00–24:00,"{""timezone"":""Europe/Moscow"",""weekly"":{""mon"":[{""from"":""10:00"",""to"":""00:00"",""next_day"":true}],""tue"":[{""from"":""10:00"",""to"":""00:00"",""next_day"":true}],""wed"":[{""from"":""10:00"",""to"":""00:00"",""next_day"":true}],""thu"":[{""from"":""10:00"",""to"":""00:00"",""next_day"":true}],""fri"":[{""from"":""10:00"",""to"":""00:00"",""next_day"":true}],""sat"":[{""from"":""10:00"",""to"":""00:00"",""next_day"":true}],""sun"":[{""from"":""10:00"",""to"":""00:00"",""next_day"":true}]}}",afisha,https://www.afisha.ru/msk/restaurant/bshushu-496998/,True,2026-05-24T07:50:40+00:00,2026-05-24T07:50:40+00:00
afisha-msk-buffet-490885,Buffet,,"Александра Солженицына, 3",55.7422704,37.6556983,понедельник: 00:00–00:00; вторник: 00:00–00:00; среда: 00:00–00:00; четверг: 00:00–00:00; пятница: 00:00–00:00; суббота: 00:00–00:00; воскресенье: 00:00–00:00,"{""timezone"":""Europe/Moscow"",""weekly"":{""mon"":[{""from"":""00:00"",""to"":""00:00"",""next_day"":true}],""tue"":[{""from"":""00:00"",""to"":""00:00"",""next_day"":true}],""wed"":[{""from"":""00:00"",""to"":""00:00"",""next_day"":true}],""thu"":[{""from"":""00:00"",""to"":""00:00"",""next_day"":true}],""fri"":[{""from"":""00:00"",""to"":""00:00"",""next_day"":true}],""sat"":[{""from"":""00:00"",""to"":""00:00"",""next_day"":true}],""sun"":[{""from"":""00:00"",""to"":""00:00"",""next_day"":true}]}}",afisha,https://www.afisha.ru/msk/restaurant/buffet-490885/,True,2026-05-24T07:50:40+00:00,2026-05-24T07:50:40+00:00
afisha-msk-cafeteria-de-madre-1600740,Cafeteria de madre,,"просп. Мира, 119, стр. 40, ВДНХ",55.8381298,37.6208174,понедельник: 12:00–22:00; вторник: 12:00–22:00; среда: 12:00–22:00; четверг: 12:00–22:00; пятница: 12:00–22:00; суббота: 12:00–22:00; воскресенье: 12:00–22:00,"{""timezone"":""Europe/Moscow"",""weekly"":{""mon"":[{""from"":""12:00"",""to"":""22:00""}],""tue"":[{""from"":""12:00"",""to"":""22:00""}],""wed"":[{""from"":""12:00"",""to"":""22:00""}],""thu"":[{""from"":""12:00"",""to"":""22:00""}],""fri"":[{""from"":""12:00"",""to"":""22:00""}],""sat"":[{""from"":""12:00"",""to"":""22:00""}],""sun"":[{""from"":""12:00"",""to"":""22:00""}]}}",afisha,https://www.afisha.ru/msk/restaurant/cafeteria-de-madre-1600740/,True,2026-05-24T07:50:40+00:00,2026-05-24T07:50:40+00:00
afisha-msk-capito-cafe-481902,Capito,"Неожиданный гастрономический оазис на Ямском Поле. В большом ресторане на Белорусской два зала: первый — более светлый с открытой кухней, окнами в пол и вообще открытый всему миру. А дальше настоящий ресторан с баром; красиво и энергично — бетон, стекло, много умело выстроенного…","3-я ул. Ямского Поля, 2, корп. 12",55.781398,37.583499,понедельник: 12:00–24:00; вторник: 12:00–24:00; среда: 12:00–24:00; четверг: 12:00–24:00; пятница: 12:00–24:00; суббота: 12:00–24:00; воскресенье: 12:00–24:00,"{""timezone"":""Europe/Moscow"",""weekly"":{""mon"":[{""from"":""12:00"",""to"":""00:00"",""next_day"":true}],""tue"":[{""from"":""12:00"",""to"":""00:00"",""next_day"":true}],""wed"":[{""from"":""12:00"",""to"":""00:00"",""next_day"":true}],""thu"":[{""from"":""12:00"",""to"":""00:00"",""next_day"":true}],""fri"":[{""from"":""12:00"",""to"":""00:00"",""next_day"":true}],""sat"":[{""from"":""12:00"",""to"":""00:00"",""next_day"":true}],""sun"":[{""from"":""12:00"",""to"":""00:00"",""next_day"":true}]}}",afisha,https://www.afisha.ru/msk/restaurant/capito-cafe-481902/,True,2026-05-24T07:50:40+00:00,2026-05-24T07:50:40+00:00
afisha-msk-carniceria-vino-519032,Carniceria vino,Аргентинский мясной ресторан Дениса Бобкова,"Солянка, 1/2, стр. 1, в подвале пекарни Masa madre",55.7540355,37.6375854,понедельник: 17:00–24:00; вторник: 17:00–24:00; среда: 17:00–24:00; четверг: 17:00–24:00; пятница: 17:00–24:00; суббота: 17:00–24:00; воскресенье: 17:00–24:00,"{""timezone"":""Europe/Moscow"",""weekly"":{""mon"":[{""from"":""17:00"",""to"":""00:00"",""next_day"":true}],""tue"":[{""from"":""17:00"",""to"":""00:00"",""next_day"":true}],""wed"":[{""from"":""17:00"",""to"":""00:00"",""next_day"":true}],""thu"":[{""from"":""17:00"",""to"":""00:00"",""next_day"":true}],""fri"":[{""from"":""17:00"",""to"":""00:00"",""next_day"":true}],""sat"":[{""from"":""17:00"",""to"":""00:00"",""next_day"":true}],""sun"":[{""from"":""17:00"",""to"":""00:00"",""next_day"":true}]}}",afisha,https://www.afisha.ru/msk/restaurant/carniceria-vino-519032/,True,2026-05-24T07:50:40+00:00,2026-05-24T07:50:40+00:00
afisha-msk-caspian-494239,Caspian,"Азербайджанская кухня в особняке на Старом Арбате. В историческом двухэтажном особняке на Старом Арбате Ginza Project создала многофункциональное пространство, объединяющее ресторан авторской азербайджанской кухни, маркет-бутик с аутентичными продуктами и предметами интерьера со…","Арбат, 42, стр.1",55.7483435,37.5869944,понедельник: 11:00–24:00; вторник: 11:00–24:00; среда: 11:00–24:00; четверг: 11:00–24:00; пятница: 11:00–24:00; суббота: 11:00–24:00; воскресенье: 11:00–24:00,"{""timezone"":""Europe/Moscow"",""weekly"":{""mon"":[{""from"":""11:00"",""to"":""00:00"",""next_day"":true}],""tue"":[{""from"":""11:00"",""to"":""00:00"",""next_day"":true}],""wed"":[{""from"":""11:00"",""to"":""00:00"",""next_day"":true}],""thu"":[{""from"":""11:00"",""to"":""00:00"",""next_day"":true}],""fri"":[{""from"":""11:00"",""to"":""00:00"",""next_day"":true}],""sat"":[{""from"":""11:00"",""to"":""00:00"",""next_day"":true}],""sun"":[{""from"":""11:00"",""to"":""00:00"",""next_day"":true}]}}",afisha,https://www.afisha.ru/msk/restaurant/caspian-494239/,True,2026-05-24T07:50:40+00:00,2026-05-24T07:50:40+00:00
afisha-msk-centrale-bistro-1600625,Centrale Bistro,"Камерное бистро Евгения Викентьева. Неброский дизайн, камерное пространство и акцент на часто обновляемом меню — заведение Евгения Викентьева получилось ладно скроенным, в лучшем духе берлинского бистро. На кухне используют сезонные фермерские продукты, из которых готовят блюда…","Брюсов пер., 11",55.758892,37.6059092,понедельник: 18:00–23:00; вторник: 18:00–23:00; среда: 18:00–23:00; четверг: 18:00–23:00; пятница: 18:00–23:00; суббота: 18:00–23:00; воскресенье: 18:00–23:00,"{""timezone"":""Europe/Moscow"",""weekly"":{""mon"":[{""from"":""18:00"",""to"":""23:00""}],""tue"":[{""from"":""18:00"",""to"":""23:00""}],""wed"":[{""from"":""18:00"",""to"":""23:00""}],""thu"":[{""from"":""18:00"",""to"":""23:00""}],""fri"":[{""from"":""18:00"",""to"":""23:00""}],""sat"":[{""from"":""18:00"",""to"":""23:00""}],""sun"":[{""from"":""18:00"",""to"":""23:00""}]}}",afisha,https://www.afisha.ru/msk/restaurant/centrale-bistro-1600625/,True,2026-05-24T07:50:40+00:00,2026-05-24T07:50:40+00:00
afisha-msk-chere-maman-1600843,Chère maman,"Атмосфера старого Парижа на Трубной. Концепцию этого бистро разрабатывала та же команда, которая открывала итальянское кафе «Мария Санта», грузинское «Вертели» и английский паб «Свинья и роза». Теперь команда во главе с Татьяной Мельниковой взялась за французскую тематику,…","Трубная, 26, корп. 1",55.7706879,37.625582,понедельник: 09:00–23:00; вторник: 09:00–23:00; среда: 09:00–23:00; четверг: 09:00–23:00; пятница: 09:00–24:00; суббота: 11:00–24:00; воскресенье: 11:00–23:00,"{""timezone"":""Europe/Moscow"",""weekly"":{""mon"":[{""from"":""09:00"",""to"":""23:00""}],""tue"":[{""from"":""09:00"",""to"":""23:00""}],""wed"":[{""from"":""09:00"",""to"":""23:00""}],""thu"":[{""from"":""09:00"",""to"":""23:00""}],""fri"":[{""from"":""09:00"",""to"":""00:00"",""next_day"":true}],""sat"":[{""from"":""11:00"",""to"":""00:00"",""next_day"":true}],""sun"":[{""from"":""11:00"",""to"":""23:00""}]}}",afisha,https://www.afisha.ru/msk/restaurant/chere-maman-1600843/,True,2026-05-24T07:50:40+00:00,2026-05-24T07:50:40+00:00
afisha-msk-chow-chow-496580,Chow Chow,,"Забелина, 1",55.7546529,37.6377244,понедельник: 12:00–24:00; вторник: 12:00–24:00; среда: 12:00–24:00; четверг: 12:00–24:00; пятница: 12:00–02:00; суббота: 12:00–02:00; воскресенье: 12:00–24:00,"{""timezone"":""Europe/Moscow"",""weekly"":{""mon"":[{""from"":""12:00"",""to"":""00:00"",""next_day"":true}],""tue"":[{""from"":""12:00"",""to"":""00:00"",""next_day"":true}],""wed"":[{""from"":""12:00"",""to"":""00:00"",""next_day"":true}],""thu"":[{""from"":""12:00"",""to"":""00:00"",""next_day"":true}],""fri"":[{""from"":""12:00"",""to"":""02:00"",""next_day"":true}],""sat"":[{""from"":""12:00"",""to"":""02:00"",""next_day"":true}],""sun"":[{""from"":""12:00"",""to"":""00:00"",""next_day"":true}]}}",afisha,https://www.afisha.ru/msk/restaurant/chow-chow-496580/,True,2026-05-24T07:50:40+00:00,2026-05-24T07:50:40+00:00
afisha-msk-coba-494319,Coba,"Суши-бистро на Новой площади. Скромных размеров пространство, много красного и черного, много дерева, лакированные поверхности и прочие атрибуты традиционных суши-баров. Кормят, в основном, хэнд роллами — вытянутыми трубочками с равномерно распределенной начинкой, которая может…","Новая пл., 10",55.7580175,37.6272742,понедельник: 12:00–24:00; вторник: 12:00–24:00; среда: 12:00–24:00; четверг: 12:00–24:00; пятница: 12:00–24:00; суббота: 12:00–24:00; воскресенье: 12:00–24:00,"{""timezone"":""Europe/Moscow"",""weekly"":{""mon"":[{""from"":""12:00"",""to"":""00:00"",""next_day"":true}],""tue"":[{""from"":""12:00"",""to"":""00:00"",""next_day"":true}],""wed"":[{""from"":""12:00"",""to"":""00:00"",""next_day"":true}],""thu"":[{""from"":""12:00"",""to"":""00:00"",""next_day"":true}],""fri"":[{""from"":""12:00"",""to"":""00:00"",""next_day"":true}],""sat"":[{""from"":""12:00"",""to"":""00:00"",""next_day"":true}],""sun"":[{""from"":""12:00"",""to"":""00:00"",""next_day"":true}]}}",afisha,https://www.afisha.ru/msk/restaurant/coba-494319/,True,2026-05-24T07:50:40+00:00,2026-05-24T07:50:40+00:00
afisha-msk-connolly-station-346443,Connolly Station,"Красивый паб в Столешниковом переулке. Один из самых красивых пабов в городе — пространство в два этажа с балконом предсказуемо заполнено ирландской меморабилией, однако не теряет воздуха и простора. Все остальное — как положено: футбольные трансляции, ирландский фолк и пиво.…","Столешников пер., 8",55.7621469,37.6129141,понедельник: 12:00–24:00; вторник: 12:00–01:00; среда: 12:00–01:00; четверг: 12:00–01:00; пятница: 12:00–03:00; суббота: 12:00–03:00; воскресенье: 12:00–24:00,"{""timezone"":""Europe/Moscow"",""weekly"":{""mon"":[{""from"":""12:00"",""to"":""00:00"",""next_day"":true}],""tue"":[{""from"":""12:00"",""to"":""01:00"",""next_day"":true}],""wed"":[{""from"":""12:00"",""to"":""01:00"",""next_day"":true}],""thu"":[{""from"":""12:00"",""to"":""01:00"",""next_day"":true}],""fri"":[{""from"":""12:00"",""to"":""03:00"",""next_day"":true}],""sat"":[{""from"":""12:00"",""to"":""03:00"",""next_day"":true}],""sun"":[{""from"":""12:00"",""to"":""00:00"",""next_day"":true}]}}",afisha,https://www.afisha.ru/msk/restaurant/connolly-station-346443/,True,2026-05-24T07:50:40+00:00,2026-05-24T07:50:40+00:00
afisha-msk-coperto-493030,Coperto,,"Покровский б-р, 5",55.7559763,37.6490946,понедельник: 11:00–23:00; вторник: 11:00–23:00; среда: 11:00–23:00; четверг: 11:00–23:00; пятница: 11:00–23:00; суббота: 11:00–23:00; воскресенье: 11:00–23:00,"{""timezone"":""Europe/Moscow"",""weekly"":{""mon"":[{""from"":""11:00"",""to"":""23:00""}],""tue"":[{""from"":""11:00"",""to"":""23:00""}],""wed"":[{""from"":""11:00"",""to"":""23:00""}],""thu"":[{""from"":""11:00"",""to"":""23:00""}],""fri"":[{""from"":""11:00"",""to"":""23:00""}],""sat"":[{""from"":""11:00"",""to"":""23:00""}],""sun"":[{""from"":""11:00"",""to"":""23:00""}]}}",afisha,https://www.afisha.ru/msk/restaurant/coperto-493030/,True,2026-05-24T07:50:40+00:00,2026-05-24T07:50:40+00:00
afisha-msk-corner-cafe-kitchen-483093,Corner Café & Kitchen,,"Новодмитровская, 2, корп. 4",55.804046,37.590659,понедельник: 12:00–23:00; вторник: 12:00–23:00; среда: 12:00–23:00; четверг: 12:00–23:00; пятница: 12:00–23:00; суббота: 12:00–23:00; воскресенье: 12:00–23:00,"{""timezone"":""Europe/Moscow"",""weekly"":{""mon"":[{""from"":""12:00"",""to"":""23:00""}],""tue"":[{""from"":""12:00"",""to"":""23:00""}],""wed"":[{""from"":""12:00"",""to"":""23:00""}],""thu"":[{""from"":""12:00"",""to"":""23:00""}],""fri"":[{""from"":""12:00"",""to"":""23:00""}],""sat"":[{""from"":""12:00"",""to"":""23:00""}],""sun"":[{""from"":""12:00"",""to"":""23:00""}]}}",afisha,https://www.afisha.ru/msk/restaurant/corner-cafe-kitchen-483093/,True,2026-05-24T07:50:40+00:00,2026-05-24T07:50:40+00:00
afisha-msk-dacha-496417,Dacha Gastropub,"Просторный ресторан с собственной пивоварней от Lucky Group. Эстеты Lucky Group стали ближе к народу, открыв просторный ресторан на 180 мест, где не нужно сидеть друг у друга на голове, а можно удобно расположиться на мягких диванах и креслах. Да и в меню как-то смотреть…","Н.Арбат, 28",55.7528922,37.5849788,понедельник: 12:00–24:00; вторник: 12:00–24:00; среда: 12:00–24:00; четверг: 12:00–24:00; пятница: 12:00–02:00; суббота: 12:00–02:00; воскресенье: 12:00–24:00,"{""timezone"":""Europe/Moscow"",""weekly"":{""mon"":[{""from"":""12:00"",""to"":""00:00"",""next_day"":true}],""tue"":[{""from"":""12:00"",""to"":""00:00"",""next_day"":true}],""wed"":[{""from"":""12:00"",""to"":""00:00"",""next_day"":true}],""thu"":[{""from"":""12:00"",""to"":""00:00"",""next_day"":true}],""fri"":[{""from"":""12:00"",""to"":""02:00"",""next_day"":true}],""sat"":[{""from"":""12:00"",""to"":""02:00"",""next_day"":true}],""sun"":[{""from"":""12:00"",""to"":""00:00"",""next_day"":true}]}}",afisha,https://www.afisha.ru/msk/restaurant/dacha-496417/,True,2026-05-24T07:50:40+00:00,2026-05-24T07:50:40+00:00
afisha-msk-dachniki-518987,Dachniki,"Дачный дух в черте города. Dachniki — ресторан в парке Северного речного вокзала, в который можно либо приехать специально, либо случайно забрести. Пространство делится на залы с говорящими названиями — «Зимний сад», «Гостиная», «Кухня», «Кабинет» и «Библиотека». Здесь…","Ленинградское ш., 57, корп. 2",55.8548812,37.4656306,понедельник: 12:00–24:00; вторник: 12:00–24:00; среда: 12:00–24:00; четверг: 12:00–24:00; пятница: 12:00–24:00; суббота: 12:00–24:00; воскресенье: 12:00–24:00,"{""timezone"":""Europe/Moscow"",""weekly"":{""mon"":[{""from"":""12:00"",""to"":""00:00"",""next_day"":true}],""tue"":[{""from"":""12:00"",""to"":""00:00"",""next_day"":true}],""wed"":[{""from"":""12:00"",""to"":""00:00"",""next_day"":true}],""thu"":[{""from"":""12:00"",""to"":""00:00"",""next_day"":true}],""fri"":[{""from"":""12:00"",""to"":""00:00"",""next_day"":true}],""sat"":[{""from"":""12:00"",""to"":""00:00"",""next_day"":true}],""sun"":[{""from"":""12:00"",""to"":""00:00"",""next_day"":true}]}}",afisha,https://www.afisha.ru/msk/restaurant/dachniki-518987/,True,2026-05-24T07:50:40+00:00,2026-05-24T07:50:40+00:00
afisha-msk-komediia-del-arte-494829,Dell'arte,"Выручай-ресторан со всеми московскими хитами в меню. Здесь подают и хумус с авокадо, и мясную тарелку, и салат с баклажанами, и даже римскую пиццу и домашней пастой. Если вам нужно собрать компанию людей с разными предпочтениями, то здесь никаких споров не возникнет.","Б.Толмачевский пер., 4, стр. 1",55.7407164,37.6229284,понедельник: 10:00–23:00; вторник: 10:00–23:00; среда: 10:00–23:00; четверг: 10:00–23:00; пятница: 10:00–23:00; суббота: 10:00–23:00; воскресенье: 10:00–23:00,"{""timezone"":""Europe/Moscow"",""weekly"":{""mon"":[{""from"":""10:00"",""to"":""23:00""}],""tue"":[{""from"":""10:00"",""to"":""23:00""}],""wed"":[{""from"":""10:00"",""to"":""23:00""}],""thu"":[{""from"":""10:00"",""to"":""23:00""}],""fri"":[{""from"":""10:00"",""to"":""23:00""}],""sat"":[{""from"":""10:00"",""to"":""23:00""}],""sun"":[{""from"":""10:00"",""to"":""23:00""}]}}",afisha,https://www.afisha.ru/msk/restaurant/komediia-del-arte-494829/,True,2026-05-24T07:50:40+00:00,2026-05-24T07:50:40+00:00
afisha-msk-dizengof-99-493790,Dizengof 99,"Фалафель, израильский завтрак и шакшука. Все стандарты, какие должны быть в любой закусочной ближневосточного стиля: фалафель, шакшука, хумус. Следует обратить внимание на израильский завтрак — он включает яичницу из двух яиц (яйца могут приготовить как угодно), корзину хорошо…","3-й Красносельский пер., 19, стр. 11",55.784734,37.656128,понедельник: 10:00–23:00; вторник: 10:00–23:00; среда: 10:00–23:00; четверг: 10:00–23:00; пятница: 10:00–24:00; суббота: 10:00–24:00; воскресенье: 10:00–23:00,"{""timezone"":""Europe/Moscow"",""weekly"":{""mon"":[{""from"":""10:00"",""to"":""23:00""}],""tue"":[{""from"":""10:00"",""to"":""23:00""}],""wed"":[{""from"":""10:00"",""to"":""23:00""}],""thu"":[{""from"":""10:00"",""to"":""23:00""}],""fri"":[{""from"":""10:00"",""to"":""00:00"",""next_day"":true}],""sat"":[{""from"":""10:00"",""to"":""00:00"",""next_day"":true}],""sun"":[{""from"":""10:00"",""to"":""23:00""}]}}",afisha,https://www.afisha.ru/msk/restaurant/dizengof-99-493790/,True,2026-05-24T07:50:40+00:00,2026-05-24T07:50:40+00:00
afisha-msk-dizengof-99-497029,Dizengof 99,"Фалафель, израильский завтрак и шакшука. Все стандарты, какие должны быть в любой закусочной ближневосточного стиля: фалафель, шакшука, хумус. Следует обратить внимание на израильский завтрак — он включает яичницу из двух яиц (яйца могут приготовить как угодно), корзину хорошо…","Шаболовка, 19",55.7235213,37.6112966,понедельник: 10:00–23:00; вторник: 10:00–23:00; среда: 10:00–23:00; четверг: 10:00–23:00; пятница: 10:00–24:00; суббота: 10:00–24:00; воскресенье: 10:00–23:00,"{""timezone"":""Europe/Moscow"",""weekly"":{""mon"":[{""from"":""10:00"",""to"":""23:00""}],""tue"":[{""from"":""10:00"",""to"":""23:00""}],""wed"":[{""from"":""10:00"",""to"":""23:00""}],""thu"":[{""from"":""10:00"",""to"":""23:00""}],""fri"":[{""from"":""10:00"",""to"":""00:00"",""next_day"":true}],""sat"":[{""from"":""10:00"",""to"":""00:00"",""next_day"":true}],""sun"":[{""from"":""10:00"",""to"":""23:00""}]}}",afisha,https://www.afisha.ru/msk/restaurant/dizengof-99-497029/,True,2026-05-24T07:50:40+00:00,2026-05-24T07:50:40+00:00
afisha-msk-dizengof-99-518933,Dizengof 99,"Фалафель, израильский завтрак и шакшука. Все стандарты, какие должны быть в любой закусочной ближневосточного стиля: фалафель, шакшука, хумус. Следует обратить внимание на израильский завтрак — он включает яичницу из двух яиц (яйца могут приготовить как угодно), корзину хорошо…","Люсиновская, 13, стр. 1",55.7278621,37.6235286,понедельник: 10:00–23:00; вторник: 10:00–23:00; среда: 10:00–23:00; четверг: 10:00–23:00; пятница: 10:00–24:00; суббота: 10:00–24:00; воскресенье: 10:00–23:00,"{""timezone"":""Europe/Moscow"",""weekly"":{""mon"":[{""from"":""10:00"",""to"":""23:00""}],""tue"":[{""from"":""10:00"",""to"":""23:00""}],""wed"":[{""from"":""10:00"",""to"":""23:00""}],""thu"":[{""from"":""10:00"",""to"":""23:00""}],""fri"":[{""from"":""10:00"",""to"":""00:00"",""next_day"":true}],""sat"":[{""from"":""10:00"",""to"":""00:00"",""next_day"":true}],""sun"":[{""from"":""10:00"",""to"":""23:00""}]}}",afisha,https://www.afisha.ru/msk/restaurant/dizengof-99-518933/,True,2026-05-24T07:50:40+00:00,2026-05-24T07:50:40+00:00
afisha-msk-dizengof-99-1600557,Dizengof 99,"Фалафель, израильский завтрак и шакшука. Все стандарты, какие должны быть в любой закусочной ближневосточного стиля: фалафель, шакшука, хумус. Следует обратить внимание на израильский завтрак — он включает яичницу из двух яиц (яйца могут приготовить как угодно), корзину хорошо…","2-я Брестская, 37, стр. 1",55.7736581,37.5851673,понедельник: 10:00–23:00; вторник: 10:00–23:00; среда: 10:00–23:00; четверг: 10:00–23:00; пятница: 10:00–24:00; суббота: 10:00–24:00; воскресенье: 10:00–23:00,"{""timezone"":""Europe/Moscow"",""weekly"":{""mon"":[{""from"":""10:00"",""to"":""23:00""}],""tue"":[{""from"":""10:00"",""to"":""23:00""}],""wed"":[{""from"":""10:00"",""to"":""23:00""}],""thu"":[{""from"":""10:00"",""to"":""23:00""}],""fri"":[{""from"":""10:00"",""to"":""00:00"",""next_day"":true}],""sat"":[{""from"":""10:00"",""to"":""00:00"",""next_day"":true}],""sun"":[{""from"":""10:00"",""to"":""23:00""}]}}",afisha,https://www.afisha.ru/msk/restaurant/dizengof-99-1600557/,True,2026-05-24T07:50:40+00:00,2026-05-24T07:50:40+00:00
afisha-msk-dizengof-99-1600901,Dizengof 99,"Фалафель, израильский завтрак и шакшука. Все стандарты, какие должны быть в любой закусочной ближневосточного стиля: фалафель, шакшука, хумус. Следует обратить внимание на израильский завтрак — он включает яичницу из двух яиц (яйца могут приготовить как угодно), корзину хорошо…","Нахимовский просп., 51",55.6766218,37.564992,понедельник: 09:00–23:00; вторник: 09:00–23:00; среда: 09:00–23:00; четверг: 09:00–23:00; пятница: 09:00–23:00; суббота: 09:00–23:00; воскресенье: 09:00–23:00,"{""timezone"":""Europe/Moscow"",""weekly"":{""mon"":[{""from"":""09:00"",""to"":""23:00""}],""tue"":[{""from"":""09:00"",""to"":""23:00""}],""wed"":[{""from"":""09:00"",""to"":""23:00""}],""thu"":[{""from"":""09:00"",""to"":""23:00""}],""fri"":[{""from"":""09:00"",""to"":""23:00""}],""sat"":[{""from"":""09:00"",""to"":""23:00""}],""sun"":[{""from"":""09:00"",""to"":""23:00""}]}}",afisha,https://www.afisha.ru/msk/restaurant/dizengof-99-1600901/,True,2026-05-24T07:50:40+00:00,2026-05-24T07:50:40+00:00
afisha-msk-dogs-in-the-fog-494831,Dogs in the Fog,"Паназия в тумане у Цветного бульвара. Третий проект ребят из Stereopeople group. В меню блюда паназиатской кухни авторства шеф-повара Павла Кулагина: разнообразные роллы, гунканы, поке, удон и тяхан, а десерты готовятся в собственном кондитерском цехе ресторанной группы. Летом в…","Петровский б-р, 14",55.7670498,37.6203398,понедельник: 17:00–02:00; вторник: 17:00–02:00; среда: 17:00–02:00; четверг: 17:00–02:00; пятница: 17:00–06:00; суббота: 17:00–06:00; воскресенье: 17:00–02:00,"{""timezone"":""Europe/Moscow"",""weekly"":{""mon"":[{""from"":""17:00"",""to"":""02:00"",""next_day"":true}],""tue"":[{""from"":""17:00"",""to"":""02:00"",""next_day"":true}],""wed"":[{""from"":""17:00"",""to"":""02:00"",""next_day"":true}],""thu"":[{""from"":""17:00"",""to"":""02:00"",""next_day"":true}],""fri"":[{""from"":""17:00"",""to"":""06:00"",""next_day"":true}],""sat"":[{""from"":""17:00"",""to"":""06:00"",""next_day"":true}],""sun"":[{""from"":""17:00"",""to"":""02:00"",""next_day"":true}]}}",afisha,https://www.afisha.ru/msk/restaurant/dogs-in-the-fog-494831/,True,2026-05-24T07:50:40+00:00,2026-05-24T07:50:40+00:00
afisha-msk-dolce-far-niente-485298,Dolce far niente,Авторская пицца и блюда в лучших традициях Италии. В меню ресторана на Смоленской канонические блюда в лучших традициях Италии и оригинальные интерпретации европейской кухни.,"Смоленская, 6",55.746507,37.581244,понедельник: 09:00–24:00; вторник: 09:00–24:00; среда: 09:00–24:00; четверг: 09:00–24:00; пятница: 09:00–24:00; суббота: 09:00–24:00; воскресенье: 09:00–24:00,"{""timezone"":""Europe/Moscow"",""weekly"":{""mon"":[{""from"":""09:00"",""to"":""00:00"",""next_day"":true}],""tue"":[{""from"":""09:00"",""to"":""00:00"",""next_day"":true}],""wed"":[{""from"":""09:00"",""to"":""00:00"",""next_day"":true}],""thu"":[{""from"":""09:00"",""to"":""00:00"",""next_day"":true}],""fri"":[{""from"":""09:00"",""to"":""00:00"",""next_day"":true}],""sat"":[{""from"":""09:00"",""to"":""00:00"",""next_day"":true}],""sun"":[{""from"":""09:00"",""to"":""00:00"",""next_day"":true}]}}",afisha,https://www.afisha.ru/msk/restaurant/dolce-far-niente-485298/,True,2026-05-24T07:50:40+00:00,2026-05-24T07:50:40+00:00
afisha-msk-eggsellent-493707,Eggsellent,Веселые завтраки из яиц. Первое московское кафе «Креативной кулинарной группировки» (основательницы проекта — Светлана Михалева и Полина Юрова). Завтраки с яйцами и бокалом игристого. Очереди на вход. Столы заранее не бронируют. Строгие часы работы: с восьми утра и до шести…,"Б.Садовая, 5, корп. 1",55.769104,37.591701,понедельник: 08:00–18:00; вторник: 08:00–18:00; среда: 08:00–18:00; четверг: 08:00–18:00; пятница: 08:00–18:00; суббота: 08:00–18:00; воскресенье: 08:00–18:00,"{""timezone"":""Europe/Moscow"",""weekly"":{""mon"":[{""from"":""08:00"",""to"":""18:00""}],""tue"":[{""from"":""08:00"",""to"":""18:00""}],""wed"":[{""from"":""08:00"",""to"":""18:00""}],""thu"":[{""from"":""08:00"",""to"":""18:00""}],""fri"":[{""from"":""08:00"",""to"":""18:00""}],""sat"":[{""from"":""08:00"",""to"":""18:00""}],""sun"":[{""from"":""08:00"",""to"":""18:00""}]}}",afisha,https://www.afisha.ru/msk/restaurant/eggsellent-493707/,True,2026-05-24T07:50:40+00:00,2026-05-24T07:50:40+00:00
afisha-msk-eggsellent-508203,Eggsellent,Веселые завтраки из яиц. Первое московское кафе «Креативной кулинарной группировки» (основательницы проекта — Светлана Михалева и Полина Юрова). Завтраки с яйцами и бокалом игристого. Очереди на вход. Столы заранее не бронируют. Строгие часы работы: с восьми утра и до шести…,"Несвижский пер., 2",55.7319859,37.5875424,понедельник: 08:00–18:00; вторник: 08:00–18:00; среда: 08:00–18:00; четверг: 08:00–18:00; пятница: 08:00–22:00; суббота: 08:00–22:00; воскресенье: 08:00–18:00,"{""timezone"":""Europe/Moscow"",""weekly"":{""mon"":[{""from"":""08:00"",""to"":""18:00""}],""tue"":[{""from"":""08:00"",""to"":""18:00""}],""wed"":[{""from"":""08:00"",""to"":""18:00""}],""thu"":[{""from"":""08:00"",""to"":""18:00""}],""fri"":[{""from"":""08:00"",""to"":""22:00""}],""sat"":[{""from"":""08:00"",""to"":""22:00""}],""sun"":[{""from"":""08:00"",""to"":""18:00""}]}}",afisha,https://www.afisha.ru/msk/restaurant/eggsellent-508203/,True,2026-05-24T07:50:40+00:00,2026-05-24T07:50:40+00:00
afisha-msk-el-pimpi-1600210,El pimpi,"Гастрономический гид по Испании на Большой Никитской. Яркая мебель, пестрая мозаика, необычные картины и зелень повсюду — испанский ресторан El pimpi запустила Alba Group, которая также занималась концепцией Lou Lou и «Юг 22». Название переводится как «сутенер» или «сводник» —…","Б.Никитская, 12",55.756517,37.6064457,понедельник: 12:00–24:00; вторник: 12:00–24:00; среда: 12:00–24:00; четверг: 12:00–24:00; пятница: 12:00–02:00; суббота: 12:00–02:00; воскресенье: 12:00–24:00,"{""timezone"":""Europe/Moscow"",""weekly"":{""mon"":[{""from"":""12:00"",""to"":""00:00"",""next_day"":true}],""tue"":[{""from"":""12:00"",""to"":""00:00"",""next_day"":true}],""wed"":[{""from"":""12:00"",""to"":""00:00"",""next_day"":true}],""thu"":[{""from"":""12:00"",""to"":""00:00"",""next_day"":true}],""fri"":[{""from"":""12:00"",""to"":""02:00"",""next_day"":true}],""sat"":[{""from"":""12:00"",""to"":""02:00"",""next_day"":true}],""sun"":[{""from"":""12:00"",""to"":""00:00"",""next_day"":true}]}}",afisha,https://www.afisha.ru/msk/restaurant/el-pimpi-1600210/,True,2026-05-24T07:50:40+00:00,2026-05-24T07:50:40+00:00
afisha-msk-erwin-patriki-pavilon-prud-496448,Erwin. Патрики. Павильон. Пруд,Тот самый павильон с видом на Патриарший пруд,"Б.Патриарший пер., 5",55.7634237,37.5927657,понедельник: 00:00–00:00; вторник: 00:00–00:00; среда: 00:00–00:00; четверг: 00:00–00:00; пятница: 00:00–00:00; суббота: 00:00–00:00; воскресенье: 00:00–00:00,"{""timezone"":""Europe/Moscow"",""weekly"":{""mon"":[{""from"":""00:00"",""to"":""00:00"",""next_day"":true}],""tue"":[{""from"":""00:00"",""to"":""00:00"",""next_day"":true}],""wed"":[{""from"":""00:00"",""to"":""00:00"",""next_day"":true}],""thu"":[{""from"":""00:00"",""to"":""00:00"",""next_day"":true}],""fri"":[{""from"":""00:00"",""to"":""00:00"",""next_day"":true}],""sat"":[{""from"":""00:00"",""to"":""00:00"",""next_day"":true}],""sun"":[{""from"":""00:00"",""to"":""00:00"",""next_day"":true}]}}",afisha,https://www.afisha.ru/msk/restaurant/erwin-patriki-pavilon-prud-496448/,True,2026-05-24T07:50:40+00:00,2026-05-24T07:50:40+00:00
afisha-msk-escapist-518504,Escapist,,"Б.Трехсвятительский пер., 2/1, стр. 1",55.7548226,37.6452275,понедельник: 13:00–24:00; вторник: 13:00–24:00; среда: 13:00–24:00; четверг: 13:00–24:00; пятница: 13:00–02:00; суббота: 13:00–02:00; воскресенье: 13:00–24:00,"{""timezone"":""Europe/Moscow"",""weekly"":{""mon"":[{""from"":""13:00"",""to"":""00:00"",""next_day"":true}],""tue"":[{""from"":""13:00"",""to"":""00:00"",""next_day"":true}],""wed"":[{""from"":""13:00"",""to"":""00:00"",""next_day"":true}],""thu"":[{""from"":""13:00"",""to"":""00:00"",""next_day"":true}],""fri"":[{""from"":""13:00"",""to"":""02:00"",""next_day"":true}],""sat"":[{""from"":""13:00"",""to"":""02:00"",""next_day"":true}],""sun"":[{""from"":""13:00"",""to"":""00:00"",""next_day"":true}]}}",afisha,https://www.afisha.ru/msk/restaurant/escapist-518504/,True,2026-05-24T07:50:40+00:00,2026-05-24T07:50:40+00:00
afisha-msk-eshak-60050,Eshak,"Среднеазиатский проект владельцев «Тануки», теперь на Рублевке. Ресторан на 4-м этаже галереи Zar на Рублевском шоссе открыл Александр Орлов («Тануки», «Поехали», «Китай Чи») совместно с актером Сергеем Светлаковым. Eshak — большой ресторан вполне европейского стиля и даже с…","Рублевское ш., 42, корп. 1, галерея Zar, 4 этаж",55.7508994,37.4123937,понедельник: 12:00–24:00; вторник: 12:00–24:00; среда: 12:00–24:00; четверг: 12:00–24:00; пятница: 12:00–24:00; суббота: 12:00–24:00; воскресенье: 12:00–24:00,"{""timezone"":""Europe/Moscow"",""weekly"":{""mon"":[{""from"":""12:00"",""to"":""00:00"",""next_day"":true}],""tue"":[{""from"":""12:00"",""to"":""00:00"",""next_day"":true}],""wed"":[{""from"":""12:00"",""to"":""00:00"",""next_day"":true}],""thu"":[{""from"":""12:00"",""to"":""00:00"",""next_day"":true}],""fri"":[{""from"":""12:00"",""to"":""00:00"",""next_day"":true}],""sat"":[{""from"":""12:00"",""to"":""00:00"",""next_day"":true}],""sun"":[{""from"":""12:00"",""to"":""00:00"",""next_day"":true}]}}",afisha,https://www.afisha.ru/msk/restaurant/eshak-60050/,True,2026-05-24T07:50:40+00:00,2026-05-24T07:50:40+00:00
afisha-msk-ester-bistro-496686,Ester Bar,"Тель-авивский коктейльный бар на Большой Никитской. Низкая журнальная посадка, винтажная мебель, граффити и искусство на стенах, классное освещение, объемная музыка и настроение безусловной любви. Концепция бара строится вокруг ближневосточных и, в частности, израильских…","Б.Никитская, 22/2",55.7571071,37.6029574,понедельник: 18:00–02:00; вторник: 18:00–02:00; среда: 18:00–02:00; четверг: 18:00–02:00; пятница: 18:00–03:00; суббота: 16:00–03:00; воскресенье: 16:00–02:00,"{""timezone"":""Europe/Moscow"",""weekly"":{""mon"":[{""from"":""18:00"",""to"":""02:00"",""next_day"":true}],""tue"":[{""from"":""18:00"",""to"":""02:00"",""next_day"":true}],""wed"":[{""from"":""18:00"",""to"":""02:00"",""next_day"":true}],""thu"":[{""from"":""18:00"",""to"":""02:00"",""next_day"":true}],""fri"":[{""from"":""18:00"",""to"":""03:00"",""next_day"":true}],""sat"":[{""from"":""16:00"",""to"":""03:00"",""next_day"":true}],""sun"":[{""from"":""16:00"",""to"":""02:00"",""next_day"":true}]}}",afisha,https://www.afisha.ru/msk/restaurant/ester-bistro-496686/,True,2026-05-24T07:50:40+00:00,2026-05-24T07:50:40+00:00
afisha-msk-eva-490011,Eva,"Греческая еда от Lucky Group. Глен Баллис штурмует небеса вместе с Lucky Group: почти в унисон загремели Loro на Большой Никитской, где австралийский шеф расписывается в любви к итальянской классике, и Eva — упражнение на тему современной греческой кухни на Большой Грузинской (и…","Б.Грузинская, 69",55.77396,37.586293,понедельник: 08:00–24:00; вторник: 08:00–24:00; среда: 08:00–24:00; четверг: 08:00–24:00; пятница: 08:00–24:00; суббота: 08:00–24:00; воскресенье: 08:00–24:00,"{""timezone"":""Europe/Moscow"",""weekly"":{""mon"":[{""from"":""08:00"",""to"":""00:00"",""next_day"":true}],""tue"":[{""from"":""08:00"",""to"":""00:00"",""next_day"":true}],""wed"":[{""from"":""08:00"",""to"":""00:00"",""next_day"":true}],""thu"":[{""from"":""08:00"",""to"":""00:00"",""next_day"":true}],""fri"":[{""from"":""08:00"",""to"":""00:00"",""next_day"":true}],""sat"":[{""from"":""08:00"",""to"":""00:00"",""next_day"":true}],""sun"":[{""from"":""08:00"",""to"":""00:00"",""next_day"":true}]}}",afisha,https://www.afisha.ru/msk/restaurant/eva-490011/,True,2026-05-24T07:50:40+00:00,2026-05-24T07:50:40+00:00
afisha-msk-everest-continental-508186,Everest Continental,"Концерты и киновечера в лаундж-формате. Everest — сеть, основная концепция которой закручена вокруг лаундж-формата и проведения мероприятий. Everest Continental — одно из полдюжины заведений, интерьер которого вдохновлен легендарным отелем «Континенталь». Меню — смесь…","2-я Звенигородская, 13, стр. 4",55.762222,37.5546189,понедельник: 10:00–05:00; вторник: 10:00–05:00; среда: 10:00–05:00; четверг: 10:00–05:00; пятница: 10:00–05:00; суббота: 10:00–05:00; воскресенье: 10:00–05:00,"{""timezone"":""Europe/Moscow"",""weekly"":{""mon"":[{""from"":""10:00"",""to"":""05:00"",""next_day"":true}],""tue"":[{""from"":""10:00"",""to"":""05:00"",""next_day"":true}],""wed"":[{""from"":""10:00"",""to"":""05:00"",""next_day"":true}],""thu"":[{""from"":""10:00"",""to"":""05:00"",""next_day"":true}],""fri"":[{""from"":""10:00"",""to"":""05:00"",""next_day"":true}],""sat"":[{""from"":""10:00"",""to"":""05:00"",""next_day"":true}],""sun"":[{""from"":""10:00"",""to"":""05:00"",""next_day"":true}]}}",afisha,https://www.afisha.ru/msk/restaurant/everest-continental-508186/,True,2026-05-24T07:50:40+00:00,2026-05-24T07:50:40+00:00
afisha-msk-everest-siberia-1600266,Everest Siberia,"Сибирь и дичь в футуристичном интерьере. Клуб и ресторан на Садовой-Триумфальной улице недалеко от сада «Эрмитаж» и в шаговой доступности от станции метро «Маяковская». Здесь устраивают диджей-сеты, живые выступления, тематические вечеринки и стендап. С 10.00 до 14.00 в Everest…","Садовая-Триумфальная, 22/31",55.7718822,37.6036779,понедельник: 12:00–02:00; вторник: 12:00–02:00; среда: 12:00–02:00; четверг: 12:00–02:00; пятница: 12:00–05:00; суббота: 12:00–05:00; воскресенье: 12:00–02:00,"{""timezone"":""Europe/Moscow"",""weekly"":{""mon"":[{""from"":""12:00"",""to"":""02:00"",""next_day"":true}],""tue"":[{""from"":""12:00"",""to"":""02:00"",""next_day"":true}],""wed"":[{""from"":""12:00"",""to"":""02:00"",""next_day"":true}],""thu"":[{""from"":""12:00"",""to"":""02:00"",""next_day"":true}],""fri"":[{""from"":""12:00"",""to"":""05:00"",""next_day"":true}],""sat"":[{""from"":""12:00"",""to"":""05:00"",""next_day"":true}],""sun"":[{""from"":""12:00"",""to"":""02:00"",""next_day"":true}]}}",afisha,https://www.afisha.ru/msk/restaurant/everest-siberia-1600266/,True,2026-05-24T07:50:40+00:00,2026-05-24T07:50:40+00:00
afisha-msk-finch-coffee-495238,Finch,"Небольшая сеть с поздними завтраками. Finch — симпатичные стильные кофейни внутри Садового кольца с поздними завтраками и кофе. Готовят и классику вроде шакшуки, бенедикта, сендвича с пастрами и авокадо тоста, и авторские позиции: стейк с омлетом или мини-сырники с фисташковой…","Б.Серпуховская, 5",55.7288318,37.6258504,понедельник: 08:00–22:00; вторник: 08:00–22:00; среда: 08:00–22:00; четверг: 08:00–22:00; пятница: 08:00–22:00; суббота: 09:00–22:00; воскресенье: 09:00–22:00,"{""timezone"":""Europe/Moscow"",""weekly"":{""mon"":[{""from"":""08:00"",""to"":""22:00""}],""tue"":[{""from"":""08:00"",""to"":""22:00""}],""wed"":[{""from"":""08:00"",""to"":""22:00""}],""thu"":[{""from"":""08:00"",""to"":""22:00""}],""fri"":[{""from"":""08:00"",""to"":""22:00""}],""sat"":[{""from"":""09:00"",""to"":""22:00""}],""sun"":[{""from"":""09:00"",""to"":""22:00""}]}}",afisha,https://www.afisha.ru/msk/restaurant/finch-coffee-495238/,True,2026-05-24T07:50:40+00:00,2026-05-24T07:50:40+00:00
afisha-msk-finch-1600528,Finch,"Небольшая сеть с поздними завтраками. Finch — симпатичные стильные кофейни внутри Садового кольца с поздними завтраками и кофе. Готовят и классику вроде шакшуки, бенедикта, сендвича с пастрами и авокадо тоста, и авторские позиции: стейк с омлетом или мини-сырники с фисташковой…","Газетный пер., 5",55.7575882,37.6083147,понедельник: 08:00–22:00; вторник: 08:00–22:00; среда: 08:00–22:00; четверг: 08:00–22:00; пятница: 08:00–22:00; суббота: 09:00–22:00; воскресенье: 09:00–22:00,"{""timezone"":""Europe/Moscow"",""weekly"":{""mon"":[{""from"":""08:00"",""to"":""22:00""}],""tue"":[{""from"":""08:00"",""to"":""22:00""}],""wed"":[{""from"":""08:00"",""to"":""22:00""}],""thu"":[{""from"":""08:00"",""to"":""22:00""}],""fri"":[{""from"":""08:00"",""to"":""22:00""}],""sat"":[{""from"":""09:00"",""to"":""22:00""}],""sun"":[{""from"":""09:00"",""to"":""22:00""}]}}",afisha,https://www.afisha.ru/msk/restaurant/finch-1600528/,True,2026-05-24T07:50:40+00:00,2026-05-24T07:50:40+00:00
afisha-msk-finch-1601487,Finch,"Небольшая сеть с поздними завтраками. Finch — симпатичные стильные кофейни внутри Садового кольца с поздними завтраками и кофе. Готовят и классику вроде шакшуки, бенедикта, сендвича с пастрами и авокадо тоста, и авторские позиции: стейк с омлетом или мини-сырники с фисташковой…","Б.Сухаревский пер., 1",55.7706134,37.6259534,понедельник: 09:00–22:00; вторник: 09:00–22:00; среда: 09:00–22:00; четверг: 09:00–22:00; пятница: 09:00–22:00; суббота: 09:00–22:00; воскресенье: 09:00–22:00,"{""timezone"":""Europe/Moscow"",""weekly"":{""mon"":[{""from"":""09:00"",""to"":""22:00""}],""tue"":[{""from"":""09:00"",""to"":""22:00""}],""wed"":[{""from"":""09:00"",""to"":""22:00""}],""thu"":[{""from"":""09:00"",""to"":""22:00""}],""fri"":[{""from"":""09:00"",""to"":""22:00""}],""sat"":[{""from"":""09:00"",""to"":""22:00""}],""sun"":[{""from"":""09:00"",""to"":""22:00""}]}}",afisha,https://www.afisha.ru/msk/restaurant/finch-1601487/,True,2026-05-24T07:50:40+00:00,2026-05-24T07:50:40+00:00
afisha-msk-fiorentini-518922,Fiorentini,"Тосканская кухня от Александра Ермакова.. После De Torino на Мясницкой, где шеф Александр Ермаков вспоминает свой опыт учебы и работы в Пьемонте, во Fiorentini в Хамовниках он фантазирует на темы Тосканы. Ресторан очень красивый и живописный. В нем много деталей, которые…","Льва Толстого, 23, стр. 1",55.7351256,37.583851,понедельник: 10:00–23:00; вторник: 10:00–23:00; среда: 10:00–23:00; четверг: 10:00–23:00; пятница: 10:00–23:00; суббота: 10:00–23:00; воскресенье: 10:00–23:00,"{""timezone"":""Europe/Moscow"",""weekly"":{""mon"":[{""from"":""10:00"",""to"":""23:00""}],""tue"":[{""from"":""10:00"",""to"":""23:00""}],""wed"":[{""from"":""10:00"",""to"":""23:00""}],""thu"":[{""from"":""10:00"",""to"":""23:00""}],""fri"":[{""from"":""10:00"",""to"":""23:00""}],""sat"":[{""from"":""10:00"",""to"":""23:00""}],""sun"":[{""from"":""10:00"",""to"":""23:00""}]}}",afisha,https://www.afisha.ru/msk/restaurant/fiorentini-518922/,True,2026-05-24T07:50:40+00:00,2026-05-24T07:50:40+00:00
afisha-msk-fitz-gin-bar-519093,Fitz Gin Bar,,"Мясницкая, 14/2, стр. 1, вход из Кривоколенного пер.",55.7606409,37.632069,среда: 18:00–24:00; четверг: 18:00–24:00; пятница: 18:00–05:00; суббота: 18:00–05:00,"{""timezone"":""Europe/Moscow"",""weekly"":{""wed"":[{""from"":""18:00"",""to"":""00:00"",""next_day"":true}],""thu"":[{""from"":""18:00"",""to"":""00:00"",""next_day"":true}],""fri"":[{""from"":""18:00"",""to"":""05:00"",""next_day"":true}],""sat"":[{""from"":""18:00"",""to"":""05:00"",""next_day"":true}]}}",afisha,https://www.afisha.ru/msk/restaurant/fitz-gin-bar-519093/,True,2026-05-24T07:50:40+00:00,2026-05-24T07:50:40+00:00
afisha-msk-flaner-493827,Flâner,"Вкус современного Тель-Авива на Чистых прудах. Ароматы заатара, пряного перца, сумаха и корицы, гриль, свежая морская рыба, баклажаны во всех формах, йогурт — все это элементы современной еврейской кухни, которая представлена в проекте от Ess-Thetik Flaner. География в меню…","Кривоколенный пер., 7",55.7622368,37.6359728,понедельник: 12:00–24:00; вторник: 12:00–24:00; среда: 12:00–24:00; четверг: 12:00–24:00; пятница: 12:00–01:00; суббота: 11:00–24:00; воскресенье: 11:00–24:00,"{""timezone"":""Europe/Moscow"",""weekly"":{""mon"":[{""from"":""12:00"",""to"":""00:00"",""next_day"":true}],""tue"":[{""from"":""12:00"",""to"":""00:00"",""next_day"":true}],""wed"":[{""from"":""12:00"",""to"":""00:00"",""next_day"":true}],""thu"":[{""from"":""12:00"",""to"":""00:00"",""next_day"":true}],""fri"":[{""from"":""12:00"",""to"":""01:00"",""next_day"":true}],""sat"":[{""from"":""11:00"",""to"":""00:00"",""next_day"":true}],""sun"":[{""from"":""11:00"",""to"":""00:00"",""next_day"":true}]}}",afisha,https://www.afisha.ru/msk/restaurant/flaner-493827/,True,2026-05-24T07:50:40+00:00,2026-05-24T07:50:40+00:00
afisha-msk-frankie-pizza-493838,Frankie Pizza,,"Пятницкая, 82/34, стр. 1",55.730167,37.625226,понедельник: 12:00–23:00; вторник: 12:00–23:00; среда: 12:00–23:00; четверг: 12:00–23:00; пятница: 12:00–23:00; суббота: 12:00–23:00; воскресенье: 12:00–23:00,"{""timezone"":""Europe/Moscow"",""weekly"":{""mon"":[{""from"":""12:00"",""to"":""23:00""}],""tue"":[{""from"":""12:00"",""to"":""23:00""}],""wed"":[{""from"":""12:00"",""to"":""23:00""}],""thu"":[{""from"":""12:00"",""to"":""23:00""}],""fri"":[{""from"":""12:00"",""to"":""23:00""}],""sat"":[{""from"":""12:00"",""to"":""23:00""}],""sun"":[{""from"":""12:00"",""to"":""23:00""}]}}",afisha,https://www.afisha.ru/msk/restaurant/frankie-pizza-493838/,True,2026-05-24T07:50:40+00:00,2026-05-24T07:50:40+00:00
afisha-msk-from-berlin-494870,From Berlin.,,"Садовая-Самотечная, 20, стр. 1",55.7732465,37.6194399,понедельник: 09:00–23:00; вторник: 09:00–23:00; среда: 09:00–23:00; четверг: 09:00–23:00; пятница: 09:00–24:00; суббота: 09:00–24:00; воскресенье: 09:00–23:00,"{""timezone"":""Europe/Moscow"",""weekly"":{""mon"":[{""from"":""09:00"",""to"":""23:00""}],""tue"":[{""from"":""09:00"",""to"":""23:00""}],""wed"":[{""from"":""09:00"",""to"":""23:00""}],""thu"":[{""from"":""09:00"",""to"":""23:00""}],""fri"":[{""from"":""09:00"",""to"":""00:00"",""next_day"":true}],""sat"":[{""from"":""09:00"",""to"":""00:00"",""next_day"":true}],""sun"":[{""from"":""09:00"",""to"":""23:00""}]}}",afisha,https://www.afisha.ru/msk/restaurant/from-berlin-494870/,True,2026-05-24T07:50:40+00:00,2026-05-24T07:50:40+00:00
afisha-msk-grande-osteria-496447,Grande osteria,"Италия и пиццы из дровяной печи на Юго-Западе. Проект от ресторатора Генриха Карпина (il Forno Group) — это большое пространство с открытой кухней, собственным кондитерским цехом, сырной лавкой и винной комнатой. Над гастрономической концепцией ресторана работали бренд-шеф il…","Удальцова, 85б",55.6841404,37.4889571,понедельник: 10:00–24:00; вторник: 10:00–24:00; среда: 10:00–24:00; четверг: 10:00–24:00; пятница: 10:00–24:00; суббота: 11:00–24:00; воскресенье: 11:00–24:00,"{""timezone"":""Europe/Moscow"",""weekly"":{""mon"":[{""from"":""10:00"",""to"":""00:00"",""next_day"":true}],""tue"":[{""from"":""10:00"",""to"":""00:00"",""next_day"":true}],""wed"":[{""from"":""10:00"",""to"":""00:00"",""next_day"":true}],""thu"":[{""from"":""10:00"",""to"":""00:00"",""next_day"":true}],""fri"":[{""from"":""10:00"",""to"":""00:00"",""next_day"":true}],""sat"":[{""from"":""11:00"",""to"":""00:00"",""next_day"":true}],""sun"":[{""from"":""11:00"",""to"":""00:00"",""next_day"":true}]}}",afisha,https://www.afisha.ru/msk/restaurant/grande-osteria-496447/,True,2026-05-24T07:50:40+00:00,2026-05-24T07:50:40+00:00
afisha-msk-hachiko-490688,Hachiko,Японский бар-инакая на Пятницкой,"Пятницкая, 25, стр. 1д",55.741521,37.62881,понедельник: 00:00–00:00; вторник: 00:00–00:00; среда: 00:00–00:00; четверг: 00:00–00:00; пятница: 00:00–00:00; суббота: 00:00–00:00; воскресенье: 00:00–00:00,"{""timezone"":""Europe/Moscow"",""weekly"":{""mon"":[{""from"":""00:00"",""to"":""00:00"",""next_day"":true}],""tue"":[{""from"":""00:00"",""to"":""00:00"",""next_day"":true}],""wed"":[{""from"":""00:00"",""to"":""00:00"",""next_day"":true}],""thu"":[{""from"":""00:00"",""to"":""00:00"",""next_day"":true}],""fri"":[{""from"":""00:00"",""to"":""00:00"",""next_day"":true}],""sat"":[{""from"":""00:00"",""to"":""00:00"",""next_day"":true}],""sun"":[{""from"":""00:00"",""to"":""00:00"",""next_day"":true}]}}",afisha,https://www.afisha.ru/msk/restaurant/hachiko-490688/,True,2026-05-24T07:50:40+00:00,2026-05-24T07:50:40+00:00
afisha-msk-hands-asian-494771,Hands Asian,Авторская азиатская кухня с аккуратным меню,"Погодинская, 2",55.7352427,37.5726909,понедельник: 12:00–23:00; вторник: 12:00–23:00; среда: 12:00–23:00; четверг: 12:00–23:00; пятница: 12:00–23:00; суббота: 12:00–23:00; воскресенье: 12:00–22:00,"{""timezone"":""Europe/Moscow"",""weekly"":{""mon"":[{""from"":""12:00"",""to"":""23:00""}],""tue"":[{""from"":""12:00"",""to"":""23:00""}],""wed"":[{""from"":""12:00"",""to"":""23:00""}],""thu"":[{""from"":""12:00"",""to"":""23:00""}],""fri"":[{""from"":""12:00"",""to"":""23:00""}],""sat"":[{""from"":""12:00"",""to"":""23:00""}],""sun"":[{""from"":""12:00"",""to"":""22:00""}]}}",afisha,https://www.afisha.ru/msk/restaurant/hands-asian-494771/,True,2026-05-24T07:50:40+00:00,2026-05-24T07:50:40+00:00
afisha-msk-hands-493138,Hands Bistro,"Отличное необистро на Погодинской. В пространстве в светлых серо-бежевых тонах каждое утро пекут хлеб на закваске и бриошь для завтраков, а также готовят на открытой кухне comfort. В меню московские хиты с авторскими штрихами: салат с гусиной печенью, борщ со смальцем,…","Погодинская, 2",55.7352616,37.5726761,понедельник: 08:30–23:00; вторник: 08:30–23:00; среда: 08:30–23:00; четверг: 08:30–23:00; пятница: 08:30–23:00; суббота: 10:00–23:00; воскресенье: 10:00–22:00,"{""timezone"":""Europe/Moscow"",""weekly"":{""mon"":[{""from"":""08:30"",""to"":""23:00""}],""tue"":[{""from"":""08:30"",""to"":""23:00""}],""wed"":[{""from"":""08:30"",""to"":""23:00""}],""thu"":[{""from"":""08:30"",""to"":""23:00""}],""fri"":[{""from"":""08:30"",""to"":""23:00""}],""sat"":[{""from"":""10:00"",""to"":""23:00""}],""sun"":[{""from"":""10:00"",""to"":""22:00""}]}}",afisha,https://www.afisha.ru/msk/restaurant/hands-493138/,True,2026-05-24T07:50:40+00:00,2026-05-24T07:50:40+00:00
afisha-msk-hanky-37-518503,Hanky 3/7,"Бар с Гонконгским духом. В первую очередь Hanky 3/7 — это бар с атмосферой британского джентльменского клуба, где могла бы зависать китайская мафия: дерево, латунь, приглушенный свет и музыка, будто из фильмов про Бонда. Здесь миксуют Tom Collins с юдзу и кумкватом, Manhattan с…","Покровка, 3/7, стр. 1",55.7587487,37.6404121,понедельник: 19:00–03:00; вторник: 19:00–03:00; среда: 19:00–03:00; четверг: 19:00–03:00; пятница: 19:00–05:00; суббота: 19:00–05:00; воскресенье: 19:00–03:00,"{""timezone"":""Europe/Moscow"",""weekly"":{""mon"":[{""from"":""19:00"",""to"":""03:00"",""next_day"":true}],""tue"":[{""from"":""19:00"",""to"":""03:00"",""next_day"":true}],""wed"":[{""from"":""19:00"",""to"":""03:00"",""next_day"":true}],""thu"":[{""from"":""19:00"",""to"":""03:00"",""next_day"":true}],""fri"":[{""from"":""19:00"",""to"":""05:00"",""next_day"":true}],""sat"":[{""from"":""19:00"",""to"":""05:00"",""next_day"":true}],""sun"":[{""from"":""19:00"",""to"":""03:00"",""next_day"":true}]}}",afisha,https://www.afisha.ru/msk/restaurant/hanky-37-518503/,True,2026-05-24T07:50:40+00:00,2026-05-24T07:50:40+00:00
afisha-msk-happy-end-bar-kitchen-442156,Happy End Bar & Kitchen,,"Спиридоньевский пер., 9",55.7624325,37.5938004,четверг: 17:00–03:00; пятница: 17:00–06:00; суббота: 17:00–06:00,"{""timezone"":""Europe/Moscow"",""weekly"":{""thu"":[{""from"":""17:00"",""to"":""03:00"",""next_day"":true}],""fri"":[{""from"":""17:00"",""to"":""06:00"",""next_day"":true}],""sat"":[{""from"":""17:00"",""to"":""06:00"",""next_day"":true}]}}",afisha,https://www.afisha.ru/msk/restaurant/happy-end-bar-kitchen-442156/,True,2026-05-24T07:50:40+00:00,2026-05-24T07:50:40+00:00
afisha-msk-hedonist-494552,Hedonist,"Хинкали и хачапури в стиле испанского модернизма. Ресторан современной грузинской кухни на Покровском бульваре, кухней которого руководит обаятельный шеф-повар Давид Челидзе.Он работал в испанском Сан-Себастьяне у обладателя в совокупности 12 звезд Michelin Мартина Барасатеги…","Покровский б-р, 8, стр. 1",55.7573055,37.6465905,понедельник: 12:00–24:00; вторник: 12:00–24:00; среда: 12:00–24:00; четверг: 12:00–24:00; пятница: 12:00–24:00; суббота: 12:00–24:00; воскресенье: 12:00–24:00,"{""timezone"":""Europe/Moscow"",""weekly"":{""mon"":[{""from"":""12:00"",""to"":""00:00"",""next_day"":true}],""tue"":[{""from"":""12:00"",""to"":""00:00"",""next_day"":true}],""wed"":[{""from"":""12:00"",""to"":""00:00"",""next_day"":true}],""thu"":[{""from"":""12:00"",""to"":""00:00"",""next_day"":true}],""fri"":[{""from"":""12:00"",""to"":""00:00"",""next_day"":true}],""sat"":[{""from"":""12:00"",""to"":""00:00"",""next_day"":true}],""sun"":[{""from"":""12:00"",""to"":""00:00"",""next_day"":true}]}}",afisha,https://www.afisha.ru/msk/restaurant/hedonist-494552/,True,2026-05-24T07:50:40+00:00,2026-05-24T07:50:40+00:00
afisha-msk-hibiki-493400,Hibiki,"Натуральная Азия в Хамовниках от Санг Кеун Оуха. Небольшой ресторан напротив усадьбы Трубецких открыл шеф-повар Санг Кеун Оух, за плечами которого работа и в Японии, и на кухне лондонского L’Étranger, и на частных яхтах. Шеф-кореец Японию знает досконально и трепетно участвует…","Трубецкая, 10",55.727323,37.575783,понедельник: 12:00–24:00; вторник: 12:00–24:00; среда: 12:00–24:00; четверг: 12:00–24:00; пятница: 12:00–24:00; суббота: 12:00–24:00; воскресенье: 12:00–24:00,"{""timezone"":""Europe/Moscow"",""weekly"":{""mon"":[{""from"":""12:00"",""to"":""00:00"",""next_day"":true}],""tue"":[{""from"":""12:00"",""to"":""00:00"",""next_day"":true}],""wed"":[{""from"":""12:00"",""to"":""00:00"",""next_day"":true}],""thu"":[{""from"":""12:00"",""to"":""00:00"",""next_day"":true}],""fri"":[{""from"":""12:00"",""to"":""00:00"",""next_day"":true}],""sat"":[{""from"":""12:00"",""to"":""00:00"",""next_day"":true}],""sun"":[{""from"":""12:00"",""to"":""00:00"",""next_day"":true}]}}",afisha,https://www.afisha.ru/msk/restaurant/hibiki-493400/,True,2026-05-24T07:50:40+00:00,2026-05-24T07:50:40+00:00
afisha-msk-high-bar-483369,High Bar,Коктейльный бар в башне «Империя» на 56 этаже,"Пресненская наб., 6, стр. 2, ММДЦ «Москва-Сити», башня «Империя», 56 этаж",55.748143,37.540488,четверг: 18:00–02:00; пятница: 18:00–02:00; суббота: 18:00–02:00,"{""timezone"":""Europe/Moscow"",""weekly"":{""thu"":[{""from"":""18:00"",""to"":""02:00"",""next_day"":true}],""fri"":[{""from"":""18:00"",""to"":""02:00"",""next_day"":true}],""sat"":[{""from"":""18:00"",""to"":""02:00"",""next_day"":true}]}}",afisha,https://www.afisha.ru/msk/restaurant/high-bar-483369/,True,2026-05-24T07:50:40+00:00,2026-05-24T07:50:40+00:00
afisha-msk-holi-yoga-cafe-492758,Holi Yoga & Café,"Нескучная вегетарианская еда без глютена и лактозы при йога-студии. Кафе при холистической студии с классами йоги и практиками медитаций, где подают завтраки целый день, не используют глютен, сахар и продукты животного происхождения. За меню отвечает шеф Кирилл Губин, за плечами…","М.Ордынка, 19",55.736939,37.625954,понедельник: 09:00–21:00; вторник: 09:00–21:00; среда: 09:00–21:00; четверг: 09:00–21:00; пятница: 09:00–21:00; суббота: 09:00–21:00; воскресенье: 09:00–21:00,"{""timezone"":""Europe/Moscow"",""weekly"":{""mon"":[{""from"":""09:00"",""to"":""21:00""}],""tue"":[{""from"":""09:00"",""to"":""21:00""}],""wed"":[{""from"":""09:00"",""to"":""21:00""}],""thu"":[{""from"":""09:00"",""to"":""21:00""}],""fri"":[{""from"":""09:00"",""to"":""21:00""}],""sat"":[{""from"":""09:00"",""to"":""21:00""}],""sun"":[{""from"":""09:00"",""to"":""21:00""}]}}",afisha,https://www.afisha.ru/msk/restaurant/holi-yoga-cafe-492758/,True,2026-05-24T07:50:40+00:00,2026-05-24T07:50:40+00:00
afisha-msk-holi-yoga-cafe-518488,Holi Yoga & Café,,"1-я ул. Ямского Поля, 1, корп. 2, ЖК Slava",55.7797843,37.5810307,понедельник: 09:00–21:00; вторник: 09:00–21:00; среда: 09:00–21:00; четверг: 09:00–21:00; пятница: 09:00–21:00; суббота: 09:00–21:00; воскресенье: 09:00–21:00,"{""timezone"":""Europe/Moscow"",""weekly"":{""mon"":[{""from"":""09:00"",""to"":""21:00""}],""tue"":[{""from"":""09:00"",""to"":""21:00""}],""wed"":[{""from"":""09:00"",""to"":""21:00""}],""thu"":[{""from"":""09:00"",""to"":""21:00""}],""fri"":[{""from"":""09:00"",""to"":""21:00""}],""sat"":[{""from"":""09:00"",""to"":""21:00""}],""sun"":[{""from"":""09:00"",""to"":""21:00""}]}}",afisha,https://www.afisha.ru/msk/restaurant/holi-yoga-cafe-518488/,True,2026-05-24T07:50:40+00:00,2026-05-24T07:50:40+00:00
afisha-msk-iggy-pub-410435,Iggy Pub,,"Калашный пер., 9",55.75699,37.599712,понедельник: 12:00–04:00; вторник: 12:00–04:00; среда: 12:00–04:00; четверг: 12:00–04:00; пятница: 12:00–04:00; суббота: 12:00–04:00; воскресенье: 12:00–04:00,"{""timezone"":""Europe/Moscow"",""weekly"":{""mon"":[{""from"":""12:00"",""to"":""04:00"",""next_day"":true}],""tue"":[{""from"":""12:00"",""to"":""04:00"",""next_day"":true}],""wed"":[{""from"":""12:00"",""to"":""04:00"",""next_day"":true}],""thu"":[{""from"":""12:00"",""to"":""04:00"",""next_day"":true}],""fri"":[{""from"":""12:00"",""to"":""04:00"",""next_day"":true}],""sat"":[{""from"":""12:00"",""to"":""04:00"",""next_day"":true}],""sun"":[{""from"":""12:00"",""to"":""04:00"",""next_day"":true}]}}",afisha,https://www.afisha.ru/msk/restaurant/iggy-pub-410435/,True,2026-05-24T07:50:40+00:00,2026-05-24T07:50:40+00:00
afisha-msk-ikra-moskva-496999,Ikra Москва,"Бенефис ведущих шеф-поваров White Rabbit Family. Московская Ikra — третья по счету. Первый ресторан Ikra открылся в Плесе Ивановской области летом 2021, а второй — на горнолыжном курорте «Роза Хутор» в Сочи зимой того же года. Два первых проекта – сезонные: плесский ежегодно…","Б.Никитская, 5",55.7553811,37.609005,понедельник: 16:00–23:00; вторник: 16:00–23:00; среда: 16:00–23:00; четверг: 16:00–23:00; пятница: 16:00–23:00; суббота: 16:00–23:00; воскресенье: 16:00–23:00,"{""timezone"":""Europe/Moscow"",""weekly"":{""mon"":[{""from"":""16:00"",""to"":""23:00""}],""tue"":[{""from"":""16:00"",""to"":""23:00""}],""wed"":[{""from"":""16:00"",""to"":""23:00""}],""thu"":[{""from"":""16:00"",""to"":""23:00""}],""fri"":[{""from"":""16:00"",""to"":""23:00""}],""sat"":[{""from"":""16:00"",""to"":""23:00""}],""sun"":[{""from"":""16:00"",""to"":""23:00""}]}}",afisha,https://www.afisha.ru/msk/restaurant/ikra-moskva-496999/,True,2026-05-24T07:50:40+00:00,2026-05-24T07:50:40+00:00
afisha-msk-il-forno-46769,Il forno Кутузовский,"Семейная пиццерия на Кутузовском. В настоящей дровяной печи, вынесенной в зал, готовят пиццу трех десятков видов — получается тонкая, но при этом не слишком хрустящая, а именно правильно тянущаяся итальянская пицца басса.","Кутузовский просп., 2/1, стр. 6",55.7519415,37.5676648,понедельник: 09:00–24:00; вторник: 09:00–24:00; среда: 09:00–24:00; четверг: 09:00–24:00; пятница: 09:00–24:00; суббота: 10:00–24:00; воскресенье: 10:00–24:00,"{""timezone"":""Europe/Moscow"",""weekly"":{""mon"":[{""from"":""09:00"",""to"":""00:00"",""next_day"":true}],""tue"":[{""from"":""09:00"",""to"":""00:00"",""next_day"":true}],""wed"":[{""from"":""09:00"",""to"":""00:00"",""next_day"":true}],""thu"":[{""from"":""09:00"",""to"":""00:00"",""next_day"":true}],""fri"":[{""from"":""09:00"",""to"":""00:00"",""next_day"":true}],""sat"":[{""from"":""10:00"",""to"":""00:00"",""next_day"":true}],""sun"":[{""from"":""10:00"",""to"":""00:00"",""next_day"":true}]}}",afisha,https://www.afisha.ru/msk/restaurant/il-forno-46769/,True,2026-05-24T07:50:40+00:00,2026-05-24T07:50:40+00:00
afisha-msk-iliadis-456606,Iliadis,Авторская греческая кухня от создателей кафе «Пита и сувлаки». Авторская греческая кухня от создателей соседнего кафе «Пита и сувлаки». Меню обновляется еженедельно.,"Садовая-Самотечная, 15/1",55.7742724,37.6184352,понедельник: 18:00–24:00; вторник: 18:00–24:00; среда: 18:00–24:00; четверг: 18:00–24:00; пятница: 18:00–24:00; суббота: 13:00–24:00; воскресенье: 13:00–24:00,"{""timezone"":""Europe/Moscow"",""weekly"":{""mon"":[{""from"":""18:00"",""to"":""00:00"",""next_day"":true}],""tue"":[{""from"":""18:00"",""to"":""00:00"",""next_day"":true}],""wed"":[{""from"":""18:00"",""to"":""00:00"",""next_day"":true}],""thu"":[{""from"":""18:00"",""to"":""00:00"",""next_day"":true}],""fri"":[{""from"":""18:00"",""to"":""00:00"",""next_day"":true}],""sat"":[{""from"":""13:00"",""to"":""00:00"",""next_day"":true}],""sun"":[{""from"":""13:00"",""to"":""00:00"",""next_day"":true}]}}",afisha,https://www.afisha.ru/msk/restaurant/iliadis-456606/,True,2026-05-24T07:50:40+00:00,2026-05-24T07:50:40+00:00
afisha-msk-il-matto-507917,Il matto,,"Б.Дмитровка, 9, стр. 1",55.7614634,37.6141476,понедельник: 12:00–24:00; вторник: 12:00–24:00; среда: 12:00–24:00; четверг: 12:00–24:00; пятница: 12:00–24:00; суббота: 12:00–24:00; воскресенье: 12:00–24:00,"{""timezone"":""Europe/Moscow"",""weekly"":{""mon"":[{""from"":""12:00"",""to"":""00:00"",""next_day"":true}],""tue"":[{""from"":""12:00"",""to"":""00:00"",""next_day"":true}],""wed"":[{""from"":""12:00"",""to"":""00:00"",""next_day"":true}],""thu"":[{""from"":""12:00"",""to"":""00:00"",""next_day"":true}],""fri"":[{""from"":""12:00"",""to"":""00:00"",""next_day"":true}],""sat"":[{""from"":""12:00"",""to"":""00:00"",""next_day"":true}],""sun"":[{""from"":""12:00"",""to"":""00:00"",""next_day"":true}]}}",afisha,https://www.afisha.ru/msk/restaurant/il-matto-507917/,True,2026-05-24T07:50:40+00:00,2026-05-24T07:50:40+00:00
afisha-msk-inout-1600229,In Out,,"Зубовская, 7",55.7370249,37.5835908,понедельник: 08:00–24:00; вторник: 08:00–24:00; среда: 08:00–24:00; четверг: 08:00–24:00; пятница: 08:00–24:00; суббота: 08:00–24:00; воскресенье: 08:00–24:00,"{""timezone"":""Europe/Moscow"",""weekly"":{""mon"":[{""from"":""08:00"",""to"":""00:00"",""next_day"":true}],""tue"":[{""from"":""08:00"",""to"":""00:00"",""next_day"":true}],""wed"":[{""from"":""08:00"",""to"":""00:00"",""next_day"":true}],""thu"":[{""from"":""08:00"",""to"":""00:00"",""next_day"":true}],""fri"":[{""from"":""08:00"",""to"":""00:00"",""next_day"":true}],""sat"":[{""from"":""08:00"",""to"":""00:00"",""next_day"":true}],""sun"":[{""from"":""08:00"",""to"":""00:00"",""next_day"":true}]}}",afisha,https://www.afisha.ru/msk/restaurant/inout-1600229/,True,2026-05-24T07:50:40+00:00,2026-05-24T07:50:40+00:00
afisha-msk-ivanka-507507,Ivanka,"Ресторан Александра Воробьева (The Toy, Benuar, La Villa) на 4-ом этаже галереи Neva Towers с панорамным видом на Сити. Светлый интерьер, средиземноморская кухня с акцентом на свежую рыбу и морепродукты. Основатель хотел создать здесь атмосферу дорогих яхт, курсирующих по лучшим…","1-й Красногвардейский пр., 22, стр. 2, ММДЦ «Москва-Сити», башня «Нева», 4 этаж",55.7515701,37.5345564,понедельник: 12:00–24:00; вторник: 12:00–24:00; среда: 12:00–24:00; четверг: 12:00–24:00; пятница: 12:00–24:00; суббота: 12:00–24:00; воскресенье: 12:00–24:00,"{""timezone"":""Europe/Moscow"",""weekly"":{""mon"":[{""from"":""12:00"",""to"":""00:00"",""next_day"":true}],""tue"":[{""from"":""12:00"",""to"":""00:00"",""next_day"":true}],""wed"":[{""from"":""12:00"",""to"":""00:00"",""next_day"":true}],""thu"":[{""from"":""12:00"",""to"":""00:00"",""next_day"":true}],""fri"":[{""from"":""12:00"",""to"":""00:00"",""next_day"":true}],""sat"":[{""from"":""12:00"",""to"":""00:00"",""next_day"":true}],""sun"":[{""from"":""12:00"",""to"":""00:00"",""next_day"":true}]}}",afisha,https://www.afisha.ru/msk/restaurant/ivanka-507507/,True,2026-05-24T07:50:40+00:00,2026-05-24T07:50:40+00:00
afisha-msk-jamaa-1601024,Jamaa,,"1-й Красногвардейский пр., 21, стр. 2, ММДЦ «Москва-Сити», башня «ОКО», комплекс «354», 84 этаж",55.7497818,37.5339568,понедельник: 12:00–24:00; вторник: 12:00–24:00; среда: 12:00–24:00; четверг: 12:00–24:00; пятница: 12:00–02:00; суббота: 12:00–02:00; воскресенье: 12:00–24:00,"{""timezone"":""Europe/Moscow"",""weekly"":{""mon"":[{""from"":""12:00"",""to"":""00:00"",""next_day"":true}],""tue"":[{""from"":""12:00"",""to"":""00:00"",""next_day"":true}],""wed"":[{""from"":""12:00"",""to"":""00:00"",""next_day"":true}],""thu"":[{""from"":""12:00"",""to"":""00:00"",""next_day"":true}],""fri"":[{""from"":""12:00"",""to"":""02:00"",""next_day"":true}],""sat"":[{""from"":""12:00"",""to"":""02:00"",""next_day"":true}],""sun"":[{""from"":""12:00"",""to"":""00:00"",""next_day"":true}]}}",afisha,https://www.afisha.ru/msk/restaurant/jamaa-1601024/,True,2026-05-24T07:50:40+00:00,2026-05-24T07:50:40+00:00
afisha-msk-jinju-bistro-1600110,Jinju Bistro,,"Усачева, 15а",55.7257379,37.5700985,вторник: 12:00–23:00; среда: 12:00–23:00; четверг: 12:00–23:00; пятница: 12:00–23:00; суббота: 11:00–23:00; воскресенье: 11:00–23:00,"{""timezone"":""Europe/Moscow"",""weekly"":{""tue"":[{""from"":""12:00"",""to"":""23:00""}],""wed"":[{""from"":""12:00"",""to"":""23:00""}],""thu"":[{""from"":""12:00"",""to"":""23:00""}],""fri"":[{""from"":""12:00"",""to"":""23:00""}],""sat"":[{""from"":""11:00"",""to"":""23:00""}],""sun"":[{""from"":""11:00"",""to"":""23:00""}]}}",afisha,https://www.afisha.ru/msk/restaurant/jinju-bistro-1600110/,True,2026-05-24T07:50:40+00:00,2026-05-24T07:50:40+00:00
afisha-msk-jooie-1600280,Jooie,,"Столярный пер., 3, корп. 14",55.764991,37.5690655,понедельник: 09:00–22:00; вторник: 09:00–22:00; среда: 09:00–22:00; четверг: 09:00–22:00; пятница: 09:00–22:00; суббота: 10:00–22:00; воскресенье: 10:00–22:00,"{""timezone"":""Europe/Moscow"",""weekly"":{""mon"":[{""from"":""09:00"",""to"":""22:00""}],""tue"":[{""from"":""09:00"",""to"":""22:00""}],""wed"":[{""from"":""09:00"",""to"":""22:00""}],""thu"":[{""from"":""09:00"",""to"":""22:00""}],""fri"":[{""from"":""09:00"",""to"":""22:00""}],""sat"":[{""from"":""10:00"",""to"":""22:00""}],""sun"":[{""from"":""10:00"",""to"":""22:00""}]}}",afisha,https://www.afisha.ru/msk/restaurant/jooie-1600280/,True,2026-05-24T07:50:40+00:00,2026-05-24T07:50:40+00:00
afisha-msk-jz-peking-duck-487761,J.Z. Peking Duck,,"Цветной б-р, 21, стр. 2",55.7720416,37.6200755,понедельник: 11:00–23:00; вторник: 11:00–23:00; среда: 11:00–23:00; четверг: 11:00–23:00; пятница: 11:00–24:00; суббота: 11:00–24:00; воскресенье: 11:00–23:00,"{""timezone"":""Europe/Moscow"",""weekly"":{""mon"":[{""from"":""11:00"",""to"":""23:00""}],""tue"":[{""from"":""11:00"",""to"":""23:00""}],""wed"":[{""from"":""11:00"",""to"":""23:00""}],""thu"":[{""from"":""11:00"",""to"":""23:00""}],""fri"":[{""from"":""11:00"",""to"":""00:00"",""next_day"":true}],""sat"":[{""from"":""11:00"",""to"":""00:00"",""next_day"":true}],""sun"":[{""from"":""11:00"",""to"":""23:00""}]}}",afisha,https://www.afisha.ru/msk/restaurant/jz-peking-duck-487761/,True,2026-05-24T07:50:40+00:00,2026-05-24T07:50:40+00:00
afisha-msk-kalabasa-454952,Kalabasa,"Двухэтажное кафе на «Бауманской». Кафе-кондитерская Kalabasa начиналась в 2015 году с маленького пространства, куда помещалась лишь небольшая витрина с десертами и барная стойка. За 8 лет проект расширился и занял два этажа дома на «Бауманской». Витрина с самыми свежими…","наб. Академика Туполева, 15, корп. 26",55.762592,37.6797504,понедельник: 09:00–22:00; вторник: 09:00–22:00; среда: 09:00–22:00; четверг: 09:00–22:00; пятница: 09:00–23:00; суббота: 10:00–23:00; воскресенье: 10:00–22:00,"{""timezone"":""Europe/Moscow"",""weekly"":{""mon"":[{""from"":""09:00"",""to"":""22:00""}],""tue"":[{""from"":""09:00"",""to"":""22:00""}],""wed"":[{""from"":""09:00"",""to"":""22:00""}],""thu"":[{""from"":""09:00"",""to"":""22:00""}],""fri"":[{""from"":""09:00"",""to"":""23:00""}],""sat"":[{""from"":""10:00"",""to"":""23:00""}],""sun"":[{""from"":""10:00"",""to"":""22:00""}]}}",afisha,https://www.afisha.ru/msk/restaurant/kalabasa-454952/,True,2026-05-24T07:50:40+00:00,2026-05-24T07:50:40+00:00
afisha-msk-kalinka-na-neglinke-1600259,Kalinka на Неглинке,,"Неглинная, 8/10",55.761346,37.6207824,понедельник: 11:00–24:00; вторник: 11:00–24:00; среда: 11:00–24:00; четверг: 11:00–24:00; пятница: 11:00–24:00; суббота: 11:00–24:00; воскресенье: 11:00–24:00,"{""timezone"":""Europe/Moscow"",""weekly"":{""mon"":[{""from"":""11:00"",""to"":""00:00"",""next_day"":true}],""tue"":[{""from"":""11:00"",""to"":""00:00"",""next_day"":true}],""wed"":[{""from"":""11:00"",""to"":""00:00"",""next_day"":true}],""thu"":[{""from"":""11:00"",""to"":""00:00"",""next_day"":true}],""fri"":[{""from"":""11:00"",""to"":""00:00"",""next_day"":true}],""sat"":[{""from"":""11:00"",""to"":""00:00"",""next_day"":true}],""sun"":[{""from"":""11:00"",""to"":""00:00"",""next_day"":true}]}}",afisha,https://www.afisha.ru/msk/restaurant/kalinka-na-neglinke-1600259/,True,2026-05-24T07:50:40+00:00,2026-05-24T07:50:40+00:00
afisha-msk-kamel-smash-burger-1600842,Kamel Smash Burger,,"Неглинная, 27",55.765727,37.6199957,понедельник: 10:00–24:00; вторник: 10:00–24:00; среда: 10:00–24:00; четверг: 10:00–24:00; пятница: 10:00–24:00; суббота: 10:00–24:00; воскресенье: 10:00–24:00,"{""timezone"":""Europe/Moscow"",""weekly"":{""mon"":[{""from"":""10:00"",""to"":""00:00"",""next_day"":true}],""tue"":[{""from"":""10:00"",""to"":""00:00"",""next_day"":true}],""wed"":[{""from"":""10:00"",""to"":""00:00"",""next_day"":true}],""thu"":[{""from"":""10:00"",""to"":""00:00"",""next_day"":true}],""fri"":[{""from"":""10:00"",""to"":""00:00"",""next_day"":true}],""sat"":[{""from"":""10:00"",""to"":""00:00"",""next_day"":true}],""sun"":[{""from"":""10:00"",""to"":""00:00"",""next_day"":true}]}}",afisha,https://www.afisha.ru/msk/restaurant/kamel-smash-burger-1600842/,True,2026-05-24T07:50:40+00:00,2026-05-24T07:50:40+00:00
afisha-msk-kefi-508080,Kefi,"Греческие миры Константина Андрикопулоса, Василия Церетели и Мити Борисова. Греческий ресторан на месте «Дома 12» оказался удачным заменителем намоленного гектолитрами выпитого здесь пристанища богемы. Простая греческая кухня оказалась едва ли не самой требовательной к поварам с…","Мансуровский пер., 12",55.7404691,37.5933953,понедельник: 12:00–24:00; вторник: 12:00–06:00; среда: 12:00–06:00; четверг: 12:00–06:00; пятница: 12:00–06:00; суббота: 12:00–06:00; воскресенье: 12:00–06:00,"{""timezone"":""Europe/Moscow"",""weekly"":{""mon"":[{""from"":""12:00"",""to"":""00:00"",""next_day"":true}],""tue"":[{""from"":""12:00"",""to"":""06:00"",""next_day"":true}],""wed"":[{""from"":""12:00"",""to"":""06:00"",""next_day"":true}],""thu"":[{""from"":""12:00"",""to"":""06:00"",""next_day"":true}],""fri"":[{""from"":""12:00"",""to"":""06:00"",""next_day"":true}],""sat"":[{""from"":""12:00"",""to"":""06:00"",""next_day"":true}],""sun"":[{""from"":""12:00"",""to"":""06:00"",""next_day"":true}]}}",afisha,https://www.afisha.ru/msk/restaurant/kefi-508080/,True,2026-05-24T07:50:40+00:00,2026-05-24T07:50:40+00:00
afisha-msk-kiosk-1936-495870,Kiosk 1936,,"Чистопрудный б-р, 12, корп. 4",55.7616048,37.6428518,понедельник: 09:00–23:00; вторник: 09:00–23:00; среда: 09:00–23:00; четверг: 09:00–23:00; пятница: 09:00–23:00; суббота: 09:00–23:00; воскресенье: 09:00–23:00,"{""timezone"":""Europe/Moscow"",""weekly"":{""mon"":[{""from"":""09:00"",""to"":""23:00""}],""tue"":[{""from"":""09:00"",""to"":""23:00""}],""wed"":[{""from"":""09:00"",""to"":""23:00""}],""thu"":[{""from"":""09:00"",""to"":""23:00""}],""fri"":[{""from"":""09:00"",""to"":""23:00""}],""sat"":[{""from"":""09:00"",""to"":""23:00""}],""sun"":[{""from"":""09:00"",""to"":""23:00""}]}}",afisha,https://www.afisha.ru/msk/restaurant/kiosk-1936-495870/,True,2026-05-24T07:50:40+00:00,2026-05-24T07:50:40+00:00
afisha-msk-kiyomi-519043,Kiyomi,"Как в Японии, но по-московски. Интерьер Kiyomi напоминает что-то вроде гостиной богемного креакла, живущего между Парижем и Токио. Дизайнеры студии Design Aid создали проект, где культура Японии показана сквозь оптику европейских стран. Назвав Kiyomi рестораном японской кухни на…","Пожарский пер., 15",55.741744,37.600675,понедельник: 12:00–24:00; вторник: 12:00–24:00; среда: 12:00–24:00; четверг: 12:00–24:00; пятница: 12:00–24:00; суббота: 12:00–24:00; воскресенье: 12:00–24:00,"{""timezone"":""Europe/Moscow"",""weekly"":{""mon"":[{""from"":""12:00"",""to"":""00:00"",""next_day"":true}],""tue"":[{""from"":""12:00"",""to"":""00:00"",""next_day"":true}],""wed"":[{""from"":""12:00"",""to"":""00:00"",""next_day"":true}],""thu"":[{""from"":""12:00"",""to"":""00:00"",""next_day"":true}],""fri"":[{""from"":""12:00"",""to"":""00:00"",""next_day"":true}],""sat"":[{""from"":""12:00"",""to"":""00:00"",""next_day"":true}],""sun"":[{""from"":""12:00"",""to"":""00:00"",""next_day"":true}]}}",afisha,https://www.afisha.ru/msk/restaurant/kiyomi-519043/,True,2026-05-24T07:50:40+00:00,2026-05-24T07:50:40+00:00
afisha-msk-krombacher-beer-kitchen-482412,Krombacher Beer Kitchen,"Сибирско-германский пивоваренный союз. Огромный, на 200 посадочных мест, пивной ресторан на первом этаже гостиницы Sheraton, на месте закрывшегося «Якоря». Совместный проект ресторатора Дениса Иванова (сеть раменных Ku:, ресторан «Сибирьсибирь» и под три десятка ресторанов и…","1-я Тверская-Ямская, 19, гостиница Sheraton Palace",55.7740374,37.5879916,понедельник: 12:00–24:00; вторник: 12:00–24:00; среда: 12:00–24:00; четверг: 12:00–24:00; пятница: 12:00–02:00; суббота: 12:00–02:00; воскресенье: 12:00–24:00,"{""timezone"":""Europe/Moscow"",""weekly"":{""mon"":[{""from"":""12:00"",""to"":""00:00"",""next_day"":true}],""tue"":[{""from"":""12:00"",""to"":""00:00"",""next_day"":true}],""wed"":[{""from"":""12:00"",""to"":""00:00"",""next_day"":true}],""thu"":[{""from"":""12:00"",""to"":""00:00"",""next_day"":true}],""fri"":[{""from"":""12:00"",""to"":""02:00"",""next_day"":true}],""sat"":[{""from"":""12:00"",""to"":""02:00"",""next_day"":true}],""sun"":[{""from"":""12:00"",""to"":""00:00"",""next_day"":true}]}}",afisha,https://www.afisha.ru/msk/restaurant/krombacher-beer-kitchen-482412/,True,2026-05-24T07:50:40+00:00,2026-05-24T07:50:40+00:00
afisha-msk-ku-ramen-izakaia-bar-470312,Ku: рамен-изакая-бар,,"Лесная, 20, стр. 3, фуд-молл «Депо. Москва»",55.7801935,37.5930083,понедельник: 10:00–23:00; вторник: 10:00–23:00; среда: 10:00–23:00; четверг: 10:00–23:00; пятница: 10:00–02:00; суббота: 10:00–02:00; воскресенье: 10:00–23:00,"{""timezone"":""Europe/Moscow"",""weekly"":{""mon"":[{""from"":""10:00"",""to"":""23:00""}],""tue"":[{""from"":""10:00"",""to"":""23:00""}],""wed"":[{""from"":""10:00"",""to"":""23:00""}],""thu"":[{""from"":""10:00"",""to"":""23:00""}],""fri"":[{""from"":""10:00"",""to"":""02:00"",""next_day"":true}],""sat"":[{""from"":""10:00"",""to"":""02:00"",""next_day"":true}],""sun"":[{""from"":""10:00"",""to"":""23:00""}]}}",afisha,https://www.afisha.ru/msk/restaurant/ku-ramen-izakaia-bar-470312/,True,2026-05-24T07:50:40+00:00,2026-05-24T07:50:40+00:00
afisha-msk-lac-bistrot-1601025,Lac bistrot,,"2-я Звенигородская, 12а",55.7623449,37.5553512,понедельник: 12:00–24:00; вторник: 12:00–24:00; среда: 12:00–24:00; четверг: 12:00–24:00; пятница: 12:00–24:00; суббота: 12:00–24:00; воскресенье: 12:00–24:00,"{""timezone"":""Europe/Moscow"",""weekly"":{""mon"":[{""from"":""12:00"",""to"":""00:00"",""next_day"":true}],""tue"":[{""from"":""12:00"",""to"":""00:00"",""next_day"":true}],""wed"":[{""from"":""12:00"",""to"":""00:00"",""next_day"":true}],""thu"":[{""from"":""12:00"",""to"":""00:00"",""next_day"":true}],""fri"":[{""from"":""12:00"",""to"":""00:00"",""next_day"":true}],""sat"":[{""from"":""12:00"",""to"":""00:00"",""next_day"":true}],""sun"":[{""from"":""12:00"",""to"":""00:00"",""next_day"":true}]}}",afisha,https://www.afisha.ru/msk/restaurant/lac-bistrot-1601025/,True,2026-05-24T07:50:40+00:00,2026-05-24T07:50:40+00:00
afisha-msk-la-mortazza-1600542,La Mortazza,,"Сущевская, 9",55.7805686,37.6016638,понедельник: 10:00–21:30; вторник: 10:00–21:30; среда: 10:00–21:30; четверг: 10:00–21:30; пятница: 10:00–21:30; суббота: 11:00–21:00; воскресенье: 11:00–21:00,"{""timezone"":""Europe/Moscow"",""weekly"":{""mon"":[{""from"":""10:00"",""to"":""21:30""}],""tue"":[{""from"":""10:00"",""to"":""21:30""}],""wed"":[{""from"":""10:00"",""to"":""21:30""}],""thu"":[{""from"":""10:00"",""to"":""21:30""}],""fri"":[{""from"":""10:00"",""to"":""21:30""}],""sat"":[{""from"":""11:00"",""to"":""21:00""}],""sun"":[{""from"":""11:00"",""to"":""21:00""}]}}",afisha,https://www.afisha.ru/msk/restaurant/la-mortazza-1600542/,True,2026-05-24T07:50:40+00:00,2026-05-24T07:50:40+00:00
afisha-msk-lea-518992,Lea,"Бистро и бар с задорным меню на Зубовской площади. Стильно, бодро и очень созвучно нерву времени — проект возглавляет молодой 24-летний шеф Алексей Волков. Он придумал взглянуть на южноевропейскую кулинарную традицию сквозь призму Азии. Результат превосходит ожидания. Без…","Зубовская пл., 3, стр. 1",55.7378457,37.5851874,понедельник: 00:00–00:00; вторник: 00:00–00:00; среда: 00:00–00:00; четверг: 00:00–00:00; пятница: 00:00–00:00; суббота: 00:00–00:00; воскресенье: 00:00–00:00,"{""timezone"":""Europe/Moscow"",""weekly"":{""mon"":[{""from"":""00:00"",""to"":""00:00"",""next_day"":true}],""tue"":[{""from"":""00:00"",""to"":""00:00"",""next_day"":true}],""wed"":[{""from"":""00:00"",""to"":""00:00"",""next_day"":true}],""thu"":[{""from"":""00:00"",""to"":""00:00"",""next_day"":true}],""fri"":[{""from"":""00:00"",""to"":""00:00"",""next_day"":true}],""sat"":[{""from"":""00:00"",""to"":""00:00"",""next_day"":true}],""sun"":[{""from"":""00:00"",""to"":""00:00"",""next_day"":true}]}}",afisha,https://www.afisha.ru/msk/restaurant/lea-518992/,True,2026-05-24T07:50:40+00:00,2026-05-24T07:50:40+00:00
afisha-msk-leo-1600039,Leo,"Дорогой ресторан Генриха Карпина с raw bar и коллекционными винами. Leo — элегантный ресторан в Хамовниках от Генриха Карпина с интерьером от Sundukovy Sisters с шестиметровыми потолками, панорамными окнами, живыми цветами и современным искусством. В меню — рыба и морепродукты,…","Усачева, 15, ЖК «Садовые кварталы»",55.7260167,37.5705925,понедельник: 08:00–24:00; вторник: 08:00–24:00; среда: 08:00–24:00; четверг: 08:00–24:00; пятница: 08:00–24:00; суббота: 08:00–24:00; воскресенье: 08:00–24:00,"{""timezone"":""Europe/Moscow"",""weekly"":{""mon"":[{""from"":""08:00"",""to"":""00:00"",""next_day"":true}],""tue"":[{""from"":""08:00"",""to"":""00:00"",""next_day"":true}],""wed"":[{""from"":""08:00"",""to"":""00:00"",""next_day"":true}],""thu"":[{""from"":""08:00"",""to"":""00:00"",""next_day"":true}],""fri"":[{""from"":""08:00"",""to"":""00:00"",""next_day"":true}],""sat"":[{""from"":""08:00"",""to"":""00:00"",""next_day"":true}],""sun"":[{""from"":""08:00"",""to"":""00:00"",""next_day"":true}]}}",afisha,https://www.afisha.ru/msk/restaurant/leo-1600039/,True,2026-05-24T07:50:40+00:00,2026-05-24T07:50:40+00:00
afisha-msk-leps-1601026,Leps,,"Грузинский Вал, 3а, стр. 2",55.7732735,37.5753532,понедельник: 17:00–02:00; вторник: 17:00–02:00; среда: 17:00–02:00; четверг: 17:00–02:00; пятница: 17:00–05:00; суббота: 17:00–05:00; воскресенье: 17:00–02:00,"{""timezone"":""Europe/Moscow"",""weekly"":{""mon"":[{""from"":""17:00"",""to"":""02:00"",""next_day"":true}],""tue"":[{""from"":""17:00"",""to"":""02:00"",""next_day"":true}],""wed"":[{""from"":""17:00"",""to"":""02:00"",""next_day"":true}],""thu"":[{""from"":""17:00"",""to"":""02:00"",""next_day"":true}],""fri"":[{""from"":""17:00"",""to"":""05:00"",""next_day"":true}],""sat"":[{""from"":""17:00"",""to"":""05:00"",""next_day"":true}],""sun"":[{""from"":""17:00"",""to"":""02:00"",""next_day"":true}]}}",afisha,https://www.afisha.ru/msk/restaurant/leps-1601026/,True,2026-05-24T07:50:40+00:00,2026-05-24T07:50:40+00:00
afisha-msk-levantine-fire-cuisine-bar-487175,Levantine Fire Cuisine Bar,"Левантийская кухня на седьмом этаже Lotte Plaza. В Levantine на Новинском бульваре готовят блюда стран Леванта, то есть земель в Восточной части Средиземноморья – Турции, Греции, Ливана, Израиля, Иордании, Египта, Сирии и острова Кипр. Фалафель и хумус, кебабы и донер, булгур и…","Новинский б-р, 8, ТЦ Lotte Plaza, 7 этаж",55.7512173,37.5846803,понедельник: 12:00–24:00; вторник: 12:00–24:00; среда: 12:00–24:00; четверг: 12:00–24:00; пятница: 12:00–02:00; суббота: 12:00–02:00; воскресенье: 12:00–24:00,"{""timezone"":""Europe/Moscow"",""weekly"":{""mon"":[{""from"":""12:00"",""to"":""00:00"",""next_day"":true}],""tue"":[{""from"":""12:00"",""to"":""00:00"",""next_day"":true}],""wed"":[{""from"":""12:00"",""to"":""00:00"",""next_day"":true}],""thu"":[{""from"":""12:00"",""to"":""00:00"",""next_day"":true}],""fri"":[{""from"":""12:00"",""to"":""02:00"",""next_day"":true}],""sat"":[{""from"":""12:00"",""to"":""02:00"",""next_day"":true}],""sun"":[{""from"":""12:00"",""to"":""00:00"",""next_day"":true}]}}",afisha,https://www.afisha.ru/msk/restaurant/levantine-fire-cuisine-bar-487175/,True,2026-05-24T07:50:40+00:00,2026-05-24T07:50:40+00:00
afisha-msk-lila-pastry-493855,Lila Pastry,Эстетская кондитерская на Сретенке,"Сретенка, 22/1, стр. 1",55.7695132,37.6324718,понедельник: 09:00–22:00; вторник: 09:00–22:00; среда: 09:00–22:00; четверг: 09:00–22:00; пятница: 09:00–22:00; суббота: 09:00–22:00; воскресенье: 09:00–22:00,"{""timezone"":""Europe/Moscow"",""weekly"":{""mon"":[{""from"":""09:00"",""to"":""22:00""}],""tue"":[{""from"":""09:00"",""to"":""22:00""}],""wed"":[{""from"":""09:00"",""to"":""22:00""}],""thu"":[{""from"":""09:00"",""to"":""22:00""}],""fri"":[{""from"":""09:00"",""to"":""22:00""}],""sat"":[{""from"":""09:00"",""to"":""22:00""}],""sun"":[{""from"":""09:00"",""to"":""22:00""}]}}",afisha,https://www.afisha.ru/msk/restaurant/lila-pastry-493855/,True,2026-05-24T07:50:40+00:00,2026-05-24T07:50:40+00:00
afisha-msk-limbo-1601211,Limbo,"Масштабный проект Тома Халпина и Глена Баллиса. Двухэтажное пространство, открытая кухня, на которой выпекают хлеб, пиццу, булки и другие глютеновые радости, хороший кофе и панорамные окна — Limbo задуман как гастрономическая мануфактура полного цикла. Здесь есть и пекарня, и…","Б.Почтовая, 30, стр. 2",55.7793311,37.7016177,понедельник: 09:00–21:00; вторник: 09:00–21:00; среда: 09:00–21:00; четверг: 09:00–21:00; пятница: 09:00–21:00; суббота: 09:00–21:00; воскресенье: 09:00–21:00,"{""timezone"":""Europe/Moscow"",""weekly"":{""mon"":[{""from"":""09:00"",""to"":""21:00""}],""tue"":[{""from"":""09:00"",""to"":""21:00""}],""wed"":[{""from"":""09:00"",""to"":""21:00""}],""thu"":[{""from"":""09:00"",""to"":""21:00""}],""fri"":[{""from"":""09:00"",""to"":""21:00""}],""sat"":[{""from"":""09:00"",""to"":""21:00""}],""sun"":[{""from"":""09:00"",""to"":""21:00""}]}}",afisha,https://www.afisha.ru/msk/restaurant/limbo-1601211/,True,2026-05-24T07:50:40+00:00,2026-05-24T07:50:40+00:00
afisha-msk-littles-kids-play-cafe-469661,Littles Kids Play Café,"Симпатичное семейное кафе с большой игровой зоной. Главное отличие Littles Kids Play Café от других кафе, нацеленных на посетителей с детьми, — интересная планировка. В центральной части расположили столы и стулья для посетителей, а по периметру — 15 игровых пространств. Задумка…","Сергея Макеева, 9, корп. 1",55.760915,37.550208,понедельник: 09:00–22:00; вторник: 09:00–22:00; среда: 09:00–22:00; четверг: 09:00–22:00; пятница: 09:00–22:00; суббота: 09:00–22:00; воскресенье: 09:00–22:00,"{""timezone"":""Europe/Moscow"",""weekly"":{""mon"":[{""from"":""09:00"",""to"":""22:00""}],""tue"":[{""from"":""09:00"",""to"":""22:00""}],""wed"":[{""from"":""09:00"",""to"":""22:00""}],""thu"":[{""from"":""09:00"",""to"":""22:00""}],""fri"":[{""from"":""09:00"",""to"":""22:00""}],""sat"":[{""from"":""09:00"",""to"":""22:00""}],""sun"":[{""from"":""09:00"",""to"":""22:00""}]}}",afisha,https://www.afisha.ru/msk/restaurant/littles-kids-play-cafe-469661/,True,2026-05-24T07:50:40+00:00,2026-05-24T07:50:40+00:00
afisha-msk-loomi-507451,Loomi,"Элегантная восточная кухня у ЦУМа. Луми — сушеный черный лайм, который на Ближнем Востоке используют как специю. Молодой шеф из Египта Мохамед Алама готовит гастрономические хиты Сирии и Египта, Ливана и Марокко, чуть приправленные Закавказьем и Средней Азией. Стоит взять…","Неглинная, 8/10",55.7613818,37.6207675,понедельник: 11:00–24:00; вторник: 11:00–24:00; среда: 11:00–24:00; четверг: 11:00–24:00; пятница: 11:00–24:00; суббота: 11:00–24:00; воскресенье: 11:00–24:00,"{""timezone"":""Europe/Moscow"",""weekly"":{""mon"":[{""from"":""11:00"",""to"":""00:00"",""next_day"":true}],""tue"":[{""from"":""11:00"",""to"":""00:00"",""next_day"":true}],""wed"":[{""from"":""11:00"",""to"":""00:00"",""next_day"":true}],""thu"":[{""from"":""11:00"",""to"":""00:00"",""next_day"":true}],""fri"":[{""from"":""11:00"",""to"":""00:00"",""next_day"":true}],""sat"":[{""from"":""11:00"",""to"":""00:00"",""next_day"":true}],""sun"":[{""from"":""11:00"",""to"":""00:00"",""next_day"":true}]}}",afisha,https://www.afisha.ru/msk/restaurant/loomi-507451/,True,2026-05-24T07:50:40+00:00,2026-05-24T07:50:40+00:00
afisha-msk-loona-496473,Loona Moscow,"Итальянский ресторан для модных на Тверском бульваре. Третье заведение от Виталия Истомина, Артема Лосева и Антона Пинского. На этот раз трио взяло в оборот особняк XIX века на Тверском бульваре, где открыло двухэтажный ресторан итальянской кухни. Получился гастрономический…","Тверской б-р, 24, стр. 1",55.7623435,37.6038119,понедельник: 09:00–24:00; вторник: 09:00–24:00; среда: 09:00–24:00; четверг: 09:00–24:00; пятница: 09:00–24:00; суббота: 09:00–24:00; воскресенье: 09:00–24:00,"{""timezone"":""Europe/Moscow"",""weekly"":{""mon"":[{""from"":""09:00"",""to"":""00:00"",""next_day"":true}],""tue"":[{""from"":""09:00"",""to"":""00:00"",""next_day"":true}],""wed"":[{""from"":""09:00"",""to"":""00:00"",""next_day"":true}],""thu"":[{""from"":""09:00"",""to"":""00:00"",""next_day"":true}],""fri"":[{""from"":""09:00"",""to"":""00:00"",""next_day"":true}],""sat"":[{""from"":""09:00"",""to"":""00:00"",""next_day"":true}],""sun"":[{""from"":""09:00"",""to"":""00:00"",""next_day"":true}]}}",afisha,https://www.afisha.ru/msk/restaurant/loona-496473/,True,2026-05-24T07:50:40+00:00,2026-05-24T07:50:40+00:00
afisha-msk-louis-the-claw-508413,Louis,Джаз-клуб на Патриарших с классическим бурлеском и джазом,"Спиридоньевский пер., 9, стр. 1, отель Marco Polo",55.7625736,37.5939535,понедельник: 08:00–24:00; вторник: 08:00–24:00; среда: 08:00–24:00; четверг: 08:00–24:00; пятница: 08:00–24:00; суббота: 08:00–24:00; воскресенье: 08:00–24:00,"{""timezone"":""Europe/Moscow"",""weekly"":{""mon"":[{""from"":""08:00"",""to"":""00:00"",""next_day"":true}],""tue"":[{""from"":""08:00"",""to"":""00:00"",""next_day"":true}],""wed"":[{""from"":""08:00"",""to"":""00:00"",""next_day"":true}],""thu"":[{""from"":""08:00"",""to"":""00:00"",""next_day"":true}],""fri"":[{""from"":""08:00"",""to"":""00:00"",""next_day"":true}],""sat"":[{""from"":""08:00"",""to"":""00:00"",""next_day"":true}],""sun"":[{""from"":""08:00"",""to"":""00:00"",""next_day"":true}]}}",afisha,https://www.afisha.ru/msk/restaurant/louis-the-claw-508413/,True,2026-05-24T07:50:40+00:00,2026-05-24T07:50:40+00:00
afisha-msk-lumicino-495356,Lumicino,"Кулинарная антология путешествий по Апеннинскому полуострову. В переводе с итальянского название ресторана означает «огонек»: в небольшом уютном ресторанчике к названию отсылают свечи на столах и большая дровяная печь в дальнем зале, выполненная на заказ. В меню ресторана…","Б.Никитская, 58",55.7586423,37.5864568,понедельник: 12:00–23:30; вторник: 12:00–23:30; среда: 12:00–23:30; четверг: 12:00–23:30; пятница: 12:00–23:30; суббота: 11:00–23:30; воскресенье: 11:00–23:30,"{""timezone"":""Europe/Moscow"",""weekly"":{""mon"":[{""from"":""12:00"",""to"":""23:30""}],""tue"":[{""from"":""12:00"",""to"":""23:30""}],""wed"":[{""from"":""12:00"",""to"":""23:30""}],""thu"":[{""from"":""12:00"",""to"":""23:30""}],""fri"":[{""from"":""12:00"",""to"":""23:30""}],""sat"":[{""from"":""11:00"",""to"":""23:30""}],""sun"":[{""from"":""11:00"",""to"":""23:30""}]}}",afisha,https://www.afisha.ru/msk/restaurant/lumicino-495356/,True,2026-05-24T07:50:40+00:00,2026-05-24T07:50:40+00:00
afisha-msk-luwo-518614,Lúwo,,"Б.Никитская, 15, стр. 1",55.7566961,37.6036547,понедельник: 09:00–24:00; вторник: 09:00–24:00; среда: 09:00–24:00; четверг: 09:00–24:00; пятница: 09:00–02:00; суббота: 09:00–02:00; воскресенье: 09:00–24:00,"{""timezone"":""Europe/Moscow"",""weekly"":{""mon"":[{""from"":""09:00"",""to"":""00:00"",""next_day"":true}],""tue"":[{""from"":""09:00"",""to"":""00:00"",""next_day"":true}],""wed"":[{""from"":""09:00"",""to"":""00:00"",""next_day"":true}],""thu"":[{""from"":""09:00"",""to"":""00:00"",""next_day"":true}],""fri"":[{""from"":""09:00"",""to"":""02:00"",""next_day"":true}],""sat"":[{""from"":""09:00"",""to"":""02:00"",""next_day"":true}],""sun"":[{""from"":""09:00"",""to"":""00:00"",""next_day"":true}]}}",afisha,https://www.afisha.ru/msk/restaurant/luwo-518614/,True,2026-05-24T07:50:40+00:00,2026-05-24T07:50:40+00:00
afisha-msk-maddittoni-1601090,Maddittoni,,"Новокузнецкая, 24, стр. 2",55.7354649,37.6322946,понедельник: 12:00–23:00; вторник: 12:00–23:00; среда: 12:00–23:00; четверг: 12:00–23:00; пятница: 12:00–24:00; суббота: 12:00–24:00; воскресенье: 12:00–24:00,"{""timezone"":""Europe/Moscow"",""weekly"":{""mon"":[{""from"":""12:00"",""to"":""23:00""}],""tue"":[{""from"":""12:00"",""to"":""23:00""}],""wed"":[{""from"":""12:00"",""to"":""23:00""}],""thu"":[{""from"":""12:00"",""to"":""23:00""}],""fri"":[{""from"":""12:00"",""to"":""00:00"",""next_day"":true}],""sat"":[{""from"":""12:00"",""to"":""00:00"",""next_day"":true}],""sun"":[{""from"":""12:00"",""to"":""00:00"",""next_day"":true}]}}",afisha,https://www.afisha.ru/msk/restaurant/maddittoni-1601090/,True,2026-05-24T07:50:40+00:00,2026-05-24T07:50:40+00:00
afisha-msk-madison-493897,Madison Bistro,Просторный двухэтажный ресторан в «Монархе»,"Ленинградский просп., 31а, стр. 1, МФК «Монарх»",55.7836064,37.5603001,понедельник: 12:00–24:00; вторник: 12:00–24:00; среда: 12:00–24:00; четверг: 12:00–24:00; пятница: 12:00–24:00; суббота: 12:00–24:00; воскресенье: 12:00–24:00,"{""timezone"":""Europe/Moscow"",""weekly"":{""mon"":[{""from"":""12:00"",""to"":""00:00"",""next_day"":true}],""tue"":[{""from"":""12:00"",""to"":""00:00"",""next_day"":true}],""wed"":[{""from"":""12:00"",""to"":""00:00"",""next_day"":true}],""thu"":[{""from"":""12:00"",""to"":""00:00"",""next_day"":true}],""fri"":[{""from"":""12:00"",""to"":""00:00"",""next_day"":true}],""sat"":[{""from"":""12:00"",""to"":""00:00"",""next_day"":true}],""sun"":[{""from"":""12:00"",""to"":""00:00"",""next_day"":true}]}}",afisha,https://www.afisha.ru/msk/restaurant/madison-493897/,True,2026-05-24T07:50:40+00:00,2026-05-24T07:50:40+00:00
afisha-msk-malevich-494960,Malevich,"Гриль-кафе, посвященное главному авангардисту. Было бы странно, если бы в Парке Малевич — оммаже русскому супрематизму не появилось бы кафе, названное в честь самого художника (тем более Малевич регулярно посещал здешний лес после 1917 года — сохранился даже дуб, возле которого…","Одинцовский р-н, дер. Шульгино, парк Малевича",55.738295,37.299082,понедельник: 10:00–22:00; вторник: 10:00–22:00; среда: 10:00–22:00; четверг: 10:00–22:00; пятница: 10:00–23:00; суббота: 10:00–23:00; воскресенье: 10:00–23:00,"{""timezone"":""Europe/Moscow"",""weekly"":{""mon"":[{""from"":""10:00"",""to"":""22:00""}],""tue"":[{""from"":""10:00"",""to"":""22:00""}],""wed"":[{""from"":""10:00"",""to"":""22:00""}],""thu"":[{""from"":""10:00"",""to"":""22:00""}],""fri"":[{""from"":""10:00"",""to"":""23:00""}],""sat"":[{""from"":""10:00"",""to"":""23:00""}],""sun"":[{""from"":""10:00"",""to"":""23:00""}]}}",afisha,https://www.afisha.ru/msk/restaurant/malevich-494960/,True,2026-05-24T07:50:40+00:00,2026-05-24T07:50:40+00:00
afisha-msk-mandys-494232,Mandy's,"Московский космополит. Брассери на Покровке с ванильными пончиками, салатом кобб, сэндвичем «Рубен» с пастрами и нью-йоркским флером. Очаровательный микс из разных мировых кухонь, вкусов и привычек. Открыли место Митя Пензин и Андрей Михеенков, под руководством которых…","Покровка, 19",55.759613,37.6465008,понедельник: 09:00–24:00; вторник: 09:00–24:00; среда: 09:00–24:00; четверг: 09:00–24:00; пятница: 09:00–02:00; суббота: 09:00–02:00; воскресенье: 09:00–24:00,"{""timezone"":""Europe/Moscow"",""weekly"":{""mon"":[{""from"":""09:00"",""to"":""00:00"",""next_day"":true}],""tue"":[{""from"":""09:00"",""to"":""00:00"",""next_day"":true}],""wed"":[{""from"":""09:00"",""to"":""00:00"",""next_day"":true}],""thu"":[{""from"":""09:00"",""to"":""00:00"",""next_day"":true}],""fri"":[{""from"":""09:00"",""to"":""02:00"",""next_day"":true}],""sat"":[{""from"":""09:00"",""to"":""02:00"",""next_day"":true}],""sun"":[{""from"":""09:00"",""to"":""00:00"",""next_day"":true}]}}",afisha,https://www.afisha.ru/msk/restaurant/mandys-494232/,True,2026-05-24T07:50:40+00:00,2026-05-24T07:50:40+00:00
afisha-msk-mansard-restaurant-hall-490506,Mansard Restaurant & Hall,"Внушительный двухэтажный ресторан у парка Дружбы. Панорамные окна, два этажа и три разномастных зала — Mansard на Речном вокзале заточен на проведение всевозможных мероприятий. То же говорит и меню: большое количество закусок, почти два десятка наименований салатов, жюльен с…","Лавочкина, 7а, стр. 1",55.8554248,37.4927045,понедельник: 12:00–24:00; вторник: 12:00–24:00; среда: 12:00–24:00; четверг: 12:00–24:00; пятница: 12:00–02:00; суббота: 12:00–02:00; воскресенье: 12:00–24:00,"{""timezone"":""Europe/Moscow"",""weekly"":{""mon"":[{""from"":""12:00"",""to"":""00:00"",""next_day"":true}],""tue"":[{""from"":""12:00"",""to"":""00:00"",""next_day"":true}],""wed"":[{""from"":""12:00"",""to"":""00:00"",""next_day"":true}],""thu"":[{""from"":""12:00"",""to"":""00:00"",""next_day"":true}],""fri"":[{""from"":""12:00"",""to"":""02:00"",""next_day"":true}],""sat"":[{""from"":""12:00"",""to"":""02:00"",""next_day"":true}],""sun"":[{""from"":""12:00"",""to"":""00:00"",""next_day"":true}]}}",afisha,https://www.afisha.ru/msk/restaurant/mansard-restaurant-hall-490506/,True,2026-05-24T07:50:40+00:00,2026-05-24T07:50:40+00:00
afisha-msk-manul-518599,Manul,"Экзотическая сибирская кухня, смотрящая на Москву острым глазом кошки. Перед открытием ресторана команда отправилась в настоящую экспедицию по Сибири. Ее целью было найти и освоить традиционные продукты, техники приготовления и рецепты Хакассии, Тывы и таежных староверов. За…","Охотный Ряд, 2, ТГ Seasons, 2 этаж",55.7569345,37.6166852,понедельник: 14:00–24:00; вторник: 14:00–24:00; среда: 14:00–24:00; четверг: 14:00–24:00; пятница: 14:00–24:00; суббота: 12:00–24:00; воскресенье: 12:00–24:00,"{""timezone"":""Europe/Moscow"",""weekly"":{""mon"":[{""from"":""14:00"",""to"":""00:00"",""next_day"":true}],""tue"":[{""from"":""14:00"",""to"":""00:00"",""next_day"":true}],""wed"":[{""from"":""14:00"",""to"":""00:00"",""next_day"":true}],""thu"":[{""from"":""14:00"",""to"":""00:00"",""next_day"":true}],""fri"":[{""from"":""14:00"",""to"":""00:00"",""next_day"":true}],""sat"":[{""from"":""12:00"",""to"":""00:00"",""next_day"":true}],""sun"":[{""from"":""12:00"",""to"":""00:00"",""next_day"":true}]}}",afisha,https://www.afisha.ru/msk/restaurant/manul-518599/,True,2026-05-24T07:50:40+00:00,2026-05-24T07:50:40+00:00
afisha-msk-maroon-494262,Maroon,"Восточные сказки на Кутузовском проспекте. Проект ресторатора Аркадия Новикова Maroon буквально с порога погружает в восточный колорит. Сводчатые потолки, узорчатые окна, плитка с витиеватым орнаментом — все это убранство воссоздает атмосферу дворцов в жарком Марокко и Алжире.…","Кутузовский просп., 2/1, стр. 6",55.7521348,37.5674659,,,afisha,https://www.afisha.ru/msk/restaurant/maroon-494262/,True,2026-05-24T07:50:40+00:00,2026-05-24T07:50:40+00:00
afisha-msk-masters-margaritas-491765,Masters & Margaritas,,"1-я Тверская-Ямская, 2, стр. 1",55.7700486,37.5965869,понедельник: 12:00–24:00; вторник: 12:00–24:00; среда: 12:00–24:00; четверг: 12:00–02:00; пятница: 12:00–02:00; суббота: 12:00–02:00; воскресенье: 12:00–24:00,"{""timezone"":""Europe/Moscow"",""weekly"":{""mon"":[{""from"":""12:00"",""to"":""00:00"",""next_day"":true}],""tue"":[{""from"":""12:00"",""to"":""00:00"",""next_day"":true}],""wed"":[{""from"":""12:00"",""to"":""00:00"",""next_day"":true}],""thu"":[{""from"":""12:00"",""to"":""02:00"",""next_day"":true}],""fri"":[{""from"":""12:00"",""to"":""02:00"",""next_day"":true}],""sat"":[{""from"":""12:00"",""to"":""02:00"",""next_day"":true}],""sun"":[{""from"":""12:00"",""to"":""00:00"",""next_day"":true}]}}",afisha,https://www.afisha.ru/msk/restaurant/masters-margaritas-491765/,True,2026-05-24T07:50:40+00:00,2026-05-24T07:50:40+00:00
afisha-msk-mates-bistro-1600733,Mátes Bistro,"Одноименные кофейни от создателей ультрамодного бистро Mates. В кофейнях Mates (не путать с бистро Mates — там другие правила) завтраки готовят весь день. Меню небольшое, но дельное: бенедикт с лососем, сырники со сливочным кремом или зеленая гречка с фетой для ЗОЖников,…","2-я Звенигородская, 12, стр. 21",55.762232,37.5577425,понедельник: 09:00–22:00; вторник: 09:00–22:00; среда: 09:00–22:00; четверг: 09:00–22:00; пятница: 09:00–22:00; суббота: 10:00–23:00; воскресенье: 10:00–23:00,"{""timezone"":""Europe/Moscow"",""weekly"":{""mon"":[{""from"":""09:00"",""to"":""22:00""}],""tue"":[{""from"":""09:00"",""to"":""22:00""}],""wed"":[{""from"":""09:00"",""to"":""22:00""}],""thu"":[{""from"":""09:00"",""to"":""22:00""}],""fri"":[{""from"":""09:00"",""to"":""22:00""}],""sat"":[{""from"":""10:00"",""to"":""23:00""}],""sun"":[{""from"":""10:00"",""to"":""23:00""}]}}",afisha,https://www.afisha.ru/msk/restaurant/mates-bistro-1600733/,True,2026-05-24T07:50:40+00:00,2026-05-24T07:50:40+00:00
afisha-msk-mates-bistro-1600910,Mátes Bistro,"Одноименные кофейни от создателей ультрамодного бистро Mates. В кофейнях Mates (не путать с бистро Mates — там другие правила) завтраки готовят весь день. Меню небольшое, но дельное: бенедикт с лососем, сырники со сливочным кремом или зеленая гречка с фетой для ЗОЖников,…","Покровка, 10, стр. 1",55.7589387,37.6435654,понедельник: 11:00–23:00; вторник: 11:00–23:00; среда: 11:00–23:00; четверг: 11:00–23:00; пятница: 11:00–23:00; суббота: 11:00–23:00; воскресенье: 11:00–23:00,"{""timezone"":""Europe/Moscow"",""weekly"":{""mon"":[{""from"":""11:00"",""to"":""23:00""}],""tue"":[{""from"":""11:00"",""to"":""23:00""}],""wed"":[{""from"":""11:00"",""to"":""23:00""}],""thu"":[{""from"":""11:00"",""to"":""23:00""}],""fri"":[{""from"":""11:00"",""to"":""23:00""}],""sat"":[{""from"":""11:00"",""to"":""23:00""}],""sun"":[{""from"":""11:00"",""to"":""23:00""}]}}",afisha,https://www.afisha.ru/msk/restaurant/mates-bistro-1600910/,True,2026-05-24T07:50:40+00:00,2026-05-24T07:50:40+00:00
afisha-msk-mates-494057,Mátes Coffee & More,,"Мантулинская, 5, стр. 11, павильон «Октагон»",55.7561532,37.5549022,понедельник: 09:00–21:00; вторник: 09:00–21:00; среда: 09:00–21:00; четверг: 09:00–21:00; пятница: 09:00–21:00; суббота: 10:00–21:00; воскресенье: 10:00–21:00,"{""timezone"":""Europe/Moscow"",""weekly"":{""mon"":[{""from"":""09:00"",""to"":""21:00""}],""tue"":[{""from"":""09:00"",""to"":""21:00""}],""wed"":[{""from"":""09:00"",""to"":""21:00""}],""thu"":[{""from"":""09:00"",""to"":""21:00""}],""fri"":[{""from"":""09:00"",""to"":""21:00""}],""sat"":[{""from"":""10:00"",""to"":""21:00""}],""sun"":[{""from"":""10:00"",""to"":""21:00""}]}}",afisha,https://www.afisha.ru/msk/restaurant/mates-494057/,True,2026-05-24T07:50:40+00:00,2026-05-24T07:50:40+00:00
afisha-msk-maya-495617,Maya,"Первобытная кухня от Тома Халпина на Большой Никитской. Шеф-повар Том Халпин много путешествовал по миру, изучая культуру и обычаи разных стран, и создал ресторан, в котором готовит на открытом огне. Виноград, подвешенный на ночь над горячими углями, подают со страчателлой и…","Б.Никитская, 24/1, стр. 6",55.7571946,37.6020286,понедельник: 12:00–24:00; вторник: 12:00–24:00; среда: 12:00–24:00; четверг: 12:00–24:00; пятница: 12:00–02:00; суббота: 09:00–02:00; воскресенье: 09:00–24:00,"{""timezone"":""Europe/Moscow"",""weekly"":{""mon"":[{""from"":""12:00"",""to"":""00:00"",""next_day"":true}],""tue"":[{""from"":""12:00"",""to"":""00:00"",""next_day"":true}],""wed"":[{""from"":""12:00"",""to"":""00:00"",""next_day"":true}],""thu"":[{""from"":""12:00"",""to"":""00:00"",""next_day"":true}],""fri"":[{""from"":""12:00"",""to"":""02:00"",""next_day"":true}],""sat"":[{""from"":""09:00"",""to"":""02:00"",""next_day"":true}],""sun"":[{""from"":""09:00"",""to"":""00:00"",""next_day"":true}]}}",afisha,https://www.afisha.ru/msk/restaurant/maya-495617/,True,2026-05-24T07:50:40+00:00,2026-05-24T07:50:40+00:00
afisha-msk-meat-coin-495350,Meat Coin,"Турецкий стейк-хаус с золотыми стейками и кормлением с руки. Открывшийся во второй очереди «Смоленского пассажа» Meat Coin — второе заведение одноименной сети, первое появилось в 2018 году в Санкт-Петербурге. Здесь дорого, много стейков и даже бургеров подается с золотом 999-й…","Смоленская пл., 5, ТДЦ «Смоленский пассаж-2», 4 этаж, вход из 1-го Николощеповского пер.",55.7482404,37.5813195,понедельник: 12:00–24:00; вторник: 12:00–24:00; среда: 12:00–24:00; четверг: 12:00–24:00; пятница: 12:00–24:00; суббота: 12:00–24:00; воскресенье: 12:00–24:00,"{""timezone"":""Europe/Moscow"",""weekly"":{""mon"":[{""from"":""12:00"",""to"":""00:00"",""next_day"":true}],""tue"":[{""from"":""12:00"",""to"":""00:00"",""next_day"":true}],""wed"":[{""from"":""12:00"",""to"":""00:00"",""next_day"":true}],""thu"":[{""from"":""12:00"",""to"":""00:00"",""next_day"":true}],""fri"":[{""from"":""12:00"",""to"":""00:00"",""next_day"":true}],""sat"":[{""from"":""12:00"",""to"":""00:00"",""next_day"":true}],""sun"":[{""from"":""12:00"",""to"":""00:00"",""next_day"":true}]}}",afisha,https://www.afisha.ru/msk/restaurant/meat-coin-495350/,True,2026-05-24T07:50:40+00:00,2026-05-24T07:50:40+00:00
afisha-msk-meetino-507865,Meet'in'o,"Средиземноморская кухня в Митино. Ресторан средиземноморской кухни Meet'in'o — часть многофункционального комплекса, с кулинарной студией, салоном сигар и алкоголя и лофтом для мероприятий. В меню блюда из Израиля, Италии, Греции, Марокко и Туниса, наблюдать за приготовлением…","Дубравная, 51, стр. 2, гипермаркет Globus",55.8392797,37.3531502,понедельник: 08:00–22:00; вторник: 08:00–22:00; среда: 08:00–22:00; четверг: 08:00–22:00; пятница: 08:00–22:00; суббота: 10:00–22:00; воскресенье: 10:00–22:00,"{""timezone"":""Europe/Moscow"",""weekly"":{""mon"":[{""from"":""08:00"",""to"":""22:00""}],""tue"":[{""from"":""08:00"",""to"":""22:00""}],""wed"":[{""from"":""08:00"",""to"":""22:00""}],""thu"":[{""from"":""08:00"",""to"":""22:00""}],""fri"":[{""from"":""08:00"",""to"":""22:00""}],""sat"":[{""from"":""10:00"",""to"":""22:00""}],""sun"":[{""from"":""10:00"",""to"":""22:00""}]}}",afisha,https://www.afisha.ru/msk/restaurant/meetino-507865/,True,2026-05-24T07:50:40+00:00,2026-05-24T07:50:40+00:00
afisha-msk-megobari-410581,Megobari,"Хорошее грузинское место на Маросейке. Грузинский винный бар, подчеркнуто нормальный. Еда, интерьер, сервис — ничто не тянется покорять вершины, не пытается влезть в душу или еще каким-то образом выпендриться. В результате на каждого гостя, даже вечером в пятницу, приходится…","Маросейка, 15",55.7579614,37.6367657,понедельник: 12:00–24:00; вторник: 12:00–24:00; среда: 12:00–24:00; четверг: 12:00–24:00; пятница: 12:00–06:00; суббота: 12:00–06:00; воскресенье: 12:00–24:00,"{""timezone"":""Europe/Moscow"",""weekly"":{""mon"":[{""from"":""12:00"",""to"":""00:00"",""next_day"":true}],""tue"":[{""from"":""12:00"",""to"":""00:00"",""next_day"":true}],""wed"":[{""from"":""12:00"",""to"":""00:00"",""next_day"":true}],""thu"":[{""from"":""12:00"",""to"":""00:00"",""next_day"":true}],""fri"":[{""from"":""12:00"",""to"":""06:00"",""next_day"":true}],""sat"":[{""from"":""12:00"",""to"":""06:00"",""next_day"":true}],""sun"":[{""from"":""12:00"",""to"":""00:00"",""next_day"":true}]}}",afisha,https://www.afisha.ru/msk/restaurant/megobari-410581/,True,2026-05-24T07:50:40+00:00,2026-05-24T07:50:40+00:00
afisha-msk-meraki-507506,Meraki,"Греческий ресторан Аркадия Новикова в фуд-молле «Депо. Три вокзала». Бренд-шеф Владимир Богожавец и шеф-повар Артур Холиков представляют средиземноморское меню в атмосферном греческом интерьере. В ресторане, расположенном в «Депо» в отдельно стоящем здании, четыре зала в разных…","Новорязанская, 23, стр. 2, фуд-молл «Три вокзала. Депо»",55.7732225,37.6617249,понедельник: 10:00–23:00; вторник: 10:00–23:00; среда: 10:00–23:00; четверг: 10:00–23:00; пятница: 10:00–24:00; суббота: 10:00–24:00; воскресенье: 10:00–23:00,"{""timezone"":""Europe/Moscow"",""weekly"":{""mon"":[{""from"":""10:00"",""to"":""23:00""}],""tue"":[{""from"":""10:00"",""to"":""23:00""}],""wed"":[{""from"":""10:00"",""to"":""23:00""}],""thu"":[{""from"":""10:00"",""to"":""23:00""}],""fri"":[{""from"":""10:00"",""to"":""00:00"",""next_day"":true}],""sat"":[{""from"":""10:00"",""to"":""00:00"",""next_day"":true}],""sun"":[{""from"":""10:00"",""to"":""23:00""}]}}",afisha,https://www.afisha.ru/msk/restaurant/meraki-507506/,True,2026-05-24T07:50:40+00:00,2026-05-24T07:50:40+00:00
afisha-msk-meteorite-518946,Meteorite,,"Покровка, 20/1, стр. 1",55.7583939,37.6473395,понедельник: 09:00–23:00; вторник: 09:00–23:00; среда: 09:00–23:00; четверг: 09:00–23:00; пятница: 09:00–23:00; суббота: 09:00–23:00; воскресенье: 09:00–23:00,"{""timezone"":""Europe/Moscow"",""weekly"":{""mon"":[{""from"":""09:00"",""to"":""23:00""}],""tue"":[{""from"":""09:00"",""to"":""23:00""}],""wed"":[{""from"":""09:00"",""to"":""23:00""}],""thu"":[{""from"":""09:00"",""to"":""23:00""}],""fri"":[{""from"":""09:00"",""to"":""23:00""}],""sat"":[{""from"":""09:00"",""to"":""23:00""}],""sun"":[{""from"":""09:00"",""to"":""23:00""}]}}",afisha,https://www.afisha.ru/msk/restaurant/meteorite-518946/,True,2026-05-24T07:50:40+00:00,2026-05-24T07:50:40+00:00
afisha-msk-michael-collins-pub-456273,Michael Collins Pub,"Паб имени одного из главных героев Ирландии. Майкл Коллинз — один из самых известных и популярных героев Ирландии: революционер, партизан, политик, военачальник. Паб его имени открыла на Цветном бульваре компания United Pubs, проектировала заведение Irish Pub Company, которая с…","Цветной б-р, 21, стр. 2",55.7720346,37.620086,понедельник: 12:00–24:00; вторник: 12:00–24:00; среда: 12:00–24:00; четверг: 12:00–24:00; пятница: 12:00–03:00; суббота: 12:00–03:00; воскресенье: 12:00–24:00,"{""timezone"":""Europe/Moscow"",""weekly"":{""mon"":[{""from"":""12:00"",""to"":""00:00"",""next_day"":true}],""tue"":[{""from"":""12:00"",""to"":""00:00"",""next_day"":true}],""wed"":[{""from"":""12:00"",""to"":""00:00"",""next_day"":true}],""thu"":[{""from"":""12:00"",""to"":""00:00"",""next_day"":true}],""fri"":[{""from"":""12:00"",""to"":""03:00"",""next_day"":true}],""sat"":[{""from"":""12:00"",""to"":""03:00"",""next_day"":true}],""sun"":[{""from"":""12:00"",""to"":""00:00"",""next_day"":true}]}}",afisha,https://www.afisha.ru/msk/restaurant/michael-collins-pub-456273/,True,2026-05-24T07:50:40+00:00,2026-05-24T07:50:40+00:00
afisha-msk-midsummer-507508,Midsummer,"Авторская кухня под пиво и вино для культурных. Ресторан в доме 1888 года постройки, когда-то принадлежавшем купцу и потомственному почетному гражданину Москвы А.П. Гуськову, а сегодня носящем статус памятника истории и архитектуры. Гастрономичные блюда в меню от шефа Михаила…","Мясницкий пр., 2/1",55.7683649,37.6461175,понедельник: 12:00–24:00; вторник: 12:00–24:00; среда: 12:00–24:00; четверг: 12:00–24:00; пятница: 12:00–24:00; суббота: 12:00–24:00; воскресенье: 12:00–24:00,"{""timezone"":""Europe/Moscow"",""weekly"":{""mon"":[{""from"":""12:00"",""to"":""00:00"",""next_day"":true}],""tue"":[{""from"":""12:00"",""to"":""00:00"",""next_day"":true}],""wed"":[{""from"":""12:00"",""to"":""00:00"",""next_day"":true}],""thu"":[{""from"":""12:00"",""to"":""00:00"",""next_day"":true}],""fri"":[{""from"":""12:00"",""to"":""00:00"",""next_day"":true}],""sat"":[{""from"":""12:00"",""to"":""00:00"",""next_day"":true}],""sun"":[{""from"":""12:00"",""to"":""00:00"",""next_day"":true}]}}",afisha,https://www.afisha.ru/msk/restaurant/midsummer-507508/,True,2026-05-24T07:50:40+00:00,2026-05-24T07:50:40+00:00
afisha-msk-misha-fisher-in-jaffa-494687,Misha Fisher in Jaffa,"Кошерный ресторан на пятом этаже «Афимолла». Дим-самы, поке, шварма и фаршированная рыба — ресторан на пятом этаже «Афимолла» позиционирует себя как заведение с блюдами из разных стран мира, но каждое приготовлено по строгим правилам кашрута. Завтраки подают в течение всего дня,…","Пресненская наб., 2, ТЦ «Афимолл-сити»",55.7490808,37.5396284,понедельник: 10:00–22:00; вторник: 10:00–22:00; среда: 10:00–22:00; четверг: 10:00–22:00; пятница: 10:00–19:00; воскресенье: 10:00–22:00,"{""timezone"":""Europe/Moscow"",""weekly"":{""mon"":[{""from"":""10:00"",""to"":""22:00""}],""tue"":[{""from"":""10:00"",""to"":""22:00""}],""wed"":[{""from"":""10:00"",""to"":""22:00""}],""thu"":[{""from"":""10:00"",""to"":""22:00""}],""fri"":[{""from"":""10:00"",""to"":""19:00""}],""sun"":[{""from"":""10:00"",""to"":""22:00""}]}}",afisha,https://www.afisha.ru/msk/restaurant/misha-fisher-in-jaffa-494687/,True,2026-05-24T07:50:40+00:00,2026-05-24T07:50:40+00:00
afisha-msk-mission-490691,Mission,,"Спартаковская, 3, стр. 3",55.770517,37.670735,понедельник: 13:00–24:00; вторник: 13:00–24:00; среда: 13:00–24:00; четверг: 13:00–24:00; пятница: 13:00–02:00; суббота: 13:00–02:00; воскресенье: 13:00–24:00,"{""timezone"":""Europe/Moscow"",""weekly"":{""mon"":[{""from"":""13:00"",""to"":""00:00"",""next_day"":true}],""tue"":[{""from"":""13:00"",""to"":""00:00"",""next_day"":true}],""wed"":[{""from"":""13:00"",""to"":""00:00"",""next_day"":true}],""thu"":[{""from"":""13:00"",""to"":""00:00"",""next_day"":true}],""fri"":[{""from"":""13:00"",""to"":""02:00"",""next_day"":true}],""sat"":[{""from"":""13:00"",""to"":""02:00"",""next_day"":true}],""sun"":[{""from"":""13:00"",""to"":""00:00"",""next_day"":true}]}}",afisha,https://www.afisha.ru/msk/restaurant/mission-490691/,True,2026-05-24T07:50:40+00:00,2026-05-24T07:50:40+00:00
afisha-msk-moro-507873,Moró,Ближневосточный ресторан Новикова и Баллиса в Камергерском,"Камергерский пер., 6/5, стр. 3",55.7599481,37.6140445,понедельник: 10:00–24:00; вторник: 10:00–24:00; среда: 10:00–24:00; четверг: 10:00–24:00; пятница: 10:00–24:00; суббота: 10:00–24:00; воскресенье: 10:00–24:00,"{""timezone"":""Europe/Moscow"",""weekly"":{""mon"":[{""from"":""10:00"",""to"":""00:00"",""next_day"":true}],""tue"":[{""from"":""10:00"",""to"":""00:00"",""next_day"":true}],""wed"":[{""from"":""10:00"",""to"":""00:00"",""next_day"":true}],""thu"":[{""from"":""10:00"",""to"":""00:00"",""next_day"":true}],""fri"":[{""from"":""10:00"",""to"":""00:00"",""next_day"":true}],""sat"":[{""from"":""10:00"",""to"":""00:00"",""next_day"":true}],""sun"":[{""from"":""10:00"",""to"":""00:00"",""next_day"":true}]}}",afisha,https://www.afisha.ru/msk/restaurant/moro-507873/,True,2026-05-24T07:50:40+00:00,2026-05-24T07:50:40+00:00
afisha-msk-motto-azabu-1601409,Motto Azabu,"Современная кухня Токио в гостинице «Метрополь». Motto Azabu — новый проект новосибирского ресторатора Дениса Иванова («Сибирьсибирь», KU:). Название ресторана отсылает к одному из самых престижных и модных районов Токио, кухня проекта сфокусирована не просто на японской кухне,…","Театральный пр., 2, гостиница «Метрополь»",55.7584923,37.6215872,понедельник: 12:00–24:00; вторник: 12:00–24:00; среда: 12:00–24:00; четверг: 12:00–24:00; пятница: 12:00–24:00; суббота: 12:00–24:00; воскресенье: 12:00–24:00,"{""timezone"":""Europe/Moscow"",""weekly"":{""mon"":[{""from"":""12:00"",""to"":""00:00"",""next_day"":true}],""tue"":[{""from"":""12:00"",""to"":""00:00"",""next_day"":true}],""wed"":[{""from"":""12:00"",""to"":""00:00"",""next_day"":true}],""thu"":[{""from"":""12:00"",""to"":""00:00"",""next_day"":true}],""fri"":[{""from"":""12:00"",""to"":""00:00"",""next_day"":true}],""sat"":[{""from"":""12:00"",""to"":""00:00"",""next_day"":true}],""sun"":[{""from"":""12:00"",""to"":""00:00"",""next_day"":true}]}}",afisha,https://www.afisha.ru/msk/restaurant/motto-azabu-1601409/,True,2026-05-24T07:50:40+00:00,2026-05-24T07:50:40+00:00
afisha-msk-mouflon-496813,Mouflon,"Тжвжик, кюфта и хашлама в стильном интерьере","Староваганьковский пер., 19, стр. 7",55.7512924,37.6072401,понедельник: 11:00–24:00; вторник: 11:00–24:00; среда: 11:00–24:00; четверг: 11:00–24:00; пятница: 11:00–24:00; суббота: 10:00–24:00; воскресенье: 10:00–24:00,"{""timezone"":""Europe/Moscow"",""weekly"":{""mon"":[{""from"":""11:00"",""to"":""00:00"",""next_day"":true}],""tue"":[{""from"":""11:00"",""to"":""00:00"",""next_day"":true}],""wed"":[{""from"":""11:00"",""to"":""00:00"",""next_day"":true}],""thu"":[{""from"":""11:00"",""to"":""00:00"",""next_day"":true}],""fri"":[{""from"":""11:00"",""to"":""00:00"",""next_day"":true}],""sat"":[{""from"":""10:00"",""to"":""00:00"",""next_day"":true}],""sun"":[{""from"":""10:00"",""to"":""00:00"",""next_day"":true}]}}",afisha,https://www.afisha.ru/msk/restaurant/mouflon-496813/,True,2026-05-24T07:50:40+00:00,2026-05-24T07:50:40+00:00
afisha-msk-mr-help-friends-1601366,Mr. Help & Friends,,"М.Сухаревская пл., 6, стр. 1",55.7728026,37.6293951,понедельник: 14:00–24:00; вторник: 14:00–24:00; среда: 14:00–24:00; четверг: 14:00–24:00; пятница: 14:00–05:00; суббота: 16:00–05:00; воскресенье: 16:00–24:00,"{""timezone"":""Europe/Moscow"",""weekly"":{""mon"":[{""from"":""14:00"",""to"":""00:00"",""next_day"":true}],""tue"":[{""from"":""14:00"",""to"":""00:00"",""next_day"":true}],""wed"":[{""from"":""14:00"",""to"":""00:00"",""next_day"":true}],""thu"":[{""from"":""14:00"",""to"":""00:00"",""next_day"":true}],""fri"":[{""from"":""14:00"",""to"":""05:00"",""next_day"":true}],""sat"":[{""from"":""16:00"",""to"":""05:00"",""next_day"":true}],""sun"":[{""from"":""16:00"",""to"":""00:00"",""next_day"":true}]}}",afisha,https://www.afisha.ru/msk/restaurant/mr-help-friends-1601366/,True,2026-05-24T07:50:40+00:00,2026-05-24T07:50:40+00:00
afisha-msk-mume-508016,Mume,"Китайский ресторан на 90-м этаже башни «Федерация». Солидный ресторан китайской кухни во главе с шеф-поваром Джеки Ву работает в Москва-Сити. Ресторан предлагает два гастрономических сет-меню: «Поднебесная» и «Благоухающая гавань». Черные столетние яйца с тофу, тигровые креветки…","Пресненская наб., 12, ММДЦ «Москва-Сити», башня «Федерация», 90 этаж",55.7496304,37.537353,понедельник: 13:00–24:00; вторник: 13:00–24:00; среда: 13:00–24:00; четверг: 13:00–24:00; пятница: 13:00–24:00; суббота: 13:00–24:00; воскресенье: 13:00–24:00,"{""timezone"":""Europe/Moscow"",""weekly"":{""mon"":[{""from"":""13:00"",""to"":""00:00"",""next_day"":true}],""tue"":[{""from"":""13:00"",""to"":""00:00"",""next_day"":true}],""wed"":[{""from"":""13:00"",""to"":""00:00"",""next_day"":true}],""thu"":[{""from"":""13:00"",""to"":""00:00"",""next_day"":true}],""fri"":[{""from"":""13:00"",""to"":""00:00"",""next_day"":true}],""sat"":[{""from"":""13:00"",""to"":""00:00"",""next_day"":true}],""sun"":[{""from"":""13:00"",""to"":""00:00"",""next_day"":true}]}}",afisha,https://www.afisha.ru/msk/restaurant/mume-508016/,True,2026-05-24T07:50:40+00:00,2026-05-24T07:50:40+00:00
afisha-msk-narnia-507819,Narnia,"Светская Паназия с трюфелем и пармезаном от Лосева и Истомина. Проект ресторатора Антона Пинского и бренд-шефов Артема Лосева и Виталия Истомина на пересечении Большой и Малой Бронной. Можно подумать, что «Нарния» — это волшебная страна с входом через шкаф и говорящим львом, но…","Б.Бронная, 2/6",55.7600353,37.5974603,понедельник: 12:00–23:00; вторник: 12:00–23:00; среда: 12:00–23:00; четверг: 12:00–23:00; пятница: 12:00–23:00; суббота: 12:00–23:00; воскресенье: 12:00–23:00,"{""timezone"":""Europe/Moscow"",""weekly"":{""mon"":[{""from"":""12:00"",""to"":""23:00""}],""tue"":[{""from"":""12:00"",""to"":""23:00""}],""wed"":[{""from"":""12:00"",""to"":""23:00""}],""thu"":[{""from"":""12:00"",""to"":""23:00""}],""fri"":[{""from"":""12:00"",""to"":""23:00""}],""sat"":[{""from"":""12:00"",""to"":""23:00""}],""sun"":[{""from"":""12:00"",""to"":""23:00""}]}}",afisha,https://www.afisha.ru/msk/restaurant/narnia-507819/,True,2026-05-24T07:50:40+00:00,2026-05-24T07:50:40+00:00
afisha-msk-nene-1600301,Nené,,"Б.Грузинская, 76",55.7737107,37.5871101,понедельник: 12:00–24:00; вторник: 12:00–24:00; среда: 12:00–24:00; четверг: 12:00–24:00; пятница: 12:00–24:00; суббота: 12:00–24:00; воскресенье: 12:00–24:00,"{""timezone"":""Europe/Moscow"",""weekly"":{""mon"":[{""from"":""12:00"",""to"":""00:00"",""next_day"":true}],""tue"":[{""from"":""12:00"",""to"":""00:00"",""next_day"":true}],""wed"":[{""from"":""12:00"",""to"":""00:00"",""next_day"":true}],""thu"":[{""from"":""12:00"",""to"":""00:00"",""next_day"":true}],""fri"":[{""from"":""12:00"",""to"":""00:00"",""next_day"":true}],""sat"":[{""from"":""12:00"",""to"":""00:00"",""next_day"":true}],""sun"":[{""from"":""12:00"",""to"":""00:00"",""next_day"":true}]}}",afisha,https://www.afisha.ru/msk/restaurant/nene-1600301/,True,2026-05-24T07:50:40+00:00,2026-05-24T07:50:40+00:00
afisha-msk-no-13-restaurant-488482,№13,"Овощи на Патриарших. Аркадий Новиков, Антон Пинский и Глен Баллис триумфально въехали в помещение по невезучему адресу Малая Бронная, 13: после первого Twins братьев Березуцких надолго здесь не задержался ни один ресторан. Но у «№13» есть все шансы стать новым гением места —…","М.Бронная, 13",55.75978,37.595968,понедельник: 09:00–23:00; вторник: 09:00–23:00; среда: 09:00–23:00; четверг: 09:00–23:00; пятница: 09:00–23:00; суббота: 09:00–23:00; воскресенье: 09:00–23:00,"{""timezone"":""Europe/Moscow"",""weekly"":{""mon"":[{""from"":""09:00"",""to"":""23:00""}],""tue"":[{""from"":""09:00"",""to"":""23:00""}],""wed"":[{""from"":""09:00"",""to"":""23:00""}],""thu"":[{""from"":""09:00"",""to"":""23:00""}],""fri"":[{""from"":""09:00"",""to"":""23:00""}],""sat"":[{""from"":""09:00"",""to"":""23:00""}],""sun"":[{""from"":""09:00"",""to"":""23:00""}]}}",afisha,https://www.afisha.ru/msk/restaurant/no-13-restaurant-488482/,True,2026-05-24T07:50:40+00:00,2026-05-24T07:50:40+00:00
afisha-msk-nothing-fancy-518796,Nothing Fancy,"Чувство легкости в Nothing Fancy. Comfort food для тяготеющих к ПП приехал в Москву из Петербурга. В Nothing Fancy готовят фотогеничные блюда с уклоном в умеренный ЗОЖ. В меню — мультизлаковые каши с разными топингами на выбор, свежевыжатые соки и смузи, тосты, в том числе на…","Петровка, 30/7",55.7681329,37.6141561,понедельник: 08:30–21:00; вторник: 08:30–21:00; среда: 08:30–21:00; четверг: 08:30–21:00; пятница: 08:30–21:00; суббота: 08:30–21:00; воскресенье: 08:30–21:00,"{""timezone"":""Europe/Moscow"",""weekly"":{""mon"":[{""from"":""08:30"",""to"":""21:00""}],""tue"":[{""from"":""08:30"",""to"":""21:00""}],""wed"":[{""from"":""08:30"",""to"":""21:00""}],""thu"":[{""from"":""08:30"",""to"":""21:00""}],""fri"":[{""from"":""08:30"",""to"":""21:00""}],""sat"":[{""from"":""08:30"",""to"":""21:00""}],""sun"":[{""from"":""08:30"",""to"":""21:00""}]}}",afisha,https://www.afisha.ru/msk/restaurant/nothing-fancy-518796/,True,2026-05-24T07:50:40+00:00,2026-05-24T07:50:40+00:00
afisha-msk-nothing-fancy-1601052,Nothing Fancy,"Чувство легкости в Nothing Fancy. Comfort food для тяготеющих к ПП приехал в Москву из Петербурга. В Nothing Fancy готовят фотогеничные блюда с уклоном в умеренный ЗОЖ. В меню — мультизлаковые каши с разными топингами на выбор, свежевыжатые соки и смузи, тосты, в том числе на…","Усачева, 15",55.7268996,37.5701414,понедельник: 08:30–21:00; вторник: 08:30–21:00; среда: 08:30–21:00; четверг: 08:30–21:00; пятница: 08:30–21:00; суббота: 08:30–21:00; воскресенье: 08:30–21:00,"{""timezone"":""Europe/Moscow"",""weekly"":{""mon"":[{""from"":""08:30"",""to"":""21:00""}],""tue"":[{""from"":""08:30"",""to"":""21:00""}],""wed"":[{""from"":""08:30"",""to"":""21:00""}],""thu"":[{""from"":""08:30"",""to"":""21:00""}],""fri"":[{""from"":""08:30"",""to"":""21:00""}],""sat"":[{""from"":""08:30"",""to"":""21:00""}],""sun"":[{""from"":""08:30"",""to"":""21:00""}]}}",afisha,https://www.afisha.ru/msk/restaurant/nothing-fancy-1601052/,True,2026-05-24T07:50:40+00:00,2026-05-24T07:50:40+00:00
afisha-msk-nouge-518932,Nouge,"Камерное городское бистро от команды кафе-кондитерской Kalabasa. Ребята 15 лет снабжали нас «Наполеоном» и пирожными макарон, а теперь открыли на Покровке дом, в котором вина и коктейли вышли на первый план. Винная карта Евгения Коваленко (Big Wine Freaks) собрала и привычные…","Покровка, 10, стр. 1",55.7589249,37.6435423,понедельник: 14:00–24:00; вторник: 14:00–24:00; среда: 14:00–24:00; четверг: 14:00–24:00; пятница: 13:00–01:00; суббота: 13:00–01:00; воскресенье: 14:00–24:00,"{""timezone"":""Europe/Moscow"",""weekly"":{""mon"":[{""from"":""14:00"",""to"":""00:00"",""next_day"":true}],""tue"":[{""from"":""14:00"",""to"":""00:00"",""next_day"":true}],""wed"":[{""from"":""14:00"",""to"":""00:00"",""next_day"":true}],""thu"":[{""from"":""14:00"",""to"":""00:00"",""next_day"":true}],""fri"":[{""from"":""13:00"",""to"":""01:00"",""next_day"":true}],""sat"":[{""from"":""13:00"",""to"":""01:00"",""next_day"":true}],""sun"":[{""from"":""14:00"",""to"":""00:00"",""next_day"":true}]}}",afisha,https://www.afisha.ru/msk/restaurant/nouge-518932/,True,2026-05-24T07:50:40+00:00,2026-05-24T07:50:40+00:00
afisha-msk-nove-1600516,Nove,,"Б.Татарская, 9, БЦ «Инсайт»",55.7414936,37.6330021,понедельник: 09:00–23:00; вторник: 09:00–23:00; среда: 09:00–23:00; четверг: 09:00–23:00; пятница: 09:00–23:00; суббота: 10:00–23:00; воскресенье: 10:00–23:00,"{""timezone"":""Europe/Moscow"",""weekly"":{""mon"":[{""from"":""09:00"",""to"":""23:00""}],""tue"":[{""from"":""09:00"",""to"":""23:00""}],""wed"":[{""from"":""09:00"",""to"":""23:00""}],""thu"":[{""from"":""09:00"",""to"":""23:00""}],""fri"":[{""from"":""09:00"",""to"":""23:00""}],""sat"":[{""from"":""10:00"",""to"":""23:00""}],""sun"":[{""from"":""10:00"",""to"":""23:00""}]}}",afisha,https://www.afisha.ru/msk/restaurant/nove-1600516/,True,2026-05-24T07:50:40+00:00,2026-05-24T07:50:40+00:00
afisha-msk-odonoghues-314838,O'Donoghue's,"Ирландский паб на Пятницкой. Еще один ирландский паб нового поколения — то есть такой, где можно не только заливаться пивом и слушать ирландский фолк-панк, но и ужинать. Открыли OʼDonoghueʼs те же люди, что и Tap & Barrel, The Tipsy и недавний Lionʼs Head, так что к интерьеру не…","Пятницкая, 29",55.7411104,37.6288428,понедельник: 12:00–24:00; вторник: 12:00–24:00; среда: 12:00–24:00; четверг: 12:00–24:00; пятница: 12:00–06:00; суббота: 12:00–06:00; воскресенье: 12:00–24:00,"{""timezone"":""Europe/Moscow"",""weekly"":{""mon"":[{""from"":""12:00"",""to"":""00:00"",""next_day"":true}],""tue"":[{""from"":""12:00"",""to"":""00:00"",""next_day"":true}],""wed"":[{""from"":""12:00"",""to"":""00:00"",""next_day"":true}],""thu"":[{""from"":""12:00"",""to"":""00:00"",""next_day"":true}],""fri"":[{""from"":""12:00"",""to"":""06:00"",""next_day"":true}],""sat"":[{""from"":""12:00"",""to"":""06:00"",""next_day"":true}],""sun"":[{""from"":""12:00"",""to"":""00:00"",""next_day"":true}]}}",afisha,https://www.afisha.ru/msk/restaurant/odonoghues-314838/,True,2026-05-24T07:50:40+00:00,2026-05-24T07:50:40+00:00
afisha-msk-oshi-izakaya-518611,Oshi Izakaya,,"М.Бронная, 22, стр. 2",55.7629837,37.5949578,понедельник: 11:00–24:00; вторник: 11:00–24:00; среда: 11:00–24:00; четверг: 11:00–24:00; пятница: 11:00–24:00; суббота: 11:00–24:00; воскресенье: 11:00–24:00,"{""timezone"":""Europe/Moscow"",""weekly"":{""mon"":[{""from"":""11:00"",""to"":""00:00"",""next_day"":true}],""tue"":[{""from"":""11:00"",""to"":""00:00"",""next_day"":true}],""wed"":[{""from"":""11:00"",""to"":""00:00"",""next_day"":true}],""thu"":[{""from"":""11:00"",""to"":""00:00"",""next_day"":true}],""fri"":[{""from"":""11:00"",""to"":""00:00"",""next_day"":true}],""sat"":[{""from"":""11:00"",""to"":""00:00"",""next_day"":true}],""sun"":[{""from"":""11:00"",""to"":""00:00"",""next_day"":true}]}}",afisha,https://www.afisha.ru/msk/restaurant/oshi-izakaya-518611/,True,2026-05-24T07:50:40+00:00,2026-05-24T07:50:40+00:00
afisha-msk-oshi-izakaya-emperor-518969,Oshi Izakaya. Emperor,,"Петровка, 20/1",55.7641782,37.6174957,понедельник: 11:00–24:00; вторник: 11:00–24:00; среда: 11:00–24:00; четверг: 11:00–24:00; пятница: 11:00–03:00; суббота: 11:00–03:00; воскресенье: 11:00–24:00,"{""timezone"":""Europe/Moscow"",""weekly"":{""mon"":[{""from"":""11:00"",""to"":""00:00"",""next_day"":true}],""tue"":[{""from"":""11:00"",""to"":""00:00"",""next_day"":true}],""wed"":[{""from"":""11:00"",""to"":""00:00"",""next_day"":true}],""thu"":[{""from"":""11:00"",""to"":""00:00"",""next_day"":true}],""fri"":[{""from"":""11:00"",""to"":""03:00"",""next_day"":true}],""sat"":[{""from"":""11:00"",""to"":""03:00"",""next_day"":true}],""sun"":[{""from"":""11:00"",""to"":""00:00"",""next_day"":true}]}}",afisha,https://www.afisha.ru/msk/restaurant/oshi-izakaya-emperor-518969/,True,2026-05-24T07:50:40+00:00,2026-05-24T07:50:40+00:00
afisha-msk-osso-1600188,Osso,"Италия без античности, барокко и лазаньи. Кухней остерии на Большой Грузинской заправляют сразу два шефа-итальянца родом из региона Эмилия-Романья. Первый, Эмануэле Поллини, начал карьеру в роскошном OVO как правая рука и лучший ученик шефа Карло Кракко, а затем стал…","Б.Грузинская, 69",55.7740102,37.586288,понедельник: 09:00–24:00; вторник: 09:00–24:00; среда: 09:00–24:00; четверг: 09:00–24:00; пятница: 09:00–24:00; суббота: 09:00–24:00; воскресенье: 09:00–24:00,"{""timezone"":""Europe/Moscow"",""weekly"":{""mon"":[{""from"":""09:00"",""to"":""00:00"",""next_day"":true}],""tue"":[{""from"":""09:00"",""to"":""00:00"",""next_day"":true}],""wed"":[{""from"":""09:00"",""to"":""00:00"",""next_day"":true}],""thu"":[{""from"":""09:00"",""to"":""00:00"",""next_day"":true}],""fri"":[{""from"":""09:00"",""to"":""00:00"",""next_day"":true}],""sat"":[{""from"":""09:00"",""to"":""00:00"",""next_day"":true}],""sun"":[{""from"":""09:00"",""to"":""00:00"",""next_day"":true}]}}",afisha,https://www.afisha.ru/msk/restaurant/osso-1600188/,True,2026-05-24T07:50:40+00:00,2026-05-24T07:50:40+00:00
afisha-msk-amici-486615,Osteria Amici,Итальянский винный ресторан в ЖК «Мосфильмовский»,"Мосфильмовская, 88, корп. 4, стр. 1",55.7032747,37.491541,понедельник: 08:00–24:00; вторник: 08:00–24:00; среда: 08:00–24:00; четверг: 08:00–24:00; пятница: 08:00–24:00; суббота: 09:00–24:00; воскресенье: 09:00–24:00,"{""timezone"":""Europe/Moscow"",""weekly"":{""mon"":[{""from"":""08:00"",""to"":""00:00"",""next_day"":true}],""tue"":[{""from"":""08:00"",""to"":""00:00"",""next_day"":true}],""wed"":[{""from"":""08:00"",""to"":""00:00"",""next_day"":true}],""thu"":[{""from"":""08:00"",""to"":""00:00"",""next_day"":true}],""fri"":[{""from"":""08:00"",""to"":""00:00"",""next_day"":true}],""sat"":[{""from"":""09:00"",""to"":""00:00"",""next_day"":true}],""sun"":[{""from"":""09:00"",""to"":""00:00"",""next_day"":true}]}}",afisha,https://www.afisha.ru/msk/restaurant/amici-486615/,True,2026-05-24T07:50:40+00:00,2026-05-24T07:50:40+00:00
afisha-msk-ovo-313710,Ovo,,"Новинский б-р, 8, стр. 2, Lotte Hotel Moscow, 2 этаж",55.7501782,37.5840026,понедельник: 13:00–23:00; вторник: 13:00–23:00; среда: 13:00–23:00; четверг: 13:00–23:00; пятница: 13:00–23:00; суббота: 15:00–23:00; воскресенье: 15:00–23:00,"{""timezone"":""Europe/Moscow"",""weekly"":{""mon"":[{""from"":""13:00"",""to"":""23:00""}],""tue"":[{""from"":""13:00"",""to"":""23:00""}],""wed"":[{""from"":""13:00"",""to"":""23:00""}],""thu"":[{""from"":""13:00"",""to"":""23:00""}],""fri"":[{""from"":""13:00"",""to"":""23:00""}],""sat"":[{""from"":""15:00"",""to"":""23:00""}],""sun"":[{""from"":""15:00"",""to"":""23:00""}]}}",afisha,https://www.afisha.ru/msk/restaurant/ovo-313710/,True,2026-05-24T07:50:40+00:00,2026-05-24T07:50:40+00:00
afisha-msk-oxus-315700,Oxus,"Респектабельная восточная еда на Трифоновской. Ресторан узбекской кухни на Трифоновской улице. Помещение огромное: два этажа, веранда, две специально устроенные чайхоны (то есть укрытые от случайных глаз комнаты с кухнями, отдельно для мужчин и для женщин), тайные лестницы и…","Трифоновская, 24, стр. 1",55.788412,37.6180049,понедельник: 12:00–24:00; вторник: 12:00–24:00; среда: 12:00–24:00; четверг: 12:00–24:00; пятница: 12:00–24:00; суббота: 12:00–24:00; воскресенье: 12:00–24:00,"{""timezone"":""Europe/Moscow"",""weekly"":{""mon"":[{""from"":""12:00"",""to"":""00:00"",""next_day"":true}],""tue"":[{""from"":""12:00"",""to"":""00:00"",""next_day"":true}],""wed"":[{""from"":""12:00"",""to"":""00:00"",""next_day"":true}],""thu"":[{""from"":""12:00"",""to"":""00:00"",""next_day"":true}],""fri"":[{""from"":""12:00"",""to"":""00:00"",""next_day"":true}],""sat"":[{""from"":""12:00"",""to"":""00:00"",""next_day"":true}],""sun"":[{""from"":""12:00"",""to"":""00:00"",""next_day"":true}]}}",afisha,https://www.afisha.ru/msk/restaurant/oxus-315700/,True,2026-05-24T07:50:40+00:00,2026-05-24T07:50:40+00:00
afisha-msk-parka-1600658,Parka,,"Маросейка, 6/8, стр. 1",55.7574829,37.6347051,понедельник: 12:00–06:00; вторник: 12:00–06:00; среда: 12:00–06:00; четверг: 12:00–06:00; пятница: 12:00–06:00; суббота: 12:00–06:00; воскресенье: 12:00–06:00,"{""timezone"":""Europe/Moscow"",""weekly"":{""mon"":[{""from"":""12:00"",""to"":""06:00"",""next_day"":true}],""tue"":[{""from"":""12:00"",""to"":""06:00"",""next_day"":true}],""wed"":[{""from"":""12:00"",""to"":""06:00"",""next_day"":true}],""thu"":[{""from"":""12:00"",""to"":""06:00"",""next_day"":true}],""fri"":[{""from"":""12:00"",""to"":""06:00"",""next_day"":true}],""sat"":[{""from"":""12:00"",""to"":""06:00"",""next_day"":true}],""sun"":[{""from"":""12:00"",""to"":""06:00"",""next_day"":true}]}}",afisha,https://www.afisha.ru/msk/restaurant/parka-1600658/,True,2026-05-24T07:50:40+00:00,2026-05-24T07:50:40+00:00
afisha-msk-pasta-na-solyanke-518533,Pasta на Солянке,"Домашняя паста, неаполитанская пицца и коктейли. При входе встречает статуя Венеры и голова Давида, по всему ресторану расставлены лимонные деревья и банки с соленьями, а в меню — дюжина видов разной пасты. Здесь все отсылает к Италии и создает атмосферу той самой дольче виты.…","Солянка, 2/6, стр. 1",55.7539997,37.6368587,понедельник: 12:00–24:00; вторник: 12:00–24:00; среда: 12:00–24:00; четверг: 12:00–24:00; пятница: 12:00–24:00; суббота: 12:00–24:00; воскресенье: 12:00–24:00,"{""timezone"":""Europe/Moscow"",""weekly"":{""mon"":[{""from"":""12:00"",""to"":""00:00"",""next_day"":true}],""tue"":[{""from"":""12:00"",""to"":""00:00"",""next_day"":true}],""wed"":[{""from"":""12:00"",""to"":""00:00"",""next_day"":true}],""thu"":[{""from"":""12:00"",""to"":""00:00"",""next_day"":true}],""fri"":[{""from"":""12:00"",""to"":""00:00"",""next_day"":true}],""sat"":[{""from"":""12:00"",""to"":""00:00"",""next_day"":true}],""sun"":[{""from"":""12:00"",""to"":""00:00"",""next_day"":true}]}}",afisha,https://www.afisha.ru/msk/restaurant/pasta-na-solyanke-518533/,True,2026-05-24T07:50:40+00:00,2026-05-24T07:50:40+00:00
afisha-msk-patriki-495772,Patriki,"Французское бистро Виталия Истомина, Артема Лосева и Антона Пинского. Внутри французского бистро на Малой Бронной — винтажные столовые приборы, вазы, салфетницы шеф-повара лично привезли из последней поездки в Париж. В блюдах же решили по минимуму использовать трюфель, сусальное…","М.Бронная, 21/13, стр. 2",55.7628287,37.5946715,понедельник: 10:30–23:00; вторник: 10:30–23:00; среда: 10:30–23:00; четверг: 10:30–23:00; пятница: 10:30–23:00; суббота: 10:30–23:00; воскресенье: 10:30–23:00,"{""timezone"":""Europe/Moscow"",""weekly"":{""mon"":[{""from"":""10:30"",""to"":""23:00""}],""tue"":[{""from"":""10:30"",""to"":""23:00""}],""wed"":[{""from"":""10:30"",""to"":""23:00""}],""thu"":[{""from"":""10:30"",""to"":""23:00""}],""fri"":[{""from"":""10:30"",""to"":""23:00""}],""sat"":[{""from"":""10:30"",""to"":""23:00""}],""sun"":[{""from"":""10:30"",""to"":""23:00""}]}}",afisha,https://www.afisha.ru/msk/restaurant/patriki-495772/,True,2026-05-24T07:50:40+00:00,2026-05-24T07:50:40+00:00
afisha-msk-pentalaunzh-470374,Penta,Уютный гастробар с бильярдом на Новом Арбате,"Н.Арбат, 15, Penta Hotel",55.752141,37.592411,понедельник: 00:00–00:00; вторник: 00:00–00:00; среда: 00:00–00:00; четверг: 00:00–00:00; пятница: 00:00–00:00; суббота: 00:00–00:00; воскресенье: 00:00–00:00,"{""timezone"":""Europe/Moscow"",""weekly"":{""mon"":[{""from"":""00:00"",""to"":""00:00"",""next_day"":true}],""tue"":[{""from"":""00:00"",""to"":""00:00"",""next_day"":true}],""wed"":[{""from"":""00:00"",""to"":""00:00"",""next_day"":true}],""thu"":[{""from"":""00:00"",""to"":""00:00"",""next_day"":true}],""fri"":[{""from"":""00:00"",""to"":""00:00"",""next_day"":true}],""sat"":[{""from"":""00:00"",""to"":""00:00"",""next_day"":true}],""sun"":[{""from"":""00:00"",""to"":""00:00"",""next_day"":true}]}}",afisha,https://www.afisha.ru/msk/restaurant/pentalaunzh-470374/,True,2026-05-24T07:50:40+00:00,2026-05-24T07:50:40+00:00
afisha-msk-perepel-495860,Perepel,"Бар Дмитрия Соколова с российским алкоголем. Первый русский бар в Москве: не было еще в новейшей истории столицы бара, в котором карта напитков состояла бы по преимуществу из российских дистиллятов, вин, настоек, водок и прочих питий. Пробел заполняет старожил барной сцены…","Садовая-Каретная, 18",55.7729011,37.6097076,понедельник: 14:00–24:00; вторник: 14:00–24:00; среда: 14:00–24:00; четверг: 14:00–24:00; пятница: 14:00–06:00; суббота: 15:00–06:00; воскресенье: 15:00–24:00,"{""timezone"":""Europe/Moscow"",""weekly"":{""mon"":[{""from"":""14:00"",""to"":""00:00"",""next_day"":true}],""tue"":[{""from"":""14:00"",""to"":""00:00"",""next_day"":true}],""wed"":[{""from"":""14:00"",""to"":""00:00"",""next_day"":true}],""thu"":[{""from"":""14:00"",""to"":""00:00"",""next_day"":true}],""fri"":[{""from"":""14:00"",""to"":""06:00"",""next_day"":true}],""sat"":[{""from"":""15:00"",""to"":""06:00"",""next_day"":true}],""sun"":[{""from"":""15:00"",""to"":""00:00"",""next_day"":true}]}}",afisha,https://www.afisha.ru/msk/restaurant/perepel-495860/,True,2026-05-24T07:50:40+00:00,2026-05-24T07:50:40+00:00
afisha-msk-peshi-347653,Peshi,"Рыба, устрицы, Охотный Ряд. Солидный рыбный ресторан на втором этаже ТГ «Модный сезон» в гостинице «Москва». Большую часть рыбы и морепродуктов, как в благополучные нулевые, привозят самолетом из Японии дважды в неделю; качество — запредельное, и выбор тоже впечатляет. Из…","Охотный Ряд, 2, ТГ Seasons",55.7570051,37.6164606,понедельник: 12:00–24:00; вторник: 12:00–24:00; среда: 12:00–24:00; четверг: 12:00–24:00; пятница: 12:00–24:00; суббота: 12:00–24:00; воскресенье: 12:00–24:00,"{""timezone"":""Europe/Moscow"",""weekly"":{""mon"":[{""from"":""12:00"",""to"":""00:00"",""next_day"":true}],""tue"":[{""from"":""12:00"",""to"":""00:00"",""next_day"":true}],""wed"":[{""from"":""12:00"",""to"":""00:00"",""next_day"":true}],""thu"":[{""from"":""12:00"",""to"":""00:00"",""next_day"":true}],""fri"":[{""from"":""12:00"",""to"":""00:00"",""next_day"":true}],""sat"":[{""from"":""12:00"",""to"":""00:00"",""next_day"":true}],""sun"":[{""from"":""12:00"",""to"":""00:00"",""next_day"":true}]}}",afisha,https://www.afisha.ru/msk/restaurant/peshi-347653/,True,2026-05-24T07:50:40+00:00,2026-05-24T07:50:40+00:00
afisha-msk-pesnya-518686,Pesnya,"Караоке на Новом Арбате. Лаунж, караоке и большое количество посадочных мест — здесь все располагает к долгому и задорному времяпрепровождению. В меню — закуски, салаты, супы и пасты. На горячее можно попробовать томленые говяжьи щечки или стейк из лосося. Также есть целый…","Н.Арбат, 21, стр. 1",55.751812,37.586897,понедельник: 20:00–06:00; вторник: 20:00–06:00; среда: 20:00–06:00; четверг: 20:00–06:00; пятница: 20:00–06:00; суббота: 20:00–06:00; воскресенье: 20:00–06:00,"{""timezone"":""Europe/Moscow"",""weekly"":{""mon"":[{""from"":""20:00"",""to"":""06:00"",""next_day"":true}],""tue"":[{""from"":""20:00"",""to"":""06:00"",""next_day"":true}],""wed"":[{""from"":""20:00"",""to"":""06:00"",""next_day"":true}],""thu"":[{""from"":""20:00"",""to"":""06:00"",""next_day"":true}],""fri"":[{""from"":""20:00"",""to"":""06:00"",""next_day"":true}],""sat"":[{""from"":""20:00"",""to"":""06:00"",""next_day"":true}],""sun"":[{""from"":""20:00"",""to"":""06:00"",""next_day"":true}]}}",afisha,https://www.afisha.ru/msk/restaurant/pesnya-518686/,True,2026-05-24T07:50:40+00:00,2026-05-24T07:50:40+00:00
afisha-msk-petter-496788,Petter,"Ежедневные выступления артистов и стендап-комиков. В меню музыкального бара на Петровке — классические закуски, брускетты, пасты, ризотто и небольшой выбор горячих блюд. Необычная опция для такого места: у бара есть собственная сыроварня, в которой варят сыры по итальянским…","Петровка, 21, стр. 1",55.7655834,37.6156599,понедельник: 12:00–24:00; вторник: 12:00–24:00; среда: 12:00–24:00; четверг: 12:00–24:00; пятница: 12:00–24:00; суббота: 13:00–24:00; воскресенье: 13:00–24:00,"{""timezone"":""Europe/Moscow"",""weekly"":{""mon"":[{""from"":""12:00"",""to"":""00:00"",""next_day"":true}],""tue"":[{""from"":""12:00"",""to"":""00:00"",""next_day"":true}],""wed"":[{""from"":""12:00"",""to"":""00:00"",""next_day"":true}],""thu"":[{""from"":""12:00"",""to"":""00:00"",""next_day"":true}],""fri"":[{""from"":""12:00"",""to"":""00:00"",""next_day"":true}],""sat"":[{""from"":""13:00"",""to"":""00:00"",""next_day"":true}],""sun"":[{""from"":""13:00"",""to"":""00:00"",""next_day"":true}]}}",afisha,https://www.afisha.ru/msk/restaurant/petter-496788/,True,2026-05-24T07:50:40+00:00,2026-05-24T07:50:40+00:00
afisha-msk-phantom-508322,Phantom,"Мясо, огонь и парящие девы под потолком. Масштабный проект от трио Пинского, Истомина и Лосева на Малой Никитской. Случай, когда уже ничего особенного не ждешь, но заходишь и говоришь «вау»: под высоким потолком парят девы и абстрактные скульптуры, а все остальное точно…","М.Никитская, 24, стр. 2",55.7592559,37.5884339,понедельник: 11:00–24:00; вторник: 11:00–24:00; среда: 11:00–24:00; четверг: 11:00–24:00; пятница: 11:00–02:00; суббота: 11:00–02:00; воскресенье: 11:00–24:00,"{""timezone"":""Europe/Moscow"",""weekly"":{""mon"":[{""from"":""11:00"",""to"":""00:00"",""next_day"":true}],""tue"":[{""from"":""11:00"",""to"":""00:00"",""next_day"":true}],""wed"":[{""from"":""11:00"",""to"":""00:00"",""next_day"":true}],""thu"":[{""from"":""11:00"",""to"":""00:00"",""next_day"":true}],""fri"":[{""from"":""11:00"",""to"":""02:00"",""next_day"":true}],""sat"":[{""from"":""11:00"",""to"":""02:00"",""next_day"":true}],""sun"":[{""from"":""11:00"",""to"":""00:00"",""next_day"":true}]}}",afisha,https://www.afisha.ru/msk/restaurant/phantom-508322/,True,2026-05-24T07:50:40+00:00,2026-05-24T07:50:40+00:00
afisha-msk-piri-piri-bar-495656,Piri Piri,"Младший брат бара Noor. Винный бар, больше похожий на лаунж винтажного отеля или большую гостиную в богемной квартире, на Петровке — свежее добавление в Noor Amazing Family, известной барами Noor и «Веранда 32.05». Главное здесь не еда, вполне симпатично сделанная, но не…","Петровка, 23/10, стр. 5",55.7662697,37.6150293,понедельник: 12:00–02:00; вторник: 12:00–02:00; среда: 12:00–02:00; четверг: 12:00–02:00; пятница: 12:00–05:00; суббота: 12:00–05:00; воскресенье: 12:00–02:00,"{""timezone"":""Europe/Moscow"",""weekly"":{""mon"":[{""from"":""12:00"",""to"":""02:00"",""next_day"":true}],""tue"":[{""from"":""12:00"",""to"":""02:00"",""next_day"":true}],""wed"":[{""from"":""12:00"",""to"":""02:00"",""next_day"":true}],""thu"":[{""from"":""12:00"",""to"":""02:00"",""next_day"":true}],""fri"":[{""from"":""12:00"",""to"":""05:00"",""next_day"":true}],""sat"":[{""from"":""12:00"",""to"":""05:00"",""next_day"":true}],""sun"":[{""from"":""12:00"",""to"":""02:00"",""next_day"":true}]}}",afisha,https://www.afisha.ru/msk/restaurant/piri-piri-bar-495656/,True,2026-05-24T07:50:40+00:00,2026-05-24T07:50:40+00:00
afisha-msk-pizza-si-484920,Pizza? Si!,"Семейная римская пиццерия на «Рижской». Небольшое семейное заведение не в центре, рассчитанное на местных и на тех, кому не лень доехать до «Рижской». То есть буквально калька с пиццерий, которые мы обожаем, бывая за границей. Хозяева — Екатерина и Дмитрий Зотовы (бренд-шеф…","просп. Мира, 77, корп. 1",55.789937,37.634299,понедельник: 12:00–22:00; вторник: 12:00–22:00; среда: 12:00–22:00; четверг: 12:00–22:00; пятница: 12:00–22:00; суббота: 12:00–22:00; воскресенье: 12:00–22:00,"{""timezone"":""Europe/Moscow"",""weekly"":{""mon"":[{""from"":""12:00"",""to"":""22:00""}],""tue"":[{""from"":""12:00"",""to"":""22:00""}],""wed"":[{""from"":""12:00"",""to"":""22:00""}],""thu"":[{""from"":""12:00"",""to"":""22:00""}],""fri"":[{""from"":""12:00"",""to"":""22:00""}],""sat"":[{""from"":""12:00"",""to"":""22:00""}],""sun"":[{""from"":""12:00"",""to"":""22:00""}]}}",afisha,https://www.afisha.ru/msk/restaurant/pizza-si-484920/,True,2026-05-24T07:50:40+00:00,2026-05-24T07:50:40+00:00
afisha-msk-pomme-verte-1600791,Pomme verte,"Французское бистро на Пятницкой с уникальной коллекцией сидра. Проект ресторатора Сергея Гаспарова воссоздал в центре столичного Замоскворечья атмосферу настоящего нормандского ресторана с состаренным деревом, винтажной домашней утварью и старинным прессом для сидра. Концепция…","Пятницкая, 20, стр. 1",55.7417389,37.6282589,понедельник: 09:00–24:00; вторник: 09:00–24:00; среда: 09:00–24:00; четверг: 09:00–24:00; пятница: 09:00–24:00; суббота: 09:00–24:00; воскресенье: 09:00–24:00,"{""timezone"":""Europe/Moscow"",""weekly"":{""mon"":[{""from"":""09:00"",""to"":""00:00"",""next_day"":true}],""tue"":[{""from"":""09:00"",""to"":""00:00"",""next_day"":true}],""wed"":[{""from"":""09:00"",""to"":""00:00"",""next_day"":true}],""thu"":[{""from"":""09:00"",""to"":""00:00"",""next_day"":true}],""fri"":[{""from"":""09:00"",""to"":""00:00"",""next_day"":true}],""sat"":[{""from"":""09:00"",""to"":""00:00"",""next_day"":true}],""sun"":[{""from"":""09:00"",""to"":""00:00"",""next_day"":true}]}}",afisha,https://www.afisha.ru/msk/restaurant/pomme-verte-1600791/,True,2026-05-24T07:50:40+00:00,2026-05-24T07:50:40+00:00
afisha-msk-quadrum-259769,Quadrum,Итальянская кухня и вина в двух шагах от Красной площади,"Охотный Ряд, 2, гостиница Four Seasons Moscow, 2 этаж",55.7570055,37.6164526,понедельник: 17:00–23:00; вторник: 17:00–23:00; среда: 17:00–23:00; четверг: 17:00–23:00; пятница: 17:00–23:00; суббота: 17:00–23:00; воскресенье: 17:00–23:00,"{""timezone"":""Europe/Moscow"",""weekly"":{""mon"":[{""from"":""17:00"",""to"":""23:00""}],""tue"":[{""from"":""17:00"",""to"":""23:00""}],""wed"":[{""from"":""17:00"",""to"":""23:00""}],""thu"":[{""from"":""17:00"",""to"":""23:00""}],""fri"":[{""from"":""17:00"",""to"":""23:00""}],""sat"":[{""from"":""17:00"",""to"":""23:00""}],""sun"":[{""from"":""17:00"",""to"":""23:00""}]}}",afisha,https://www.afisha.ru/msk/restaurant/quadrum-259769/,True,2026-05-24T07:50:40+00:00,2026-05-24T07:50:40+00:00
afisha-msk-raw-to-go-briket-market-490730,Raw to Go,,"Цветной б-р, 15, стр. 1, универмаг «Цветной», фуд-корт «Брикет-маркет», 5 этаж",55.771145,37.620177,понедельник: 10:00–22:00; вторник: 10:00–22:00; среда: 10:00–22:00; четверг: 10:00–22:00; пятница: 10:00–22:00; суббота: 10:00–22:00; воскресенье: 12:00–22:00,"{""timezone"":""Europe/Moscow"",""weekly"":{""mon"":[{""from"":""10:00"",""to"":""22:00""}],""tue"":[{""from"":""10:00"",""to"":""22:00""}],""wed"":[{""from"":""10:00"",""to"":""22:00""}],""thu"":[{""from"":""10:00"",""to"":""22:00""}],""fri"":[{""from"":""10:00"",""to"":""22:00""}],""sat"":[{""from"":""10:00"",""to"":""22:00""}],""sun"":[{""from"":""12:00"",""to"":""22:00""}]}}",afisha,https://www.afisha.ru/msk/restaurant/raw-to-go-briket-market-490730/,True,2026-05-24T07:50:40+00:00,2026-05-24T07:50:40+00:00
afisha-msk-rebecca-bistro-497413,Rebecca Bistro,"Бистро в Хамовниках. Проект ресторатора Светланы Дробот и бренд-шефа Григория Чунихина, уже запустивших Linbistro на Остоженке и Ester на Большой Никитской. Практично составленное меню построено на кухне в стиле smart comfort food. Здесь много легких и овощных блюд, которые…","Ефремова, 10, корп. 1",55.7260186,37.574059,понедельник: 12:00–23:30; вторник: 12:00–23:30; среда: 12:00–23:30; четверг: 12:00–23:30; пятница: 12:00–23:30; суббота: 12:00–23:30; воскресенье: 12:00–23:30,"{""timezone"":""Europe/Moscow"",""weekly"":{""mon"":[{""from"":""12:00"",""to"":""23:30""}],""tue"":[{""from"":""12:00"",""to"":""23:30""}],""wed"":[{""from"":""12:00"",""to"":""23:30""}],""thu"":[{""from"":""12:00"",""to"":""23:30""}],""fri"":[{""from"":""12:00"",""to"":""23:30""}],""sat"":[{""from"":""12:00"",""to"":""23:30""}],""sun"":[{""from"":""12:00"",""to"":""23:30""}]}}",afisha,https://www.afisha.ru/msk/restaurant/rebecca-bistro-497413/,True,2026-05-24T07:50:40+00:00,2026-05-24T07:50:40+00:00
afisha-msk-rebellion-the-home-of-machines-1601486,Rébellion The Home of Machines,,"Ленинская Слобода, 26, БЦ «Омега-2»",55.7095804,37.6531706,понедельник: 08:00–22:00; вторник: 08:00–22:00; среда: 08:00–22:00; четверг: 08:00–22:00; пятница: 08:00–22:00; суббота: 09:00–23:00; воскресенье: 09:00–23:00,"{""timezone"":""Europe/Moscow"",""weekly"":{""mon"":[{""from"":""08:00"",""to"":""22:00""}],""tue"":[{""from"":""08:00"",""to"":""22:00""}],""wed"":[{""from"":""08:00"",""to"":""22:00""}],""thu"":[{""from"":""08:00"",""to"":""22:00""}],""fri"":[{""from"":""08:00"",""to"":""22:00""}],""sat"":[{""from"":""09:00"",""to"":""23:00""}],""sun"":[{""from"":""09:00"",""to"":""23:00""}]}}",afisha,https://www.afisha.ru/msk/restaurant/rebellion-the-home-of-machines-1601486/,True,2026-05-24T07:50:40+00:00,2026-05-24T07:50:40+00:00
afisha-msk-rebellion-clubhouse-the-palace-of-youth-1601485,Rébellion The Palace of Youth,,"Комсомольский просп., 24, ТЦ «К24»",55.728291,37.5802985,понедельник: 10:00–22:00; вторник: 10:00–22:00; среда: 10:00–22:00; четверг: 10:00–22:00; пятница: 10:00–22:00; суббота: 08:00–23:00; воскресенье: 08:00–23:00,"{""timezone"":""Europe/Moscow"",""weekly"":{""mon"":[{""from"":""10:00"",""to"":""22:00""}],""tue"":[{""from"":""10:00"",""to"":""22:00""}],""wed"":[{""from"":""10:00"",""to"":""22:00""}],""thu"":[{""from"":""10:00"",""to"":""22:00""}],""fri"":[{""from"":""10:00"",""to"":""22:00""}],""sat"":[{""from"":""08:00"",""to"":""23:00""}],""sun"":[{""from"":""08:00"",""to"":""23:00""}]}}",afisha,https://www.afisha.ru/msk/restaurant/rebellion-clubhouse-the-palace-of-youth-1601485/,True,2026-05-24T07:50:40+00:00,2026-05-24T07:50:40+00:00
afisha-msk-restaurant-by-deep-fried-friends-495107,Restaurant by Deep Fried Friends,"Ресторан от создателей легендарных вечеринок. Пятеро друзей (Ваня Попов, Леша Морозов, Марко Михич-Ефтич, Артур Семков и Денис Кряжев), которых многие знают по нашумевшим тусовкам на Тверском бульваре, открыли свой первый ресторан. Внутри: винная зона, два зала (первый —…","Яузская, 10/2, стр. 4",55.7464364,37.6473251,понедельник: 12:00–24:00; вторник: 12:00–24:00; среда: 12:00–24:00; четверг: 12:00–24:00; пятница: 12:00–05:00; суббота: 12:00–05:00; воскресенье: 12:00–24:00,"{""timezone"":""Europe/Moscow"",""weekly"":{""mon"":[{""from"":""12:00"",""to"":""00:00"",""next_day"":true}],""tue"":[{""from"":""12:00"",""to"":""00:00"",""next_day"":true}],""wed"":[{""from"":""12:00"",""to"":""00:00"",""next_day"":true}],""thu"":[{""from"":""12:00"",""to"":""00:00"",""next_day"":true}],""fri"":[{""from"":""12:00"",""to"":""05:00"",""next_day"":true}],""sat"":[{""from"":""12:00"",""to"":""05:00"",""next_day"":true}],""sun"":[{""from"":""12:00"",""to"":""00:00"",""next_day"":true}]}}",afisha,https://www.afisha.ru/msk/restaurant/restaurant-by-deep-fried-friends-495107/,True,2026-05-24T07:50:40+00:00,2026-05-24T07:50:40+00:00
afisha-msk-ribambelle-cafe-shop-serdtse-stolitsy-494943,Ribambelle Сердце столицы,,"Шелепихинская наб., 34, корп. 1, ЖК «Сердце столицы»",55.7613288,37.5124743,понедельник: 10:00–22:00; вторник: 10:00–22:00; среда: 10:00–22:00; четверг: 10:00–22:00; пятница: 10:00–22:00; суббота: 10:00–22:00; воскресенье: 10:00–22:00,"{""timezone"":""Europe/Moscow"",""weekly"":{""mon"":[{""from"":""10:00"",""to"":""22:00""}],""tue"":[{""from"":""10:00"",""to"":""22:00""}],""wed"":[{""from"":""10:00"",""to"":""22:00""}],""thu"":[{""from"":""10:00"",""to"":""22:00""}],""fri"":[{""from"":""10:00"",""to"":""22:00""}],""sat"":[{""from"":""10:00"",""to"":""22:00""}],""sun"":[{""from"":""10:00"",""to"":""22:00""}]}}",afisha,https://www.afisha.ru/msk/restaurant/ribambelle-cafe-shop-serdtse-stolitsy-494943/,True,2026-05-24T07:50:40+00:00,2026-05-24T07:50:40+00:00
afisha-msk-riesling-boyz-493644,Riesling Boyz,"50 оттенков рислинга на Сретенке. Винное бистро на Сретенке, открытое Дмитрием Левицким и Гошей Карпенко. Стильный интерьер (по задумке владельцев похожий на модные апартаменты холостяка), гастрономичная еда, винил по пятницам и субботам, и винная карта, в которой собрано более…","Сретенка, 16/2",55.7684355,37.6321086,понедельник: 12:00–24:00; вторник: 12:00–24:00; среда: 12:00–24:00; четверг: 12:00–24:00; пятница: 12:00–02:00; суббота: 12:00–02:00; воскресенье: 12:00–24:00,"{""timezone"":""Europe/Moscow"",""weekly"":{""mon"":[{""from"":""12:00"",""to"":""00:00"",""next_day"":true}],""tue"":[{""from"":""12:00"",""to"":""00:00"",""next_day"":true}],""wed"":[{""from"":""12:00"",""to"":""00:00"",""next_day"":true}],""thu"":[{""from"":""12:00"",""to"":""00:00"",""next_day"":true}],""fri"":[{""from"":""12:00"",""to"":""02:00"",""next_day"":true}],""sat"":[{""from"":""12:00"",""to"":""02:00"",""next_day"":true}],""sun"":[{""from"":""12:00"",""to"":""00:00"",""next_day"":true}]}}",afisha,https://www.afisha.ru/msk/restaurant/riesling-boyz-493644/,True,2026-05-24T07:50:40+00:00,2026-05-24T07:50:40+00:00
afisha-msk-rishon-493403,Rishon,Кафе в Еврейском музее и Центре толерантности. Кафе в Еврейском музее и Центре толерантности со строгими правилами питания. Слово rishon с иврита переводится на русский как «первый». В определении как минимум два смысла: первый уровень кашрута и первое Москве кафе с подобным…,"Образцова, 11, стр. 1а, Еврейский музей",55.789244,37.608086,понедельник: 12:00–22:00; вторник: 12:00–22:00; среда: 12:00–22:00; четверг: 12:00–22:00; пятница: 10:00–15:00; воскресенье: 12:00–22:00,"{""timezone"":""Europe/Moscow"",""weekly"":{""mon"":[{""from"":""12:00"",""to"":""22:00""}],""tue"":[{""from"":""12:00"",""to"":""22:00""}],""wed"":[{""from"":""12:00"",""to"":""22:00""}],""thu"":[{""from"":""12:00"",""to"":""22:00""}],""fri"":[{""from"":""10:00"",""to"":""15:00""}],""sun"":[{""from"":""12:00"",""to"":""22:00""}]}}",afisha,https://www.afisha.ru/msk/restaurant/rishon-493403/,True,2026-05-24T07:50:40+00:00,2026-05-24T07:50:40+00:00
afisha-msk-rizz-1600077,Rizz,,"Пятницкая, 24",55.7412351,37.6282735,понедельник: 12:00–02:00; вторник: 12:00–02:00; среда: 12:00–02:00; четверг: 12:00–02:00; пятница: 12:00–04:00; суббота: 12:00–04:00; воскресенье: 12:00–02:00,"{""timezone"":""Europe/Moscow"",""weekly"":{""mon"":[{""from"":""12:00"",""to"":""02:00"",""next_day"":true}],""tue"":[{""from"":""12:00"",""to"":""02:00"",""next_day"":true}],""wed"":[{""from"":""12:00"",""to"":""02:00"",""next_day"":true}],""thu"":[{""from"":""12:00"",""to"":""02:00"",""next_day"":true}],""fri"":[{""from"":""12:00"",""to"":""04:00"",""next_day"":true}],""sat"":[{""from"":""12:00"",""to"":""04:00"",""next_day"":true}],""sun"":[{""from"":""12:00"",""to"":""02:00"",""next_day"":true}]}}",afisha,https://www.afisha.ru/msk/restaurant/rizz-1600077/,True,2026-05-24T07:50:40+00:00,2026-05-24T07:50:40+00:00
afisha-msk-sabor-de-la-vida-48398,Sabor de la vida,"Ресторан, сигарный клуб и винный магазин на улице 1905 года. Ресторан, сигарный клуб и винный магазин на улице 1905 года. Название Sabor de la vida — прямая отсылка к марке сигар, которую владелец и идеолог проекта Микаел Адамян производит на своей сигарной фабрике. Ресторан…","ул. 1905 года, 10, стр. 1",55.7680282,37.558617,понедельник: 10:00–24:00; вторник: 10:00–24:00; среда: 10:00–24:00; четверг: 10:00–24:00; пятница: 10:00–24:00; суббота: 10:00–24:00; воскресенье: 10:00–24:00,"{""timezone"":""Europe/Moscow"",""weekly"":{""mon"":[{""from"":""10:00"",""to"":""00:00"",""next_day"":true}],""tue"":[{""from"":""10:00"",""to"":""00:00"",""next_day"":true}],""wed"":[{""from"":""10:00"",""to"":""00:00"",""next_day"":true}],""thu"":[{""from"":""10:00"",""to"":""00:00"",""next_day"":true}],""fri"":[{""from"":""10:00"",""to"":""00:00"",""next_day"":true}],""sat"":[{""from"":""10:00"",""to"":""00:00"",""next_day"":true}],""sun"":[{""from"":""10:00"",""to"":""00:00"",""next_day"":true}]}}",afisha,https://www.afisha.ru/msk/restaurant/sabor-de-la-vida-48398/,True,2026-05-24T07:50:40+00:00,2026-05-24T07:50:40+00:00
afisha-msk-san-si-1600429,San Si,,"Петровка, 15, стр. 1",55.7636507,37.6168655,понедельник: 12:00–24:00; вторник: 12:00–24:00; среда: 12:00–24:00; четверг: 12:00–24:00; пятница: 12:00–24:00; суббота: 12:00–24:00; воскресенье: 12:00–24:00,"{""timezone"":""Europe/Moscow"",""weekly"":{""mon"":[{""from"":""12:00"",""to"":""00:00"",""next_day"":true}],""tue"":[{""from"":""12:00"",""to"":""00:00"",""next_day"":true}],""wed"":[{""from"":""12:00"",""to"":""00:00"",""next_day"":true}],""thu"":[{""from"":""12:00"",""to"":""00:00"",""next_day"":true}],""fri"":[{""from"":""12:00"",""to"":""00:00"",""next_day"":true}],""sat"":[{""from"":""12:00"",""to"":""00:00"",""next_day"":true}],""sun"":[{""from"":""12:00"",""to"":""00:00"",""next_day"":true}]}}",afisha,https://www.afisha.ru/msk/restaurant/san-si-1600429/,True,2026-05-24T07:50:40+00:00,2026-05-24T07:50:40+00:00
afisha-msk-sapiens-496685,Sapiens,"Концептуальный ресторан с авторской кухней Ильи Благовещенского. Ресторан от создателей Sempre в деловом квартале «Красная Роза» в Хамовниках. Два этажа, 500 квадратных метров и самобытный интерьер с каменными столами, гротом, валунами на потолке и бурной флористикой. На кухне…","Льва Толстого, 16, ДК «Красная Роза», БЦ «Морозов», вход с ул. Тимура Фрунзе",55.7336567,37.5875658,понедельник: 09:00–24:00; вторник: 09:00–24:00; среда: 09:00–24:00; четверг: 09:00–24:00; пятница: 09:00–24:00; суббота: 09:00–24:00; воскресенье: 09:00–24:00,"{""timezone"":""Europe/Moscow"",""weekly"":{""mon"":[{""from"":""09:00"",""to"":""00:00"",""next_day"":true}],""tue"":[{""from"":""09:00"",""to"":""00:00"",""next_day"":true}],""wed"":[{""from"":""09:00"",""to"":""00:00"",""next_day"":true}],""thu"":[{""from"":""09:00"",""to"":""00:00"",""next_day"":true}],""fri"":[{""from"":""09:00"",""to"":""00:00"",""next_day"":true}],""sat"":[{""from"":""09:00"",""to"":""00:00"",""next_day"":true}],""sun"":[{""from"":""09:00"",""to"":""00:00"",""next_day"":true}]}}",afisha,https://www.afisha.ru/msk/restaurant/sapiens-496685/,True,2026-05-24T07:50:40+00:00,2026-05-24T07:50:40+00:00
afisha-msk-sattva-495121,Sattva,,"Тверская, 20",55.7667161,37.6022768,понедельник: 08:00–23:00; вторник: 08:00–23:00; среда: 08:00–23:00; четверг: 08:00–23:00; пятница: 08:00–23:00; суббота: 08:00–23:00; воскресенье: 08:00–23:00,"{""timezone"":""Europe/Moscow"",""weekly"":{""mon"":[{""from"":""08:00"",""to"":""23:00""}],""tue"":[{""from"":""08:00"",""to"":""23:00""}],""wed"":[{""from"":""08:00"",""to"":""23:00""}],""thu"":[{""from"":""08:00"",""to"":""23:00""}],""fri"":[{""from"":""08:00"",""to"":""23:00""}],""sat"":[{""from"":""08:00"",""to"":""23:00""}],""sun"":[{""from"":""08:00"",""to"":""23:00""}]}}",afisha,https://www.afisha.ru/msk/restaurant/sattva-495121/,True,2026-05-24T07:50:40+00:00,2026-05-24T07:50:40+00:00
afisha-msk-saviv-496727,Saviv,"Ресторан Антонио Фрезы с ближневосточной и средиземноморской кухней. Филиал петербургского бистро Saviv на площади Петровских ворот открыл шеф-итальянец Антонио Фреза на первом этаже исторического здания двухэтажной гостиницы, построенной, кстати, в самом начале XIX века по…","Петровка, 30/7",55.7681246,37.6141478,понедельник: 10:00–24:00; вторник: 10:00–24:00; среда: 10:00–24:00; четверг: 10:00–24:00; пятница: 10:00–24:00; суббота: 10:00–24:00; воскресенье: 10:00–24:00,"{""timezone"":""Europe/Moscow"",""weekly"":{""mon"":[{""from"":""10:00"",""to"":""00:00"",""next_day"":true}],""tue"":[{""from"":""10:00"",""to"":""00:00"",""next_day"":true}],""wed"":[{""from"":""10:00"",""to"":""00:00"",""next_day"":true}],""thu"":[{""from"":""10:00"",""to"":""00:00"",""next_day"":true}],""fri"":[{""from"":""10:00"",""to"":""00:00"",""next_day"":true}],""sat"":[{""from"":""10:00"",""to"":""00:00"",""next_day"":true}],""sun"":[{""from"":""10:00"",""to"":""00:00"",""next_day"":true}]}}",afisha,https://www.afisha.ru/msk/restaurant/saviv-496727/,True,2026-05-24T07:50:40+00:00,2026-05-24T07:50:40+00:00
afisha-msk-scrocchiarella-409747,Scrocchiarella,,"Никитский б-р, 12",55.7561298,37.599985,понедельник: 10:00–24:00; вторник: 10:00–24:00; среда: 10:00–24:00; четверг: 10:00–24:00; пятница: 10:00–24:00; суббота: 10:00–24:00; воскресенье: 10:00–24:00,"{""timezone"":""Europe/Moscow"",""weekly"":{""mon"":[{""from"":""10:00"",""to"":""00:00"",""next_day"":true}],""tue"":[{""from"":""10:00"",""to"":""00:00"",""next_day"":true}],""wed"":[{""from"":""10:00"",""to"":""00:00"",""next_day"":true}],""thu"":[{""from"":""10:00"",""to"":""00:00"",""next_day"":true}],""fri"":[{""from"":""10:00"",""to"":""00:00"",""next_day"":true}],""sat"":[{""from"":""10:00"",""to"":""00:00"",""next_day"":true}],""sun"":[{""from"":""10:00"",""to"":""00:00"",""next_day"":true}]}}",afisha,https://www.afisha.ru/msk/restaurant/scrocchiarella-409747/,True,2026-05-24T07:50:40+00:00,2026-05-24T07:50:40+00:00
afisha-msk-segreto-495014,Segreto Bar,"Giovanni Negroni и тайная комната. Камерный коктейльный бар в Благовещенском переулке, где звучит винил с песнями Beatles и Аллы Пугачевой. Барной карты как таковой нет: все напитки готовятся с учетом индивидуальных пожеланий гостей, так что это идеальное место для вкусовых…","Благовещенский пер., 10, стр. 2, 1 этаж",55.767518,37.5985471,среда: 18:00–24:00; четверг: 18:00–24:00; пятница: 18:00–03:00; суббота: 18:00–03:00; воскресенье: 18:00–24:00,"{""timezone"":""Europe/Moscow"",""weekly"":{""wed"":[{""from"":""18:00"",""to"":""00:00"",""next_day"":true}],""thu"":[{""from"":""18:00"",""to"":""00:00"",""next_day"":true}],""fri"":[{""from"":""18:00"",""to"":""03:00"",""next_day"":true}],""sat"":[{""from"":""18:00"",""to"":""03:00"",""next_day"":true}],""sun"":[{""from"":""18:00"",""to"":""00:00"",""next_day"":true}]}}",afisha,https://www.afisha.ru/msk/restaurant/segreto-495014/,True,2026-05-24T07:50:40+00:00,2026-05-24T07:50:40+00:00
afisha-msk-septa-494278,Septa,1000 вин и авторские коктейли в Филях. Атмосферный бар и винотека с уникальной подборкой вин со всего света и кухней шеф-повара Ярослава Иншакова.,"Б.Филевская, 4",55.7536584,37.5123685,понедельник: 11:00–23:00; вторник: 11:00–23:00; среда: 11:00–23:00; четверг: 11:00–23:00; пятница: 11:00–24:00; суббота: 11:00–24:00; воскресенье: 11:00–23:00,"{""timezone"":""Europe/Moscow"",""weekly"":{""mon"":[{""from"":""11:00"",""to"":""23:00""}],""tue"":[{""from"":""11:00"",""to"":""23:00""}],""wed"":[{""from"":""11:00"",""to"":""23:00""}],""thu"":[{""from"":""11:00"",""to"":""23:00""}],""fri"":[{""from"":""11:00"",""to"":""00:00"",""next_day"":true}],""sat"":[{""from"":""11:00"",""to"":""00:00"",""next_day"":true}],""sun"":[{""from"":""11:00"",""to"":""23:00""}]}}",afisha,https://www.afisha.ru/msk/restaurant/septa-494278/,True,2026-05-24T07:50:40+00:00,2026-05-24T07:50:40+00:00
afisha-msk-share-493484,Share,Атмосферное бистро с авторской кухней шеф-повара из Петербурга,"Вознесенский пер., 5, стр. 1",55.757551,37.603711,понедельник: 08:00–24:00; вторник: 08:00–24:00; среда: 08:00–24:00; четверг: 08:00–24:00; пятница: 08:00–24:00; суббота: 10:00–24:00; воскресенье: 10:00–24:00,"{""timezone"":""Europe/Moscow"",""weekly"":{""mon"":[{""from"":""08:00"",""to"":""00:00"",""next_day"":true}],""tue"":[{""from"":""08:00"",""to"":""00:00"",""next_day"":true}],""wed"":[{""from"":""08:00"",""to"":""00:00"",""next_day"":true}],""thu"":[{""from"":""08:00"",""to"":""00:00"",""next_day"":true}],""fri"":[{""from"":""08:00"",""to"":""00:00"",""next_day"":true}],""sat"":[{""from"":""10:00"",""to"":""00:00"",""next_day"":true}],""sun"":[{""from"":""10:00"",""to"":""00:00"",""next_day"":true}]}}",afisha,https://www.afisha.ru/msk/restaurant/share-493484/,True,2026-05-24T07:50:40+00:00,2026-05-24T07:50:40+00:00
afisha-msk-she-493719,She,"Инновационное бистро Бориса Зарькова и Ксении Собчак. Автор интерьера из стекла, бетона и дерева — художница Наталья Белоногова. В качестве главной инновации в She выступает бренд-шеф-феминистка-аватар Саша Вайнер. Меню создано при помощи искусственного интеллекта, но под чутким…","Б.Никитская, 15, стр. 1",55.7566705,37.6037126,понедельник: 08:00–24:00; вторник: 08:00–24:00; среда: 08:00–24:00; четверг: 08:00–24:00; пятница: 08:00–02:00; суббота: 08:00–02:00; воскресенье: 08:00–24:00,"{""timezone"":""Europe/Moscow"",""weekly"":{""mon"":[{""from"":""08:00"",""to"":""00:00"",""next_day"":true}],""tue"":[{""from"":""08:00"",""to"":""00:00"",""next_day"":true}],""wed"":[{""from"":""08:00"",""to"":""00:00"",""next_day"":true}],""thu"":[{""from"":""08:00"",""to"":""00:00"",""next_day"":true}],""fri"":[{""from"":""08:00"",""to"":""02:00"",""next_day"":true}],""sat"":[{""from"":""08:00"",""to"":""02:00"",""next_day"":true}],""sun"":[{""from"":""08:00"",""to"":""00:00"",""next_day"":true}]}}",afisha,https://www.afisha.ru/msk/restaurant/she-493719/,True,2026-05-24T07:50:40+00:00,2026-05-24T07:50:40+00:00
afisha-msk-she-497402,She,"Второй ресторан Ксении Собчак и альянса White Rabbit Family на Белой площади. Искусственный интеллект поглощает столицу: меню от виртуального шеф-повара Саши Вайнер, придумки главы ресторанного альянса WRF Бориса Зарькова и Ксении Собчак, теперь можно пробовать на Белой площади.…","Бутырский Вал, 10",55.7785213,37.5861239,понедельник: 08:00–24:00; вторник: 08:00–24:00; среда: 08:00–24:00; четверг: 08:00–24:00; пятница: 08:00–24:00; суббота: 08:00–24:00; воскресенье: 08:00–24:00,"{""timezone"":""Europe/Moscow"",""weekly"":{""mon"":[{""from"":""08:00"",""to"":""00:00"",""next_day"":true}],""tue"":[{""from"":""08:00"",""to"":""00:00"",""next_day"":true}],""wed"":[{""from"":""08:00"",""to"":""00:00"",""next_day"":true}],""thu"":[{""from"":""08:00"",""to"":""00:00"",""next_day"":true}],""fri"":[{""from"":""08:00"",""to"":""00:00"",""next_day"":true}],""sat"":[{""from"":""08:00"",""to"":""00:00"",""next_day"":true}],""sun"":[{""from"":""08:00"",""to"":""00:00"",""next_day"":true}]}}",afisha,https://www.afisha.ru/msk/restaurant/she-497402/,True,2026-05-24T07:50:40+00:00,2026-05-24T07:50:40+00:00
afisha-msk-shevol-496184,Shevol de Rustic,"Ресторан с фермерскими сырами на ВДНХ. Олеся Шевчук (основатель школы сыроделия Cheeseschool) и Рустам Агдаров придумали новую часть семейного бизнеса, построенного вокруг сыра. Нетрудно догадаться, что сыр — главный ингредиент блюд этого ресторана. Его добавляют не только в…","просп. Мира, 119, стр. 323, ВДНХ",55.8363266,37.6280243,понедельник: 12:00–22:00; вторник: 12:00–22:00; среда: 12:00–22:00; четверг: 12:00–22:00; пятница: 12:00–22:00; суббота: 12:00–22:00; воскресенье: 12:00–22:00,"{""timezone"":""Europe/Moscow"",""weekly"":{""mon"":[{""from"":""12:00"",""to"":""22:00""}],""tue"":[{""from"":""12:00"",""to"":""22:00""}],""wed"":[{""from"":""12:00"",""to"":""22:00""}],""thu"":[{""from"":""12:00"",""to"":""22:00""}],""fri"":[{""from"":""12:00"",""to"":""22:00""}],""sat"":[{""from"":""12:00"",""to"":""22:00""}],""sun"":[{""from"":""12:00"",""to"":""22:00""}]}}",afisha,https://www.afisha.ru/msk/restaurant/shevol-496184/,True,2026-05-24T07:50:40+00:00,2026-05-24T07:50:40+00:00
afisha-msk-shiba-410880,Shiba,"Японский ресторан от Новикова на Патриарших. Небольшой, всего на 56 плотно сидящих гостей, ресторан в Б.Палашевском переулке, прямо напротив Pinch. В меню — как бы привычные москвичам японские блюда, однако при ближайшем рассмотрении все оказывается не так просто. Готовят очень…","Б.Палашевский пер., 1/14, стр. 1",55.7636289,37.5970557,понедельник: 12:00–23:00; вторник: 12:00–23:00; среда: 12:00–23:00; четверг: 12:00–23:00; пятница: 12:00–23:00; суббота: 12:00–23:00; воскресенье: 12:00–23:00,"{""timezone"":""Europe/Moscow"",""weekly"":{""mon"":[{""from"":""12:00"",""to"":""23:00""}],""tue"":[{""from"":""12:00"",""to"":""23:00""}],""wed"":[{""from"":""12:00"",""to"":""23:00""}],""thu"":[{""from"":""12:00"",""to"":""23:00""}],""fri"":[{""from"":""12:00"",""to"":""23:00""}],""sat"":[{""from"":""12:00"",""to"":""23:00""}],""sun"":[{""from"":""12:00"",""to"":""23:00""}]}}",afisha,https://www.afisha.ru/msk/restaurant/shiba-410880/,True,2026-05-24T07:50:40+00:00,2026-05-24T07:50:40+00:00
afisha-msk-siberia-519061,Siberia,,"Образцова, 31, стр. 3",55.7924575,37.6089403,понедельник: 10:00–24:00; вторник: 10:00–24:00; среда: 10:00–24:00; четверг: 10:00–24:00; пятница: 10:00–24:00; суббота: 10:00–24:00; воскресенье: 10:00–24:00,"{""timezone"":""Europe/Moscow"",""weekly"":{""mon"":[{""from"":""10:00"",""to"":""00:00"",""next_day"":true}],""tue"":[{""from"":""10:00"",""to"":""00:00"",""next_day"":true}],""wed"":[{""from"":""10:00"",""to"":""00:00"",""next_day"":true}],""thu"":[{""from"":""10:00"",""to"":""00:00"",""next_day"":true}],""fri"":[{""from"":""10:00"",""to"":""00:00"",""next_day"":true}],""sat"":[{""from"":""10:00"",""to"":""00:00"",""next_day"":true}],""sun"":[{""from"":""10:00"",""to"":""00:00"",""next_day"":true}]}}",afisha,https://www.afisha.ru/msk/restaurant/siberia-519061/,True,2026-05-24T07:50:40+00:00,2026-05-24T07:50:40+00:00
afisha-msk-simach-v-nedalnem-493261,Simach в Недальнем,"Ресторан, бар и клуб, объединяющие поколения. В некотором смысле лебединая песня двух старинных московских проектов: ресторана Аркадия Новикова «Недальний Восток» и клуба Shop & Bar Denis Simachev. Клуб был закрыт в апреле 2019-го. «Недальний Восток» несколько раз пытался…","Тверской б-р, 15, стр. 2",55.760616,37.600217,понедельник: 16:00–24:00; вторник: 16:00–24:00; среда: 16:00–24:00; четверг: 16:00–05:00; пятница: 16:00–05:00; суббота: 16:00–05:00; воскресенье: 16:00–24:00,"{""timezone"":""Europe/Moscow"",""weekly"":{""mon"":[{""from"":""16:00"",""to"":""00:00"",""next_day"":true}],""tue"":[{""from"":""16:00"",""to"":""00:00"",""next_day"":true}],""wed"":[{""from"":""16:00"",""to"":""00:00"",""next_day"":true}],""thu"":[{""from"":""16:00"",""to"":""05:00"",""next_day"":true}],""fri"":[{""from"":""16:00"",""to"":""05:00"",""next_day"":true}],""sat"":[{""from"":""16:00"",""to"":""05:00"",""next_day"":true}],""sun"":[{""from"":""16:00"",""to"":""00:00"",""next_day"":true}]}}",afisha,https://www.afisha.ru/msk/restaurant/simach-v-nedalnem-493261/,True,2026-05-24T07:50:40+00:00,2026-05-24T07:50:40+00:00
afisha-msk-smash-point-1600890,Smash Point,,"Б.Бронная, 25, стр. 3",55.7636795,37.6019591,понедельник: 12:00–23:00; вторник: 12:00–23:00; среда: 12:00–23:00; четверг: 12:00–23:00; пятница: 12:00–23:00; суббота: 12:00–23:00; воскресенье: 12:00–23:00,"{""timezone"":""Europe/Moscow"",""weekly"":{""mon"":[{""from"":""12:00"",""to"":""23:00""}],""tue"":[{""from"":""12:00"",""to"":""23:00""}],""wed"":[{""from"":""12:00"",""to"":""23:00""}],""thu"":[{""from"":""12:00"",""to"":""23:00""}],""fri"":[{""from"":""12:00"",""to"":""23:00""}],""sat"":[{""from"":""12:00"",""to"":""23:00""}],""sun"":[{""from"":""12:00"",""to"":""23:00""}]}}",afisha,https://www.afisha.ru/msk/restaurant/smash-point-1600890/,True,2026-05-24T07:50:40+00:00,2026-05-24T07:50:40+00:00
afisha-msk-soma-496579,Soma,"Загадочное существо на Трубной. Ресторан, названный в честь священного в ведийской культуре напитка, открыли пятеро друзей: Олег Цой (Social Club Moscow, «ладо»), Михаил Пугачев (Mitzva Bar, Less Sugar Bar), Павел Ница («Антикварный Boutique & Bar»), Виталий Кучура (Spice Nepal,…","Петровский б-р, 14",55.767094,37.619836,понедельник: 12:00–24:00; вторник: 12:00–24:00; среда: 12:00–24:00; четверг: 12:00–24:00; пятница: 12:00–02:00; суббота: 12:00–02:00; воскресенье: 12:00–24:00,"{""timezone"":""Europe/Moscow"",""weekly"":{""mon"":[{""from"":""12:00"",""to"":""00:00"",""next_day"":true}],""tue"":[{""from"":""12:00"",""to"":""00:00"",""next_day"":true}],""wed"":[{""from"":""12:00"",""to"":""00:00"",""next_day"":true}],""thu"":[{""from"":""12:00"",""to"":""00:00"",""next_day"":true}],""fri"":[{""from"":""12:00"",""to"":""02:00"",""next_day"":true}],""sat"":[{""from"":""12:00"",""to"":""02:00"",""next_day"":true}],""sun"":[{""from"":""12:00"",""to"":""00:00"",""next_day"":true}]}}",afisha,https://www.afisha.ru/msk/restaurant/soma-496579/,True,2026-05-24T07:50:40+00:00,2026-05-24T07:50:40+00:00
afisha-msk-soul-in-the-bowl-455638,Soul in the Bowl,,"Пресненская наб., 8, стр. 1, ММДЦ «Москва-Сити», башня «Город столиц»",55.747115,37.539078,понедельник: 10:00–21:00; вторник: 10:00–21:00; среда: 10:00–21:00; четверг: 10:00–21:00; пятница: 10:00–21:00; суббота: 12:00–21:00; воскресенье: 12:00–21:00,"{""timezone"":""Europe/Moscow"",""weekly"":{""mon"":[{""from"":""10:00"",""to"":""21:00""}],""tue"":[{""from"":""10:00"",""to"":""21:00""}],""wed"":[{""from"":""10:00"",""to"":""21:00""}],""thu"":[{""from"":""10:00"",""to"":""21:00""}],""fri"":[{""from"":""10:00"",""to"":""21:00""}],""sat"":[{""from"":""12:00"",""to"":""21:00""}],""sun"":[{""from"":""12:00"",""to"":""21:00""}]}}",afisha,https://www.afisha.ru/msk/restaurant/soul-in-the-bowl-455638/,True,2026-05-24T07:50:40+00:00,2026-05-24T07:50:40+00:00
afisha-msk-stim-coffee-493725,Stim Coffee,"Сырники во главе стола. Удивительное место в Басманном дворе — конечно же, родом из Санкт-Петербурга. В Stim готовят больше дюжины версий сырников, вдохновленных героями кино и сериалов. Есть «Одри» (из «Твин Пикс») с вишней, маком и посыпкой из орео, «Росс» («Друзья») из…","Спартаковская пл., 16/15, стр. 4",55.7760522,37.6780655,понедельник: 09:00–20:00; вторник: 09:00–20:00; среда: 09:00–20:00; четверг: 09:00–20:00; пятница: 09:00–20:00; суббота: 09:00–20:00; воскресенье: 09:00–20:00,"{""timezone"":""Europe/Moscow"",""weekly"":{""mon"":[{""from"":""09:00"",""to"":""20:00""}],""tue"":[{""from"":""09:00"",""to"":""20:00""}],""wed"":[{""from"":""09:00"",""to"":""20:00""}],""thu"":[{""from"":""09:00"",""to"":""20:00""}],""fri"":[{""from"":""09:00"",""to"":""20:00""}],""sat"":[{""from"":""09:00"",""to"":""20:00""}],""sun"":[{""from"":""09:00"",""to"":""20:00""}]}}",afisha,https://www.afisha.ru/msk/restaurant/stim-coffee-493725/,True,2026-05-24T07:50:40+00:00,2026-05-24T07:50:40+00:00
afisha-msk-substance-1600657,Substance Kebab,,"Красноказарменная, 19",55.7540331,37.7102475,понедельник: 12:00–23:00; вторник: 12:00–23:00; среда: 12:00–23:00; четверг: 12:00–23:00; пятница: 12:00–23:00; суббота: 12:00–23:00; воскресенье: 12:00–23:00,"{""timezone"":""Europe/Moscow"",""weekly"":{""mon"":[{""from"":""12:00"",""to"":""23:00""}],""tue"":[{""from"":""12:00"",""to"":""23:00""}],""wed"":[{""from"":""12:00"",""to"":""23:00""}],""thu"":[{""from"":""12:00"",""to"":""23:00""}],""fri"":[{""from"":""12:00"",""to"":""23:00""}],""sat"":[{""from"":""12:00"",""to"":""23:00""}],""sun"":[{""from"":""12:00"",""to"":""23:00""}]}}",afisha,https://www.afisha.ru/msk/restaurant/substance-1600657/,True,2026-05-24T07:50:40+00:00,2026-05-24T07:50:40+00:00
afisha-msk-subzero-493230,Subzero,"Пышно-нарядная японская еда. Флагманский ресторан проекта из Санкт-Петербурга в Москве. Subzero специализируется на японской кухне с поправкой на интересы и капризы жителей средней полосы, и в этом, собственно, заключается успешность всей затеи в двух городах. Пышно-нарядная…","Петровка, 30/7",55.768071,37.614401,понедельник: 12:00–24:00; вторник: 12:00–24:00; среда: 12:00–24:00; четверг: 12:00–24:00; пятница: 12:00–24:00; суббота: 12:00–24:00; воскресенье: 12:00–24:00,"{""timezone"":""Europe/Moscow"",""weekly"":{""mon"":[{""from"":""12:00"",""to"":""00:00"",""next_day"":true}],""tue"":[{""from"":""12:00"",""to"":""00:00"",""next_day"":true}],""wed"":[{""from"":""12:00"",""to"":""00:00"",""next_day"":true}],""thu"":[{""from"":""12:00"",""to"":""00:00"",""next_day"":true}],""fri"":[{""from"":""12:00"",""to"":""00:00"",""next_day"":true}],""sat"":[{""from"":""12:00"",""to"":""00:00"",""next_day"":true}],""sun"":[{""from"":""12:00"",""to"":""00:00"",""next_day"":true}]}}",afisha,https://www.afisha.ru/msk/restaurant/subzero-493230/,True,2026-05-24T07:50:40+00:00,2026-05-24T07:50:40+00:00
afisha-msk-sugar-bistro-1601028,Sugar Bistro,,"Филипповский пер., 15/5",55.7506098,37.5985333,понедельник: 09:00–23:00; вторник: 09:00–23:00; среда: 09:00–23:00; четверг: 09:00–23:00; пятница: 09:00–23:00; суббота: 09:00–23:00; воскресенье: 09:00–23:00,"{""timezone"":""Europe/Moscow"",""weekly"":{""mon"":[{""from"":""09:00"",""to"":""23:00""}],""tue"":[{""from"":""09:00"",""to"":""23:00""}],""wed"":[{""from"":""09:00"",""to"":""23:00""}],""thu"":[{""from"":""09:00"",""to"":""23:00""}],""fri"":[{""from"":""09:00"",""to"":""23:00""}],""sat"":[{""from"":""09:00"",""to"":""23:00""}],""sun"":[{""from"":""09:00"",""to"":""23:00""}]}}",afisha,https://www.afisha.ru/msk/restaurant/sugar-bistro-1601028/,True,2026-05-24T07:50:40+00:00,2026-05-24T07:50:40+00:00
afisha-msk-summer-punch-1600847,Summer Punch,"Азиатский проект стендап-комика Сергея Орлова. Summer Punch в Столешниковом переулке — первый московский поп ап проект комика Сергея Орлова. В меню — фирменные сендвичи, рамены, поке, рис в разных вариациях, попкорн из креветок и много чего еще. На десерт можно заказать моти с…","Столешников пер., 8",55.7621664,37.612877,понедельник: 12:00–24:00; вторник: 12:00–24:00; среда: 12:00–24:00; четверг: 12:00–24:00; пятница: 12:00–06:00; суббота: 12:00–06:00; воскресенье: 12:00–24:00,"{""timezone"":""Europe/Moscow"",""weekly"":{""mon"":[{""from"":""12:00"",""to"":""00:00"",""next_day"":true}],""tue"":[{""from"":""12:00"",""to"":""00:00"",""next_day"":true}],""wed"":[{""from"":""12:00"",""to"":""00:00"",""next_day"":true}],""thu"":[{""from"":""12:00"",""to"":""00:00"",""next_day"":true}],""fri"":[{""from"":""12:00"",""to"":""06:00"",""next_day"":true}],""sat"":[{""from"":""12:00"",""to"":""06:00"",""next_day"":true}],""sun"":[{""from"":""12:00"",""to"":""00:00"",""next_day"":true}]}}",afisha,https://www.afisha.ru/msk/restaurant/summer-punch-1600847/,True,2026-05-24T07:50:40+00:00,2026-05-24T07:50:40+00:00
afisha-msk-supernova-486267,Supernova,,"Садовая-Каретная, 20, стр. 1",55.772922,37.610278,понедельник: 12:00–23:00; вторник: 12:00–23:00; среда: 12:00–23:00; четверг: 12:00–23:00; пятница: 12:00–23:00; суббота: 12:00–23:00; воскресенье: 12:00–23:00,"{""timezone"":""Europe/Moscow"",""weekly"":{""mon"":[{""from"":""12:00"",""to"":""23:00""}],""tue"":[{""from"":""12:00"",""to"":""23:00""}],""wed"":[{""from"":""12:00"",""to"":""23:00""}],""thu"":[{""from"":""12:00"",""to"":""23:00""}],""fri"":[{""from"":""12:00"",""to"":""23:00""}],""sat"":[{""from"":""12:00"",""to"":""23:00""}],""sun"":[{""from"":""12:00"",""to"":""23:00""}]}}",afisha,https://www.afisha.ru/msk/restaurant/supernova-486267/,True,2026-05-24T07:50:40+00:00,2026-05-24T07:50:40+00:00
afisha-msk-taam-hummus-494688,Taam Hummus,"Симпатичный израильский стритфуд. Кирпичная кладка, граффити во всю стену, пара общих столов-стоек — заведомо простецкая обстановка Taam Hummus располагает к гастрономическим приключениям. Для них есть все вводные: разномастные хумусы, булочки бурекасы, салаты, бабагануш. А еще:…","Покровка, 21–23/25, стр. 1",55.7596979,37.6472317,понедельник: 10:00–23:00; вторник: 10:00–23:00; среда: 10:00–23:00; четверг: 10:00–23:00; пятница: 10:00–23:00; суббота: 10:00–23:00; воскресенье: 10:00–23:00,"{""timezone"":""Europe/Moscow"",""weekly"":{""mon"":[{""from"":""10:00"",""to"":""23:00""}],""tue"":[{""from"":""10:00"",""to"":""23:00""}],""wed"":[{""from"":""10:00"",""to"":""23:00""}],""thu"":[{""from"":""10:00"",""to"":""23:00""}],""fri"":[{""from"":""10:00"",""to"":""23:00""}],""sat"":[{""from"":""10:00"",""to"":""23:00""}],""sun"":[{""from"":""10:00"",""to"":""23:00""}]}}",afisha,https://www.afisha.ru/msk/restaurant/taam-hummus-494688/,True,2026-05-24T07:50:40+00:00,2026-05-24T07:50:40+00:00
afisha-msk-tacobar-494320,Tacobar,"Современная мексиканская кухня на Пятницкой. Шеф-повар Дмитрий Кишов («Фаренгейт», «Белуга») знает о Мексике не понаслышке. Он прошел стажировку в Мехико в ресторанах Pujol и Quintonil (9 и 27 место в рейтинге The World’s 50 Best Restaurants 2021) и точно знает, как приготовить…","Пятницкая, 59/19, стр. 5",55.7331202,37.6277977,понедельник: 12:00–24:00; вторник: 12:00–24:00; среда: 12:00–24:00; четверг: 12:00–24:00; пятница: 12:00–24:00; суббота: 12:00–24:00; воскресенье: 12:00–24:00,"{""timezone"":""Europe/Moscow"",""weekly"":{""mon"":[{""from"":""12:00"",""to"":""00:00"",""next_day"":true}],""tue"":[{""from"":""12:00"",""to"":""00:00"",""next_day"":true}],""wed"":[{""from"":""12:00"",""to"":""00:00"",""next_day"":true}],""thu"":[{""from"":""12:00"",""to"":""00:00"",""next_day"":true}],""fri"":[{""from"":""12:00"",""to"":""00:00"",""next_day"":true}],""sat"":[{""from"":""12:00"",""to"":""00:00"",""next_day"":true}],""sun"":[{""from"":""12:00"",""to"":""00:00"",""next_day"":true}]}}",afisha,https://www.afisha.ru/msk/restaurant/tacobar-494320/,True,2026-05-24T07:50:40+00:00,2026-05-24T07:50:40+00:00
afisha-msk-tajiri-508251,Tajiri Go,,"Романов пер., 2, стр. 1",55.7541823,37.6086142,среда: 17:30–23:00; четверг: 17:30–23:00; пятница: 17:30–23:00; суббота: 17:30–23:00; воскресенье: 17:30–23:00,"{""timezone"":""Europe/Moscow"",""weekly"":{""wed"":[{""from"":""17:30"",""to"":""23:00""}],""thu"":[{""from"":""17:30"",""to"":""23:00""}],""fri"":[{""from"":""17:30"",""to"":""23:00""}],""sat"":[{""from"":""17:30"",""to"":""23:00""}],""sun"":[{""from"":""17:30"",""to"":""23:00""}]}}",afisha,https://www.afisha.ru/msk/restaurant/tajiri-508251/,True,2026-05-24T07:50:40+00:00,2026-05-24T07:50:40+00:00
afisha-msk-lobby-lounge-bar-36672,The Carlton Lounge & Bar,,"Тверская, 3, гостиница The Carlton, Moscow, 1 этаж",55.7572678,37.6129225,понедельник: 00:00–00:00; вторник: 00:00–00:00; среда: 00:00–00:00; четверг: 00:00–00:00; пятница: 00:00–00:00; суббота: 00:00–00:00; воскресенье: 00:00–00:00,"{""timezone"":""Europe/Moscow"",""weekly"":{""mon"":[{""from"":""00:00"",""to"":""00:00"",""next_day"":true}],""tue"":[{""from"":""00:00"",""to"":""00:00"",""next_day"":true}],""wed"":[{""from"":""00:00"",""to"":""00:00"",""next_day"":true}],""thu"":[{""from"":""00:00"",""to"":""00:00"",""next_day"":true}],""fri"":[{""from"":""00:00"",""to"":""00:00"",""next_day"":true}],""sat"":[{""from"":""00:00"",""to"":""00:00"",""next_day"":true}],""sun"":[{""from"":""00:00"",""to"":""00:00"",""next_day"":true}]}}",afisha,https://www.afisha.ru/msk/restaurant/lobby-lounge-bar-36672/,True,2026-05-24T07:50:40+00:00,2026-05-24T07:50:40+00:00
afisha-msk-the-dubliner-pub-457941,The Dubliner Pub,"Паб на втором этаже гастромаркета «Вокруг света». Проект компаний United Pubs и Irish Pub Company открылся над гастромуравейником «Вокруг света» на Никольской — одной из главных туристических улиц города. Внутри комфортно и красиво, пиво на двух десятках кранов, шкаф с виски и…","Никольская, 10, ТЦ Nikol’skaya Plaza, гастромаркет «Вокруг света», 2 этаж",55.7580355,37.6244321,понедельник: 12:00–24:00; вторник: 12:00–24:00; среда: 12:00–24:00; четверг: 12:00–24:00; пятница: 12:00–03:00; суббота: 12:00–03:00; воскресенье: 12:00–24:00,"{""timezone"":""Europe/Moscow"",""weekly"":{""mon"":[{""from"":""12:00"",""to"":""00:00"",""next_day"":true}],""tue"":[{""from"":""12:00"",""to"":""00:00"",""next_day"":true}],""wed"":[{""from"":""12:00"",""to"":""00:00"",""next_day"":true}],""thu"":[{""from"":""12:00"",""to"":""00:00"",""next_day"":true}],""fri"":[{""from"":""12:00"",""to"":""03:00"",""next_day"":true}],""sat"":[{""from"":""12:00"",""to"":""03:00"",""next_day"":true}],""sun"":[{""from"":""12:00"",""to"":""00:00"",""next_day"":true}]}}",afisha,https://www.afisha.ru/msk/restaurant/the-dubliner-pub-457941/,True,2026-05-24T07:50:40+00:00,2026-05-24T07:50:40+00:00
afisha-msk-the-greeks-497090,The Greeks,Греки под предводительством Владимира Чистякова,"Неглинная, 15",55.7630374,37.619683,понедельник: 12:00–24:00; вторник: 12:00–24:00; среда: 12:00–24:00; четверг: 12:00–24:00; пятница: 12:00–24:00; суббота: 12:00–24:00; воскресенье: 12:00–24:00,"{""timezone"":""Europe/Moscow"",""weekly"":{""mon"":[{""from"":""12:00"",""to"":""00:00"",""next_day"":true}],""tue"":[{""from"":""12:00"",""to"":""00:00"",""next_day"":true}],""wed"":[{""from"":""12:00"",""to"":""00:00"",""next_day"":true}],""thu"":[{""from"":""12:00"",""to"":""00:00"",""next_day"":true}],""fri"":[{""from"":""12:00"",""to"":""00:00"",""next_day"":true}],""sat"":[{""from"":""12:00"",""to"":""00:00"",""next_day"":true}],""sun"":[{""from"":""12:00"",""to"":""00:00"",""next_day"":true}]}}",afisha,https://www.afisha.ru/msk/restaurant/the-greeks-497090/,True,2026-05-24T07:50:40+00:00,2026-05-24T07:50:40+00:00
afisha-msk-the-left-bank-351845,The Left Bank,"Джазовый клуб, где можно есть. Ирландский паб на Маросейке, куда, похоже, могут поместиться все дублинские выпивохи — заведение занимает три этажа. Собственно паб расположен на первом этаже, на втором находится джазовый клуб Алексея Козлова, на третьем — сцена для ежедневных…","Маросейка, 9/2, стр. 1, 3–5 этаж",55.7577302,37.6337998,понедельник: 12:00–24:00; вторник: 12:00–24:00; среда: 12:00–24:00; четверг: 12:00–24:00; пятница: 12:00–06:00; суббота: 12:00–06:00; воскресенье: 12:00–24:00,"{""timezone"":""Europe/Moscow"",""weekly"":{""mon"":[{""from"":""12:00"",""to"":""00:00"",""next_day"":true}],""tue"":[{""from"":""12:00"",""to"":""00:00"",""next_day"":true}],""wed"":[{""from"":""12:00"",""to"":""00:00"",""next_day"":true}],""thu"":[{""from"":""12:00"",""to"":""00:00"",""next_day"":true}],""fri"":[{""from"":""12:00"",""to"":""06:00"",""next_day"":true}],""sat"":[{""from"":""12:00"",""to"":""06:00"",""next_day"":true}],""sun"":[{""from"":""12:00"",""to"":""00:00"",""next_day"":true}]}}",afisha,https://www.afisha.ru/msk/restaurant/the-left-bank-351845/,True,2026-05-24T07:50:40+00:00,2026-05-24T07:50:40+00:00
afisha-msk-the-nest-492103,The Nest,"Бармены в шелковых халатах на Сретенском бульваре. Любители поколесить по миру Андрей Казанли и Лиза Джони превратили второй этаж исторического здания в барное пространство. За напитки отвечает Кенан Ассаб. Коктейли, вдохновленные лугами Прованса, садами Молдавии и специями…","Сретенский б-р, 1",55.766947,37.632404,понедельник: 18:00–24:00; вторник: 18:00–24:00; среда: 18:00–24:00; четверг: 18:00–24:00; пятница: 16:00–05:00; суббота: 12:00–05:00; воскресенье: 12:00–24:00,"{""timezone"":""Europe/Moscow"",""weekly"":{""mon"":[{""from"":""18:00"",""to"":""00:00"",""next_day"":true}],""tue"":[{""from"":""18:00"",""to"":""00:00"",""next_day"":true}],""wed"":[{""from"":""18:00"",""to"":""00:00"",""next_day"":true}],""thu"":[{""from"":""18:00"",""to"":""00:00"",""next_day"":true}],""fri"":[{""from"":""16:00"",""to"":""05:00"",""next_day"":true}],""sat"":[{""from"":""12:00"",""to"":""05:00"",""next_day"":true}],""sun"":[{""from"":""12:00"",""to"":""00:00"",""next_day"":true}]}}",afisha,https://www.afisha.ru/msk/restaurant/the-nest-492103/,True,2026-05-24T07:50:40+00:00,2026-05-24T07:50:40+00:00
afisha-msk-the-rink-492995,The Rink,"Семейное кафе в Сколково. Кафе The Rink и одноименный активити-парк с катом находятся на территории Московской школы управления «Сколково». В меню — блюда из фермерских продуктов, большая карта завтраков и отдельный раздел с кето-блюдами. Для детей придумали массу развлечений:…","Одинцовский р-н, дер. Сколково, Новая, 100",55.6925905,37.3866002,понедельник: 08:00–22:00; вторник: 08:00–22:00; среда: 08:00–22:00; четверг: 08:00–22:00; пятница: 08:00–22:00; суббота: 08:00–22:00; воскресенье: 08:00–22:00,"{""timezone"":""Europe/Moscow"",""weekly"":{""mon"":[{""from"":""08:00"",""to"":""22:00""}],""tue"":[{""from"":""08:00"",""to"":""22:00""}],""wed"":[{""from"":""08:00"",""to"":""22:00""}],""thu"":[{""from"":""08:00"",""to"":""22:00""}],""fri"":[{""from"":""08:00"",""to"":""22:00""}],""sat"":[{""from"":""08:00"",""to"":""22:00""}],""sun"":[{""from"":""08:00"",""to"":""22:00""}]}}",afisha,https://www.afisha.ru/msk/restaurant/the-rink-492995/,True,2026-05-24T07:50:40+00:00,2026-05-24T07:50:40+00:00
afisha-msk-to-mi-1600105,To Mi,,"М.Бронная, 27/14",55.7634473,37.5938966,понедельник: 15:00–01:00; вторник: 15:00–01:00; среда: 15:00–01:00; четверг: 15:00–01:00; пятница: 15:00–03:00; суббота: 15:00–03:00; воскресенье: 15:00–01:00,"{""timezone"":""Europe/Moscow"",""weekly"":{""mon"":[{""from"":""15:00"",""to"":""01:00"",""next_day"":true}],""tue"":[{""from"":""15:00"",""to"":""01:00"",""next_day"":true}],""wed"":[{""from"":""15:00"",""to"":""01:00"",""next_day"":true}],""thu"":[{""from"":""15:00"",""to"":""01:00"",""next_day"":true}],""fri"":[{""from"":""15:00"",""to"":""03:00"",""next_day"":true}],""sat"":[{""from"":""15:00"",""to"":""03:00"",""next_day"":true}],""sun"":[{""from"":""15:00"",""to"":""01:00"",""next_day"":true}]}}",afisha,https://www.afisha.ru/msk/restaurant/to-mi-1600105/,True,2026-05-24T07:50:40+00:00,2026-05-24T07:50:40+00:00
afisha-msk-trolly-kids-1600282,Trolly Kids,,"Краснобогатырская, 90, стр. 2",55.8010643,37.7095804,понедельник: 12:00–22:00; вторник: 10:00–22:00; среда: 10:00–22:00; четверг: 10:00–22:00; пятница: 10:00–22:00; суббота: 09:00–22:00; воскресенье: 09:00–22:00,"{""timezone"":""Europe/Moscow"",""weekly"":{""mon"":[{""from"":""12:00"",""to"":""22:00""}],""tue"":[{""from"":""10:00"",""to"":""22:00""}],""wed"":[{""from"":""10:00"",""to"":""22:00""}],""thu"":[{""from"":""10:00"",""to"":""22:00""}],""fri"":[{""from"":""10:00"",""to"":""22:00""}],""sat"":[{""from"":""09:00"",""to"":""22:00""}],""sun"":[{""from"":""09:00"",""to"":""22:00""}]}}",afisha,https://www.afisha.ru/msk/restaurant/trolly-kids-1600282/,True,2026-05-24T07:50:40+00:00,2026-05-24T07:50:40+00:00
afisha-msk-trompette-1601023,Trompette,,"Трубная, 26, корп. 1",55.7706982,37.6255873,понедельник: 09:00–24:00; вторник: 09:00–24:00; среда: 09:00–24:00; четверг: 09:00–24:00; пятница: 09:00–24:00; суббота: 09:00–24:00; воскресенье: 09:00–24:00,"{""timezone"":""Europe/Moscow"",""weekly"":{""mon"":[{""from"":""09:00"",""to"":""00:00"",""next_day"":true}],""tue"":[{""from"":""09:00"",""to"":""00:00"",""next_day"":true}],""wed"":[{""from"":""09:00"",""to"":""00:00"",""next_day"":true}],""thu"":[{""from"":""09:00"",""to"":""00:00"",""next_day"":true}],""fri"":[{""from"":""09:00"",""to"":""00:00"",""next_day"":true}],""sat"":[{""from"":""09:00"",""to"":""00:00"",""next_day"":true}],""sun"":[{""from"":""09:00"",""to"":""00:00"",""next_day"":true}]}}",afisha,https://www.afisha.ru/msk/restaurant/trompette-1601023/,True,2026-05-24T07:50:40+00:00,2026-05-24T07:50:40+00:00
afisha-msk-uchiwa-508252,Uchiwa,,"Романов пер., 2, стр. 1",55.7541641,37.6086358,среда: 17:30–23:00; четверг: 17:30–23:00; пятница: 17:30–23:00; суббота: 17:30–23:00; воскресенье: 17:30–23:00,"{""timezone"":""Europe/Moscow"",""weekly"":{""wed"":[{""from"":""17:30"",""to"":""23:00""}],""thu"":[{""from"":""17:30"",""to"":""23:00""}],""fri"":[{""from"":""17:30"",""to"":""23:00""}],""sat"":[{""from"":""17:30"",""to"":""23:00""}],""sun"":[{""from"":""17:30"",""to"":""23:00""}]}}",afisha,https://www.afisha.ru/msk/restaurant/uchiwa-508252/,True,2026-05-24T07:50:40+00:00,2026-05-24T07:50:40+00:00
afisha-msk-ullu-1600324,Ullu,Кавказская кухня в стильном интерьере в Раменках,"Мичуринский просп., 22, корп. 1",55.701168,37.5035893,понедельник: 12:00–23:00; вторник: 12:00–23:00; среда: 12:00–23:00; четверг: 12:00–23:00; пятница: 12:00–23:00; суббота: 12:00–23:00; воскресенье: 12:00–23:00,"{""timezone"":""Europe/Moscow"",""weekly"":{""mon"":[{""from"":""12:00"",""to"":""23:00""}],""tue"":[{""from"":""12:00"",""to"":""23:00""}],""wed"":[{""from"":""12:00"",""to"":""23:00""}],""thu"":[{""from"":""12:00"",""to"":""23:00""}],""fri"":[{""from"":""12:00"",""to"":""23:00""}],""sat"":[{""from"":""12:00"",""to"":""23:00""}],""sun"":[{""from"":""12:00"",""to"":""23:00""}]}}",afisha,https://www.afisha.ru/msk/restaurant/ullu-1600324/,True,2026-05-24T07:50:40+00:00,2026-05-24T07:50:40+00:00
afisha-msk-underdog-493950,Underdog,"Джанкфуд для хулиганов. Если бы герои из фильмов Гая Ричи оказались в Москве, то эта забегаловка во дворах Маросейки точно оказалась бы в их списке must visit. Название Underdog переводится с английского как «обездоленный», но брутальные гости заведения с татуировками на шеях и…","Маросейка, 6/8, стр. 1",55.7574376,37.6349619,понедельник: 13:00–24:00; вторник: 13:00–24:00; среда: 13:00–24:00; четверг: 13:00–24:00; пятница: 13:00–01:00; суббота: 13:00–01:00; воскресенье: 13:00–24:00,"{""timezone"":""Europe/Moscow"",""weekly"":{""mon"":[{""from"":""13:00"",""to"":""00:00"",""next_day"":true}],""tue"":[{""from"":""13:00"",""to"":""00:00"",""next_day"":true}],""wed"":[{""from"":""13:00"",""to"":""00:00"",""next_day"":true}],""thu"":[{""from"":""13:00"",""to"":""00:00"",""next_day"":true}],""fri"":[{""from"":""13:00"",""to"":""01:00"",""next_day"":true}],""sat"":[{""from"":""13:00"",""to"":""01:00"",""next_day"":true}],""sun"":[{""from"":""13:00"",""to"":""00:00"",""next_day"":true}]}}",afisha,https://www.afisha.ru/msk/restaurant/underdog-493950/,True,2026-05-24T07:50:40+00:00,2026-05-24T07:50:40+00:00
afisha-msk-urban-winery-1600192,Urban Winery,"Городская винодельня на Бауманской. Современная городская винодельня с рестораном и радиорубкой в особняке XVIII века. В интерьере, где сохранили лепнину, камины и паркет по архивным чертежам, развернули ресторан и мини-винодельню: винтажная мебель с металлическими вставками,…","Спартаковская, 3, стр. 1",55.7702525,37.670398,понедельник: 12:00–24:00; вторник: 12:00–24:00; среда: 12:00–24:00; четверг: 12:00–24:00; пятница: 12:00–24:00; суббота: 12:00–24:00; воскресенье: 12:00–24:00,"{""timezone"":""Europe/Moscow"",""weekly"":{""mon"":[{""from"":""12:00"",""to"":""00:00"",""next_day"":true}],""tue"":[{""from"":""12:00"",""to"":""00:00"",""next_day"":true}],""wed"":[{""from"":""12:00"",""to"":""00:00"",""next_day"":true}],""thu"":[{""from"":""12:00"",""to"":""00:00"",""next_day"":true}],""fri"":[{""from"":""12:00"",""to"":""00:00"",""next_day"":true}],""sat"":[{""from"":""12:00"",""to"":""00:00"",""next_day"":true}],""sun"":[{""from"":""12:00"",""to"":""00:00"",""next_day"":true}]}}",afisha,https://www.afisha.ru/msk/restaurant/urban-winery-1600192/,True,2026-05-24T07:50:40+00:00,2026-05-24T07:50:40+00:00
afisha-msk-vani-407486,Vani,"Вина Грузии в лучшем виде. Небольшой грузинский ресторан с самой большой картой грузинских вин в Москве. Еда — нормальная, но обычная: хачапури, хинкали, пхали, цыпленок по-свански. А вот винная карта — сокровище: больше 700 бутылок, значительной части которых не найти больше…","Орликов пер., 6",55.770704,37.648421,понедельник: 12:00–23:00; вторник: 12:00–23:00; среда: 12:00–23:00; четверг: 12:00–23:00; пятница: 12:00–23:00; суббота: 12:00–23:00; воскресенье: 12:00–23:00,"{""timezone"":""Europe/Moscow"",""weekly"":{""mon"":[{""from"":""12:00"",""to"":""23:00""}],""tue"":[{""from"":""12:00"",""to"":""23:00""}],""wed"":[{""from"":""12:00"",""to"":""23:00""}],""thu"":[{""from"":""12:00"",""to"":""23:00""}],""fri"":[{""from"":""12:00"",""to"":""23:00""}],""sat"":[{""from"":""12:00"",""to"":""23:00""}],""sun"":[{""from"":""12:00"",""to"":""23:00""}]}}",afisha,https://www.afisha.ru/msk/restaurant/vani-407486/,True,2026-05-24T07:50:40+00:00,2026-05-24T07:50:40+00:00
afisha-msk-varvarka-3-496901,Varvarka III,"Ресторан-лаунж с сигарным клубом около Кремля. Премиальный проект, расположенный в здании Гостиного двора, состоит из двух залов: камерного ресторана, рассчитанного на 20 гостей, и сигарного клуба на 45 мест с биокамином и роялем. Большой выбор вина и крепкого алкоголя,…","Варварка, 3, Гостиный Двор, 15–16 подъезд",55.7534913,37.6261444,понедельник: 12:00–24:00; вторник: 12:00–24:00; среда: 12:00–24:00; четверг: 12:00–24:00; пятница: 12:00–24:00; суббота: 12:00–24:00,"{""timezone"":""Europe/Moscow"",""weekly"":{""mon"":[{""from"":""12:00"",""to"":""00:00"",""next_day"":true}],""tue"":[{""from"":""12:00"",""to"":""00:00"",""next_day"":true}],""wed"":[{""from"":""12:00"",""to"":""00:00"",""next_day"":true}],""thu"":[{""from"":""12:00"",""to"":""00:00"",""next_day"":true}],""fri"":[{""from"":""12:00"",""to"":""00:00"",""next_day"":true}],""sat"":[{""from"":""12:00"",""to"":""00:00"",""next_day"":true}]}}",afisha,https://www.afisha.ru/msk/restaurant/varvarka-3-496901/,True,2026-05-24T07:50:40+00:00,2026-05-24T07:50:40+00:00
afisha-msk-wu-shu-518706,Wǔ Shù,,"Трубная, 23, корп. 2",55.7708916,37.6251197,понедельник: 12:00–23:00; вторник: 12:00–23:00; среда: 12:00–23:00; четверг: 12:00–23:00; пятница: 12:00–24:00; суббота: 12:00–24:00; воскресенье: 12:00–23:00,"{""timezone"":""Europe/Moscow"",""weekly"":{""mon"":[{""from"":""12:00"",""to"":""23:00""}],""tue"":[{""from"":""12:00"",""to"":""23:00""}],""wed"":[{""from"":""12:00"",""to"":""23:00""}],""thu"":[{""from"":""12:00"",""to"":""23:00""}],""fri"":[{""from"":""12:00"",""to"":""00:00"",""next_day"":true}],""sat"":[{""from"":""12:00"",""to"":""00:00"",""next_day"":true}],""sun"":[{""from"":""12:00"",""to"":""23:00""}]}}",afisha,https://www.afisha.ru/msk/restaurant/wu-shu-518706/,True,2026-05-24T07:50:40+00:00,2026-05-24T07:50:40+00:00
afisha-msk-white-496455,Yauza,"Скрытая гастрономическая жемчужина Китай-города. Не просто ресторан, а стильное культурное пространство открыл Алексей Ольховой (White Studios, Blanc, ""Радио"") в бывших каретных сараях при усадьбе генерала Хитрова, построенных в середине XIX века. Впрочем, о старине напоминают…","Подколокольный пер., 16, стр. 4, Yauza Place",55.7517237,37.6446139,понедельник: 12:00–24:00; вторник: 12:00–24:00; среда: 12:00–24:00; четверг: 12:00–24:00; пятница: 12:00–24:00; суббота: 10:00–24:00; воскресенье: 10:00–24:00,"{""timezone"":""Europe/Moscow"",""weekly"":{""mon"":[{""from"":""12:00"",""to"":""00:00"",""next_day"":true}],""tue"":[{""from"":""12:00"",""to"":""00:00"",""next_day"":true}],""wed"":[{""from"":""12:00"",""to"":""00:00"",""next_day"":true}],""thu"":[{""from"":""12:00"",""to"":""00:00"",""next_day"":true}],""fri"":[{""from"":""12:00"",""to"":""00:00"",""next_day"":true}],""sat"":[{""from"":""10:00"",""to"":""00:00"",""next_day"":true}],""sun"":[{""from"":""10:00"",""to"":""00:00"",""next_day"":true}]}}",afisha,https://www.afisha.ru/msk/restaurant/white-496455/,True,2026-05-24T07:50:40+00:00,2026-05-24T07:50:40+00:00
afisha-msk-yumbaker-454951,Yumbaker,,"Пятницкая, 66, стр. 1",55.7322444,37.6266119,понедельник: 09:00–21:00; вторник: 09:00–21:00; среда: 09:00–21:00; четверг: 09:00–21:00; пятница: 09:00–21:00; суббота: 09:00–21:00; воскресенье: 09:00–21:00,"{""timezone"":""Europe/Moscow"",""weekly"":{""mon"":[{""from"":""09:00"",""to"":""21:00""}],""tue"":[{""from"":""09:00"",""to"":""21:00""}],""wed"":[{""from"":""09:00"",""to"":""21:00""}],""thu"":[{""from"":""09:00"",""to"":""21:00""}],""fri"":[{""from"":""09:00"",""to"":""21:00""}],""sat"":[{""from"":""09:00"",""to"":""21:00""}],""sun"":[{""from"":""09:00"",""to"":""21:00""}]}}",afisha,https://www.afisha.ru/msk/restaurant/yumbaker-454951/,True,2026-05-24T07:50:40+00:00,2026-05-24T07:50:40+00:00
afisha-msk-eleven-meathouse-488746,Zarun,Аутентичная турецкая кухня,"Грузинский Вал, 11, стр. 3",55.7743112,37.5790132,понедельник: 10:00–02:00; вторник: 10:00–02:00; среда: 10:00–02:00; четверг: 10:00–02:00; пятница: 10:00–02:00; суббота: 10:00–02:00; воскресенье: 10:00–02:00,"{""timezone"":""Europe/Moscow"",""weekly"":{""mon"":[{""from"":""10:00"",""to"":""02:00"",""next_day"":true}],""tue"":[{""from"":""10:00"",""to"":""02:00"",""next_day"":true}],""wed"":[{""from"":""10:00"",""to"":""02:00"",""next_day"":true}],""thu"":[{""from"":""10:00"",""to"":""02:00"",""next_day"":true}],""fri"":[{""from"":""10:00"",""to"":""02:00"",""next_day"":true}],""sat"":[{""from"":""10:00"",""to"":""02:00"",""next_day"":true}],""sun"":[{""from"":""10:00"",""to"":""02:00"",""next_day"":true}]}}",afisha,https://www.afisha.ru/msk/restaurant/eleven-meathouse-488746/,True,2026-05-24T07:50:40+00:00,2026-05-24T07:50:40+00:00
afisha-msk-zoe-518529,Zoe,"Круассаны, пончики и сахарные слойки. Zoe на Мясницкой — первое столичное заведение уже опытных рестораторов Сергея и Ирины Зубченок, владельцев инстаграмной кофейни Сivil в Петербурге. Выпечку ставил звездный пекарь Максим Бабич, буквально запустивший новую волну булок пару лет…","Мясницкая, 13, стр. 20",55.7631338,37.6337041,понедельник: 08:00–19:00; вторник: 08:00–20:00; среда: 08:00–20:00; четверг: 08:00–20:00; пятница: 08:00–20:00; суббота: 08:00–20:00; воскресенье: 08:00–20:00,"{""timezone"":""Europe/Moscow"",""weekly"":{""mon"":[{""from"":""08:00"",""to"":""19:00""}],""tue"":[{""from"":""08:00"",""to"":""20:00""}],""wed"":[{""from"":""08:00"",""to"":""20:00""}],""thu"":[{""from"":""08:00"",""to"":""20:00""}],""fri"":[{""from"":""08:00"",""to"":""20:00""}],""sat"":[{""from"":""08:00"",""to"":""20:00""}],""sun"":[{""from"":""08:00"",""to"":""20:00""}]}}",afisha,https://www.afisha.ru/msk/restaurant/zoe-518529/,True,2026-05-24T07:50:40+00:00,2026-05-24T07:50:40+00:00
afisha-msk-zotman-pizza-490866,Zotman Pizza,"Образцовая пиццерия от Дмитрия Зотова на углу Солянки и Забелина. Проект шеф-повара и ресторатора Дмитрия Зотова, как и следует из названия, посвящен пицце. Главный аттракцион этого места — пицца-конструктор, которую можно собрать самому. На выбор предлагают 35 начинок в…","Солянка, 1/2, стр. 1",55.7540409,37.6375462,понедельник: 10:00–23:00; вторник: 10:00–23:00; среда: 10:00–23:00; четверг: 10:00–23:00; пятница: 10:00–23:00; суббота: 10:00–23:00; воскресенье: 10:00–23:00,"{""timezone"":""Europe/Moscow"",""weekly"":{""mon"":[{""from"":""10:00"",""to"":""23:00""}],""tue"":[{""from"":""10:00"",""to"":""23:00""}],""wed"":[{""from"":""10:00"",""to"":""23:00""}],""thu"":[{""from"":""10:00"",""to"":""23:00""}],""fri"":[{""from"":""10:00"",""to"":""23:00""}],""sat"":[{""from"":""10:00"",""to"":""23:00""}],""sun"":[{""from"":""10:00"",""to"":""23:00""}]}}",afisha,https://www.afisha.ru/msk/restaurant/zotman-pizza-490866/,True,2026-05-24T07:50:40+00:00,2026-05-24T07:50:40+00:00
afisha-msk-abu-gosh-494299,Абу Гош,"Отличная хумусия на Трубной. Симпатичное место на Трубной с прекрасным хумусом и ближневосточными закусками. Это второе заведение владельцев ресторана: первое открылось пару лет назад в районе Старого Арбата, вызвав редкий ажиотаж у горожан. Цены демократичные, к рецептам…","Трубная, 27, стр. 2",55.7719683,37.6248512,понедельник: 11:00–23:00; вторник: 09:00–23:00; среда: 09:00–23:00; четверг: 09:00–23:00; пятница: 09:00–23:00; суббота: 09:00–23:00; воскресенье: 09:00–23:00,"{""timezone"":""Europe/Moscow"",""weekly"":{""mon"":[{""from"":""11:00"",""to"":""23:00""}],""tue"":[{""from"":""09:00"",""to"":""23:00""}],""wed"":[{""from"":""09:00"",""to"":""23:00""}],""thu"":[{""from"":""09:00"",""to"":""23:00""}],""fri"":[{""from"":""09:00"",""to"":""23:00""}],""sat"":[{""from"":""09:00"",""to"":""23:00""}],""sun"":[{""from"":""09:00"",""to"":""23:00""}]}}",afisha,https://www.afisha.ru/msk/restaurant/abu-gosh-494299/,True,2026-05-24T07:50:40+00:00,2026-05-24T07:50:40+00:00
afisha-msk-avtomoyka-veladora-1600140,Автомойка Veladora,,"Старосадский пер., 3, стр. 2",55.7574272,37.6398253,,,afisha,https://www.afisha.ru/msk/restaurant/avtomoyka-veladora-1600140/,True,2026-05-24T07:50:40+00:00,2026-05-24T07:50:40+00:00
afisha-msk-aivani-1600595,Аивани,,"Усачева, 26, Усачевский рынок, 2 этаж",55.7275125,37.5677178,понедельник: 12:00–23:00; вторник: 12:00–23:00; среда: 12:00–23:00; четверг: 12:00–23:00; пятница: 12:00–23:00; суббота: 12:00–23:00; воскресенье: 12:00–23:00,"{""timezone"":""Europe/Moscow"",""weekly"":{""mon"":[{""from"":""12:00"",""to"":""23:00""}],""tue"":[{""from"":""12:00"",""to"":""23:00""}],""wed"":[{""from"":""12:00"",""to"":""23:00""}],""thu"":[{""from"":""12:00"",""to"":""23:00""}],""fri"":[{""from"":""12:00"",""to"":""23:00""}],""sat"":[{""from"":""12:00"",""to"":""23:00""}],""sun"":[{""from"":""12:00"",""to"":""23:00""}]}}",afisha,https://www.afisha.ru/msk/restaurant/aivani-1600595/,True,2026-05-24T07:50:40+00:00,2026-05-24T07:50:40+00:00
afisha-msk-alenka-508047,Аленка,,"Страстной б-р, 2",55.7650854,37.607078,понедельник: 08:00–22:00; вторник: 08:00–22:00; среда: 08:00–22:00; четверг: 08:00–22:00; пятница: 08:00–22:00; суббота: 08:00–22:00; воскресенье: 08:00–22:00,"{""timezone"":""Europe/Moscow"",""weekly"":{""mon"":[{""from"":""08:00"",""to"":""22:00""}],""tue"":[{""from"":""08:00"",""to"":""22:00""}],""wed"":[{""from"":""08:00"",""to"":""22:00""}],""thu"":[{""from"":""08:00"",""to"":""22:00""}],""fri"":[{""from"":""08:00"",""to"":""22:00""}],""sat"":[{""from"":""08:00"",""to"":""22:00""}],""sun"":[{""from"":""08:00"",""to"":""22:00""}]}}",afisha,https://www.afisha.ru/msk/restaurant/alenka-508047/,True,2026-05-24T07:50:40+00:00,2026-05-24T07:50:40+00:00
afisha-msk-alesha-i-grafin-495081,Алеша и графин,,"В.Радищевская, 15, стр. 1",55.7434611,37.6521949,понедельник: 12:00–24:00; вторник: 12:00–24:00; среда: 12:00–24:00; четверг: 12:00–24:00; пятница: 12:00–02:00; суббота: 12:00–02:00; воскресенье: 12:00–24:00,"{""timezone"":""Europe/Moscow"",""weekly"":{""mon"":[{""from"":""12:00"",""to"":""00:00"",""next_day"":true}],""tue"":[{""from"":""12:00"",""to"":""00:00"",""next_day"":true}],""wed"":[{""from"":""12:00"",""to"":""00:00"",""next_day"":true}],""thu"":[{""from"":""12:00"",""to"":""00:00"",""next_day"":true}],""fri"":[{""from"":""12:00"",""to"":""02:00"",""next_day"":true}],""sat"":[{""from"":""12:00"",""to"":""02:00"",""next_day"":true}],""sun"":[{""from"":""12:00"",""to"":""00:00"",""next_day"":true}]}}",afisha,https://www.afisha.ru/msk/restaurant/alesha-i-grafin-495081/,True,2026-05-24T07:50:40+00:00,2026-05-24T07:50:40+00:00
afisha-msk-alkobufet-riumka-484533,Алкобуфет «Рюмка»,,"Мясницкая, 32, стр. 2",55.7654394,37.6395443,понедельник: 16:00–03:00; вторник: 16:00–03:00; среда: 16:00–03:00; четверг: 16:00–03:00; пятница: 15:00–06:00; суббота: 15:00–06:00; воскресенье: 16:00–03:00,"{""timezone"":""Europe/Moscow"",""weekly"":{""mon"":[{""from"":""16:00"",""to"":""03:00"",""next_day"":true}],""tue"":[{""from"":""16:00"",""to"":""03:00"",""next_day"":true}],""wed"":[{""from"":""16:00"",""to"":""03:00"",""next_day"":true}],""thu"":[{""from"":""16:00"",""to"":""03:00"",""next_day"":true}],""fri"":[{""from"":""15:00"",""to"":""06:00"",""next_day"":true}],""sat"":[{""from"":""15:00"",""to"":""06:00"",""next_day"":true}],""sun"":[{""from"":""16:00"",""to"":""03:00"",""next_day"":true}]}}",afisha,https://www.afisha.ru/msk/restaurant/alkobufet-riumka-484533/,True,2026-05-24T07:50:40+00:00,2026-05-24T07:50:40+00:00
afisha-msk-alkobufet-shashlychnaia-493406,Алкобуфет «Шашлычная»,"Бойкое место от создателей «Тебураси». Это веселое место открыли совладельцы «Алкобуфета «Рюмка» и владельцы «Тебураси». Ностальгическая, но отчасти хулиганская атмосфера 90-х с ковром во всю стену и продуктовыми весами из общепита времен СССР. Меню «Шашлычной», а также барная…","Сретенка, 36",55.7716158,37.6326925,понедельник: 12:00–02:00; вторник: 12:00–02:00; среда: 12:00–02:00; четверг: 12:00–02:00; пятница: 12:00–05:00; суббота: 12:00–05:00; воскресенье: 12:00–02:00,"{""timezone"":""Europe/Moscow"",""weekly"":{""mon"":[{""from"":""12:00"",""to"":""02:00"",""next_day"":true}],""tue"":[{""from"":""12:00"",""to"":""02:00"",""next_day"":true}],""wed"":[{""from"":""12:00"",""to"":""02:00"",""next_day"":true}],""thu"":[{""from"":""12:00"",""to"":""02:00"",""next_day"":true}],""fri"":[{""from"":""12:00"",""to"":""05:00"",""next_day"":true}],""sat"":[{""from"":""12:00"",""to"":""05:00"",""next_day"":true}],""sun"":[{""from"":""12:00"",""to"":""02:00"",""next_day"":true}]}}",afisha,https://www.afisha.ru/msk/restaurant/alkobufet-shashlychnaia-493406/,True,2026-05-24T07:50:40+00:00,2026-05-24T07:50:40+00:00
afisha-msk-anna-varenina-1600976,Анна Варенина,,"Корабельная, 9а",55.6849061,37.6992529,понедельник: 09:00–21:00; вторник: 09:00–21:00; среда: 09:00–21:00; четверг: 09:00–21:00; пятница: 09:00–21:00; суббота: 09:00–21:00; воскресенье: 09:00–21:00,"{""timezone"":""Europe/Moscow"",""weekly"":{""mon"":[{""from"":""09:00"",""to"":""21:00""}],""tue"":[{""from"":""09:00"",""to"":""21:00""}],""wed"":[{""from"":""09:00"",""to"":""21:00""}],""thu"":[{""from"":""09:00"",""to"":""21:00""}],""fri"":[{""from"":""09:00"",""to"":""21:00""}],""sat"":[{""from"":""09:00"",""to"":""21:00""}],""sun"":[{""from"":""09:00"",""to"":""21:00""}]}}",afisha,https://www.afisha.ru/msk/restaurant/anna-varenina-1600976/,True,2026-05-24T07:50:40+00:00,2026-05-24T07:50:40+00:00
afisha-msk-antipa-493357,Антипа,,"Колымажный пер., 8/4, стр. 7",55.747743,37.605589,понедельник: 09:00–21:00; вторник: 09:00–21:00; среда: 09:00–21:00; четверг: 09:00–21:00; пятница: 09:00–21:00; суббота: 09:00–21:00; воскресенье: 09:00–21:00,"{""timezone"":""Europe/Moscow"",""weekly"":{""mon"":[{""from"":""09:00"",""to"":""21:00""}],""tue"":[{""from"":""09:00"",""to"":""21:00""}],""wed"":[{""from"":""09:00"",""to"":""21:00""}],""thu"":[{""from"":""09:00"",""to"":""21:00""}],""fri"":[{""from"":""09:00"",""to"":""21:00""}],""sat"":[{""from"":""09:00"",""to"":""21:00""}],""sun"":[{""from"":""09:00"",""to"":""21:00""}]}}",afisha,https://www.afisha.ru/msk/restaurant/antipa-493357/,True,2026-05-24T07:50:40+00:00,2026-05-24T07:50:40+00:00
afisha-msk-apartamenty-1600803,Апартаменты,,"Раменский б-р, 1",55.6920933,37.516588,четверг: 18:00–01:00; пятница: 18:00–01:00; суббота: 18:00–01:00,"{""timezone"":""Europe/Moscow"",""weekly"":{""thu"":[{""from"":""18:00"",""to"":""01:00"",""next_day"":true}],""fri"":[{""from"":""18:00"",""to"":""01:00"",""next_day"":true}],""sat"":[{""from"":""18:00"",""to"":""01:00"",""next_day"":true}]}}",afisha,https://www.afisha.ru/msk/restaurant/apartamenty-1600803/,True,2026-05-24T07:50:40+00:00,2026-05-24T07:50:40+00:00
afisha-msk-afina-518524,Афина,,"Б.Бронная, 2/6",55.7600382,37.5974563,понедельник: 11:00–23:00; вторник: 11:00–23:00; среда: 11:00–23:00; четверг: 11:00–23:00; пятница: 11:00–23:00; суббота: 10:00–23:00; воскресенье: 10:00–23:00,"{""timezone"":""Europe/Moscow"",""weekly"":{""mon"":[{""from"":""11:00"",""to"":""23:00""}],""tue"":[{""from"":""11:00"",""to"":""23:00""}],""wed"":[{""from"":""11:00"",""to"":""23:00""}],""thu"":[{""from"":""11:00"",""to"":""23:00""}],""fri"":[{""from"":""11:00"",""to"":""23:00""}],""sat"":[{""from"":""10:00"",""to"":""23:00""}],""sun"":[{""from"":""10:00"",""to"":""23:00""}]}}",afisha,https://www.afisha.ru/msk/restaurant/afina-518524/,True,2026-05-24T07:50:40+00:00,2026-05-24T07:50:40+00:00
afisha-msk-bakinskii-dvorik-37249,Бакинский дворик,"Образцовый азербайджанский ресторан в Сокольниках. Изобилие мяса, справедливые цены, чопорная сервировка и зашкаливающий градус гостеприимства. Неписаные правила игры просты: чем больше заказываете и чаще бываете, тем лучше отношение персонала. Главное тут — не переборщить,…","Русаковская, 23",55.785923,37.675828,понедельник: 00:00–00:00; вторник: 00:00–00:00; среда: 00:00–00:00; четверг: 00:00–00:00; пятница: 00:00–00:00; суббота: 00:00–00:00; воскресенье: 00:00–00:00,"{""timezone"":""Europe/Moscow"",""weekly"":{""mon"":[{""from"":""00:00"",""to"":""00:00"",""next_day"":true}],""tue"":[{""from"":""00:00"",""to"":""00:00"",""next_day"":true}],""wed"":[{""from"":""00:00"",""to"":""00:00"",""next_day"":true}],""thu"":[{""from"":""00:00"",""to"":""00:00"",""next_day"":true}],""fri"":[{""from"":""00:00"",""to"":""00:00"",""next_day"":true}],""sat"":[{""from"":""00:00"",""to"":""00:00"",""next_day"":true}],""sun"":[{""from"":""00:00"",""to"":""00:00"",""next_day"":true}]}}",afisha,https://www.afisha.ru/msk/restaurant/bakinskii-dvorik-37249/,True,2026-05-24T07:50:40+00:00,2026-05-24T07:50:40+00:00
afisha-msk-barka-489014,Барка,,"Ильинка, 4, Гостиный Двор, вход из Рыбного пер.",55.753625,37.625873,понедельник: 12:00–04:30; вторник: 12:00–04:30; среда: 12:00–04:30; четверг: 12:00–04:30; пятница: 12:00–05:00; суббота: 12:00–05:00; воскресенье: 12:00–04:30,"{""timezone"":""Europe/Moscow"",""weekly"":{""mon"":[{""from"":""12:00"",""to"":""04:30"",""next_day"":true}],""tue"":[{""from"":""12:00"",""to"":""04:30"",""next_day"":true}],""wed"":[{""from"":""12:00"",""to"":""04:30"",""next_day"":true}],""thu"":[{""from"":""12:00"",""to"":""04:30"",""next_day"":true}],""fri"":[{""from"":""12:00"",""to"":""05:00"",""next_day"":true}],""sat"":[{""from"":""12:00"",""to"":""05:00"",""next_day"":true}],""sun"":[{""from"":""12:00"",""to"":""04:30"",""next_day"":true}]}}",afisha,https://www.afisha.ru/msk/restaurant/barka-489014/,True,2026-05-24T07:50:40+00:00,2026-05-24T07:50:40+00:00
afisha-msk-bez-retsepta-481446,Без рецепта,Здоровая и вкусная еда без глютена и рафинированного сахара,"Кутузовский просп., 1/7",55.7500424,37.5714238,понедельник: 08:00–22:00; вторник: 08:00–22:00; среда: 08:00–22:00; четверг: 08:00–22:00; пятница: 08:00–23:00; суббота: 10:00–23:00; воскресенье: 10:00–22:00,"{""timezone"":""Europe/Moscow"",""weekly"":{""mon"":[{""from"":""08:00"",""to"":""22:00""}],""tue"":[{""from"":""08:00"",""to"":""22:00""}],""wed"":[{""from"":""08:00"",""to"":""22:00""}],""thu"":[{""from"":""08:00"",""to"":""22:00""}],""fri"":[{""from"":""08:00"",""to"":""23:00""}],""sat"":[{""from"":""10:00"",""to"":""23:00""}],""sun"":[{""from"":""10:00"",""to"":""22:00""}]}}",afisha,https://www.afisha.ru/msk/restaurant/bez-retsepta-481446/,True,2026-05-24T07:50:40+00:00,2026-05-24T07:50:40+00:00
afisha-msk-bereg-494854,Берег,Ресторан с верандой в Строгинском лесопарке на берегу реки,"Исаковского, 37, корп. 2, стр. 1",55.804627,37.426312,понедельник: 09:00–23:00; вторник: 09:00–23:00; среда: 09:00–23:00; четверг: 09:00–23:00; пятница: 09:00–24:00; суббота: 09:00–24:00; воскресенье: 09:00–23:00,"{""timezone"":""Europe/Moscow"",""weekly"":{""mon"":[{""from"":""09:00"",""to"":""23:00""}],""tue"":[{""from"":""09:00"",""to"":""23:00""}],""wed"":[{""from"":""09:00"",""to"":""23:00""}],""thu"":[{""from"":""09:00"",""to"":""23:00""}],""fri"":[{""from"":""09:00"",""to"":""00:00"",""next_day"":true}],""sat"":[{""from"":""09:00"",""to"":""00:00"",""next_day"":true}],""sun"":[{""from"":""09:00"",""to"":""23:00""}]}}",afisha,https://www.afisha.ru/msk/restaurant/bereg-494854/,True,2026-05-24T07:50:40+00:00,2026-05-24T07:50:40+00:00
afisha-msk-bibirevo-pivo-eda-morozhenoe-494651,Бибирево,Китчевый ресторан Александра Раппопорта с блюдами со всего мира,"Украинский б-р, 15",55.7462012,37.5673238,понедельник: 12:00–24:00; вторник: 12:00–24:00; среда: 12:00–24:00; четверг: 12:00–24:00; пятница: 12:00–24:00; суббота: 12:00–24:00; воскресенье: 12:00–24:00,"{""timezone"":""Europe/Moscow"",""weekly"":{""mon"":[{""from"":""12:00"",""to"":""00:00"",""next_day"":true}],""tue"":[{""from"":""12:00"",""to"":""00:00"",""next_day"":true}],""wed"":[{""from"":""12:00"",""to"":""00:00"",""next_day"":true}],""thu"":[{""from"":""12:00"",""to"":""00:00"",""next_day"":true}],""fri"":[{""from"":""12:00"",""to"":""00:00"",""next_day"":true}],""sat"":[{""from"":""12:00"",""to"":""00:00"",""next_day"":true}],""sun"":[{""from"":""12:00"",""to"":""00:00"",""next_day"":true}]}}",afisha,https://www.afisha.ru/msk/restaurant/bibirevo-pivo-eda-morozhenoe-494651/,True,2026-05-24T07:50:40+00:00,2026-05-24T07:50:40+00:00
afisha-msk-bitok-1600094,Биток,,"просп. Мира, 102, корп. 1",55.8006228,37.6367469,понедельник: 16:00–24:00; вторник: 16:00–24:00; среда: 16:00–24:00; четверг: 16:00–24:00; пятница: 16:00–05:00; суббота: 14:00–05:00; воскресенье: 14:00–24:00,"{""timezone"":""Europe/Moscow"",""weekly"":{""mon"":[{""from"":""16:00"",""to"":""00:00"",""next_day"":true}],""tue"":[{""from"":""16:00"",""to"":""00:00"",""next_day"":true}],""wed"":[{""from"":""16:00"",""to"":""00:00"",""next_day"":true}],""thu"":[{""from"":""16:00"",""to"":""00:00"",""next_day"":true}],""fri"":[{""from"":""16:00"",""to"":""05:00"",""next_day"":true}],""sat"":[{""from"":""14:00"",""to"":""05:00"",""next_day"":true}],""sun"":[{""from"":""14:00"",""to"":""00:00"",""next_day"":true}]}}",afisha,https://www.afisha.ru/msk/restaurant/bitok-1600094/,True,2026-05-24T07:50:40+00:00,2026-05-24T07:50:40+00:00
afisha-msk-bogema-1600745,Богема,,"Селиверстов пер., 1а",55.7700563,37.6341944,понедельник: 12:00–24:00; вторник: 12:00–24:00; среда: 12:00–24:00; четверг: 12:00–24:00; пятница: 12:00–03:00; суббота: 12:00–03:00; воскресенье: 12:00–24:00,"{""timezone"":""Europe/Moscow"",""weekly"":{""mon"":[{""from"":""12:00"",""to"":""00:00"",""next_day"":true}],""tue"":[{""from"":""12:00"",""to"":""00:00"",""next_day"":true}],""wed"":[{""from"":""12:00"",""to"":""00:00"",""next_day"":true}],""thu"":[{""from"":""12:00"",""to"":""00:00"",""next_day"":true}],""fri"":[{""from"":""12:00"",""to"":""03:00"",""next_day"":true}],""sat"":[{""from"":""12:00"",""to"":""03:00"",""next_day"":true}],""sun"":[{""from"":""12:00"",""to"":""00:00"",""next_day"":true}]}}",afisha,https://www.afisha.ru/msk/restaurant/bogema-1600745/,True,2026-05-24T07:50:40+00:00,2026-05-24T07:50:40+00:00
afisha-msk-vadvare-494634,Вадваре,"«Кулинарный цех» во внутреннем дворе «Садовых кварталов». Мультиформатный проект в ЖК на улице Ефремова. Открыла его группа The Stolen Artichoke (общепит «ГЭС-2»). Проект охарактеризовали, как «кулинарный цех», в котором сложились вместе ресторан и пекарня-кондитерская. По утрам…","Ефремова, 10, корп. 1, ЖК «Садовые кварталы», во внутреннем дворе, –3 этаж",55.7254638,37.5731705,понедельник: 08:00–22:00; вторник: 08:00–22:00; среда: 08:00–22:00; четверг: 08:00–22:00; пятница: 08:00–22:00; суббота: 08:00–22:00; воскресенье: 08:00–22:00,"{""timezone"":""Europe/Moscow"",""weekly"":{""mon"":[{""from"":""08:00"",""to"":""22:00""}],""tue"":[{""from"":""08:00"",""to"":""22:00""}],""wed"":[{""from"":""08:00"",""to"":""22:00""}],""thu"":[{""from"":""08:00"",""to"":""22:00""}],""fri"":[{""from"":""08:00"",""to"":""22:00""}],""sat"":[{""from"":""08:00"",""to"":""22:00""}],""sun"":[{""from"":""08:00"",""to"":""22:00""}]}}",afisha,https://www.afisha.ru/msk/restaurant/vadvare-494634/,True,2026-05-24T07:50:40+00:00,2026-05-24T07:50:40+00:00
afisha-msk-varshavskii-48343,Варшавский,,"Варшавское ш., 34",55.6805179,37.6235521,понедельник: 12:00–24:00; вторник: 12:00–24:00; среда: 12:00–24:00; четверг: 12:00–24:00; пятница: 12:00–24:00; суббота: 12:00–24:00; воскресенье: 12:00–24:00,"{""timezone"":""Europe/Moscow"",""weekly"":{""mon"":[{""from"":""12:00"",""to"":""00:00"",""next_day"":true}],""tue"":[{""from"":""12:00"",""to"":""00:00"",""next_day"":true}],""wed"":[{""from"":""12:00"",""to"":""00:00"",""next_day"":true}],""thu"":[{""from"":""12:00"",""to"":""00:00"",""next_day"":true}],""fri"":[{""from"":""12:00"",""to"":""00:00"",""next_day"":true}],""sat"":[{""from"":""12:00"",""to"":""00:00"",""next_day"":true}],""sun"":[{""from"":""12:00"",""to"":""00:00"",""next_day"":true}]}}",afisha,https://www.afisha.ru/msk/restaurant/varshavskii-48343/,True,2026-05-24T07:50:40+00:00,2026-05-24T07:50:40+00:00
afisha-msk-venakhi-314445,Венахи,,"Ленинская Слобода, 19, стр. 1, вход из 3-го Автозаводского пр.",55.7087563,37.6553728,понедельник: 11:00–24:00; вторник: 11:00–24:00; среда: 11:00–24:00; четверг: 11:00–24:00; пятница: 11:00–24:00; суббота: 11:00–24:00; воскресенье: 11:00–24:00,"{""timezone"":""Europe/Moscow"",""weekly"":{""mon"":[{""from"":""11:00"",""to"":""00:00"",""next_day"":true}],""tue"":[{""from"":""11:00"",""to"":""00:00"",""next_day"":true}],""wed"":[{""from"":""11:00"",""to"":""00:00"",""next_day"":true}],""thu"":[{""from"":""11:00"",""to"":""00:00"",""next_day"":true}],""fri"":[{""from"":""11:00"",""to"":""00:00"",""next_day"":true}],""sat"":[{""from"":""11:00"",""to"":""00:00"",""next_day"":true}],""sun"":[{""from"":""11:00"",""to"":""00:00"",""next_day"":true}]}}",afisha,https://www.afisha.ru/msk/restaurant/venakhi-314445/,True,2026-05-24T07:50:40+00:00,2026-05-24T07:50:40+00:00
afisha-msk-vesna-470349,Весна,Большой семейный ресторан с атмосферой загородного клуба. Рестораны «Весна» находятся в самых посещаемых загородных локациях: в подмосковных аутлетах Novaya Riga Outlet Village и Vnukovo Outlet Village и кантри-клабе с теннисным кортом и спа-центром. При этом толпы шумных гостей…,"Троицкий р-н, дер. Рогозинино, Луговая, 20а, стр. 3",55.5402367,37.1837875,понедельник: 10:00–23:00; вторник: 10:00–23:00; среда: 10:00–23:00; четверг: 10:00–23:00; пятница: 10:00–23:00; суббота: 10:00–23:00; воскресенье: 10:00–23:00,"{""timezone"":""Europe/Moscow"",""weekly"":{""mon"":[{""from"":""10:00"",""to"":""23:00""}],""tue"":[{""from"":""10:00"",""to"":""23:00""}],""wed"":[{""from"":""10:00"",""to"":""23:00""}],""thu"":[{""from"":""10:00"",""to"":""23:00""}],""fri"":[{""from"":""10:00"",""to"":""23:00""}],""sat"":[{""from"":""10:00"",""to"":""23:00""}],""sun"":[{""from"":""10:00"",""to"":""23:00""}]}}",afisha,https://www.afisha.ru/msk/restaurant/vesna-470349/,True,2026-05-24T07:50:40+00:00,2026-05-24T07:50:40+00:00
afisha-msk-vinaga-495192,Винага,"Некоктейльный бар без барной стойки, но с коммунальным столом. Миниатюрный бар «Винага» на двадцать пять квадратных метров — плод творчества трех энтузиастов из экс-команды бара «Культура» — Антона Коробова, Светланы Богинской и Екатерины Тармаевой. Формат бара с большим (и…","Б.Грузинская, 76",55.7736966,37.5871031,понедельник: 18:00–03:00; вторник: 18:00–03:00; среда: 18:00–03:00; четверг: 18:00–03:00; пятница: 18:00–06:00; суббота: 18:00–06:00; воскресенье: 18:00–03:00,"{""timezone"":""Europe/Moscow"",""weekly"":{""mon"":[{""from"":""18:00"",""to"":""03:00"",""next_day"":true}],""tue"":[{""from"":""18:00"",""to"":""03:00"",""next_day"":true}],""wed"":[{""from"":""18:00"",""to"":""03:00"",""next_day"":true}],""thu"":[{""from"":""18:00"",""to"":""03:00"",""next_day"":true}],""fri"":[{""from"":""18:00"",""to"":""06:00"",""next_day"":true}],""sat"":[{""from"":""18:00"",""to"":""06:00"",""next_day"":true}],""sun"":[{""from"":""18:00"",""to"":""03:00"",""next_day"":true}]}}",afisha,https://www.afisha.ru/msk/restaurant/vinaga-495192/,True,2026-05-24T07:50:40+00:00,2026-05-24T07:50:40+00:00
afisha-msk-vinnyi-bazar-na-petrovskom-349618,Винный базар на Петровском,Демократичный винный бар с антикондитерской,"Петровский б-р, 15, стр. 1",55.7682551,37.6159915,понедельник: 14:00–02:00; вторник: 14:00–02:00; среда: 14:00–02:00; четверг: 14:00–02:00; пятница: 14:00–03:00; суббота: 14:00–02:00; воскресенье: 14:00–02:00,"{""timezone"":""Europe/Moscow"",""weekly"":{""mon"":[{""from"":""14:00"",""to"":""02:00"",""next_day"":true}],""tue"":[{""from"":""14:00"",""to"":""02:00"",""next_day"":true}],""wed"":[{""from"":""14:00"",""to"":""02:00"",""next_day"":true}],""thu"":[{""from"":""14:00"",""to"":""02:00"",""next_day"":true}],""fri"":[{""from"":""14:00"",""to"":""03:00"",""next_day"":true}],""sat"":[{""from"":""14:00"",""to"":""02:00"",""next_day"":true}],""sun"":[{""from"":""14:00"",""to"":""02:00"",""next_day"":true}]}}",afisha,https://www.afisha.ru/msk/restaurant/vinnyi-bazar-na-petrovskom-349618/,True,2026-05-24T07:50:40+00:00,2026-05-24T07:50:40+00:00
afisha-msk-vinovnye-1601592,Виновные,,"Солянка, 1/2, стр. 2",55.7540056,37.6376172,понедельник: 12:00–24:00; вторник: 12:00–24:00; среда: 12:00–24:00; четверг: 12:00–24:00; пятница: 12:00–02:00; суббота: 12:00–02:00; воскресенье: 12:00–24:00,"{""timezone"":""Europe/Moscow"",""weekly"":{""mon"":[{""from"":""12:00"",""to"":""00:00"",""next_day"":true}],""tue"":[{""from"":""12:00"",""to"":""00:00"",""next_day"":true}],""wed"":[{""from"":""12:00"",""to"":""00:00"",""next_day"":true}],""thu"":[{""from"":""12:00"",""to"":""00:00"",""next_day"":true}],""fri"":[{""from"":""12:00"",""to"":""02:00"",""next_day"":true}],""sat"":[{""from"":""12:00"",""to"":""02:00"",""next_day"":true}],""sun"":[{""from"":""12:00"",""to"":""00:00"",""next_day"":true}]}}",afisha,https://www.afisha.ru/msk/restaurant/vinovnye-1601592/,True,2026-05-24T07:50:40+00:00,2026-05-24T07:50:40+00:00
afisha-msk-vishnevyi-sad-495078,Вишневый сад,,"М.Бронная, 24, стр. 4",55.7633355,37.5953411,понедельник: 16:00–02:00; вторник: 16:00–02:00; среда: 16:00–02:00; четверг: 16:00–02:00; пятница: 14:00–04:00; суббота: 14:00–04:00; воскресенье: 14:00–02:00,"{""timezone"":""Europe/Moscow"",""weekly"":{""mon"":[{""from"":""16:00"",""to"":""02:00"",""next_day"":true}],""tue"":[{""from"":""16:00"",""to"":""02:00"",""next_day"":true}],""wed"":[{""from"":""16:00"",""to"":""02:00"",""next_day"":true}],""thu"":[{""from"":""16:00"",""to"":""02:00"",""next_day"":true}],""fri"":[{""from"":""14:00"",""to"":""04:00"",""next_day"":true}],""sat"":[{""from"":""14:00"",""to"":""04:00"",""next_day"":true}],""sun"":[{""from"":""14:00"",""to"":""02:00"",""next_day"":true}]}}",afisha,https://www.afisha.ru/msk/restaurant/vishnevyi-sad-495078/,True,2026-05-24T07:50:40+00:00,2026-05-24T07:50:40+00:00
afisha-msk-vkus-ognya-1600979,Вкус огня,,"Б.Пионерская, 7, стр. 1",55.7289817,37.6345619,понедельник: 10:00–23:45; вторник: 10:00–23:45; среда: 10:00–23:45; четверг: 10:00–23:45; пятница: 10:00–23:45; суббота: 10:00–23:45; воскресенье: 10:00–23:45,"{""timezone"":""Europe/Moscow"",""weekly"":{""mon"":[{""from"":""10:00"",""to"":""23:45""}],""tue"":[{""from"":""10:00"",""to"":""23:45""}],""wed"":[{""from"":""10:00"",""to"":""23:45""}],""thu"":[{""from"":""10:00"",""to"":""23:45""}],""fri"":[{""from"":""10:00"",""to"":""23:45""}],""sat"":[{""from"":""10:00"",""to"":""23:45""}],""sun"":[{""from"":""10:00"",""to"":""23:45""}]}}",afisha,https://www.afisha.ru/msk/restaurant/vkus-ognya-1600979/,True,2026-05-24T07:50:40+00:00,2026-05-24T07:50:40+00:00
afisha-msk-voda-374973,Вода,"Заметный незаметный бар в глубине Петровки. Не секретный, но с трудом находимый бар, открытый Виталием Бганцовым во дворе на задах Петровки. Работает три дня в неделю, четверг, пятницу и субботу. Поваров, меню и столов нет, но лучше заранее позвонить и попросить оставить…","Петровка, 17, стр. 7",55.7647634,37.6158015,среда: 18:00–24:00; четверг: 18:00–03:00; пятница: 18:00–03:00; суббота: 18:00–03:00; воскресенье: 18:00–24:00,"{""timezone"":""Europe/Moscow"",""weekly"":{""wed"":[{""from"":""18:00"",""to"":""00:00"",""next_day"":true}],""thu"":[{""from"":""18:00"",""to"":""03:00"",""next_day"":true}],""fri"":[{""from"":""18:00"",""to"":""03:00"",""next_day"":true}],""sat"":[{""from"":""18:00"",""to"":""03:00"",""next_day"":true}],""sun"":[{""from"":""18:00"",""to"":""00:00"",""next_day"":true}]}}",afisha,https://www.afisha.ru/msk/restaurant/voda-374973/,True,2026-05-24T07:50:40+00:00,2026-05-24T07:50:40+00:00
afisha-msk-vsio-len-495498,Всё лень,Семейное кафе на территории ВДНХ,"просп. Мира, 119, стр. 528, ВДНХ",55.8361748,37.6147697,понедельник: 12:00–22:00; вторник: 12:00–22:00; среда: 12:00–22:00; четверг: 12:00–22:00; пятница: 12:00–23:00; суббота: 12:00–23:00; воскресенье: 12:00–23:00,"{""timezone"":""Europe/Moscow"",""weekly"":{""mon"":[{""from"":""12:00"",""to"":""22:00""}],""tue"":[{""from"":""12:00"",""to"":""22:00""}],""wed"":[{""from"":""12:00"",""to"":""22:00""}],""thu"":[{""from"":""12:00"",""to"":""22:00""}],""fri"":[{""from"":""12:00"",""to"":""23:00""}],""sat"":[{""from"":""12:00"",""to"":""23:00""}],""sun"":[{""from"":""12:00"",""to"":""23:00""}]}}",afisha,https://www.afisha.ru/msk/restaurant/vsio-len-495498/,True,2026-05-24T07:50:40+00:00,2026-05-24T07:50:40+00:00
afisha-msk-gastrodacha-vselug-508211,Гастродача Вселуг,,"Холодильный пер., 3",55.7094923,37.6247823,понедельник: 09:00–23:00; вторник: 09:00–23:00; среда: 09:00–23:00; четверг: 09:00–23:00; пятница: 09:00–23:00; суббота: 10:00–23:00; воскресенье: 10:00–23:00,"{""timezone"":""Europe/Moscow"",""weekly"":{""mon"":[{""from"":""09:00"",""to"":""23:00""}],""tue"":[{""from"":""09:00"",""to"":""23:00""}],""wed"":[{""from"":""09:00"",""to"":""23:00""}],""thu"":[{""from"":""09:00"",""to"":""23:00""}],""fri"":[{""from"":""09:00"",""to"":""23:00""}],""sat"":[{""from"":""10:00"",""to"":""23:00""}],""sun"":[{""from"":""10:00"",""to"":""23:00""}]}}",afisha,https://www.afisha.ru/msk/restaurant/gastrodacha-vselug-508211/,True,2026-05-24T07:50:40+00:00,2026-05-24T07:50:40+00:00
afisha-msk-gorbufet-pelmennaya-496629,Горбуфет «Пельменная»,"Хулиганская пельменная на Малой Дмитровке. Гоша Карпенко и Дмитрий Левицкий продолжают открывать хулиганские проекты. Так, вслед за «Алкобуфетом Рюмка» и «Алкобуфетом Шашлычная» появился «Горбуфет Пельменная». Пространство на 50 посадочных мест открылось в историческом здании…","М.Дмитровка, 3",55.7672406,37.6060301,понедельник: 12:00–02:00; вторник: 12:00–02:00; среда: 12:00–02:00; четверг: 12:00–02:00; пятница: 12:00–03:00; суббота: 12:00–03:00; воскресенье: 12:00–02:00,"{""timezone"":""Europe/Moscow"",""weekly"":{""mon"":[{""from"":""12:00"",""to"":""02:00"",""next_day"":true}],""tue"":[{""from"":""12:00"",""to"":""02:00"",""next_day"":true}],""wed"":[{""from"":""12:00"",""to"":""02:00"",""next_day"":true}],""thu"":[{""from"":""12:00"",""to"":""02:00"",""next_day"":true}],""fri"":[{""from"":""12:00"",""to"":""03:00"",""next_day"":true}],""sat"":[{""from"":""12:00"",""to"":""03:00"",""next_day"":true}],""sun"":[{""from"":""12:00"",""to"":""02:00"",""next_day"":true}]}}",afisha,https://www.afisha.ru/msk/restaurant/gorbufet-pelmennaya-496629/,True,2026-05-24T07:50:40+00:00,2026-05-24T07:50:40+00:00
afisha-msk-gorbufet-shashlychnaya-518996,Горбуфет «Шашлычная»,,"2-я Тверская-Ямская, 2",55.7707157,37.5965316,понедельник: 12:00–02:00; вторник: 12:00–02:00; среда: 12:00–02:00; четверг: 12:00–02:00; пятница: 12:00–05:00; суббота: 12:00–05:00; воскресенье: 12:00–02:00,"{""timezone"":""Europe/Moscow"",""weekly"":{""mon"":[{""from"":""12:00"",""to"":""02:00"",""next_day"":true}],""tue"":[{""from"":""12:00"",""to"":""02:00"",""next_day"":true}],""wed"":[{""from"":""12:00"",""to"":""02:00"",""next_day"":true}],""thu"":[{""from"":""12:00"",""to"":""02:00"",""next_day"":true}],""fri"":[{""from"":""12:00"",""to"":""05:00"",""next_day"":true}],""sat"":[{""from"":""12:00"",""to"":""05:00"",""next_day"":true}],""sun"":[{""from"":""12:00"",""to"":""02:00"",""next_day"":true}]}}",afisha,https://www.afisha.ru/msk/restaurant/gorbufet-shashlychnaya-518996/,True,2026-05-24T07:50:40+00:00,2026-05-24T07:50:40+00:00
afisha-msk-gruzinskoe-podvore-518635,Грузинское подворье,,"Б.Грузинская, 13, стр. 2",55.7656395,37.5769291,понедельник: 10:00–21:00; вторник: 10:00–21:00; среда: 10:00–21:00; четверг: 10:00–21:00; пятница: 10:00–21:00; суббота: 10:00–21:00; воскресенье: 10:00–21:00,"{""timezone"":""Europe/Moscow"",""weekly"":{""mon"":[{""from"":""10:00"",""to"":""21:00""}],""tue"":[{""from"":""10:00"",""to"":""21:00""}],""wed"":[{""from"":""10:00"",""to"":""21:00""}],""thu"":[{""from"":""10:00"",""to"":""21:00""}],""fri"":[{""from"":""10:00"",""to"":""21:00""}],""sat"":[{""from"":""10:00"",""to"":""21:00""}],""sun"":[{""from"":""10:00"",""to"":""21:00""}]}}",afisha,https://www.afisha.ru/msk/restaurant/gruzinskoe-podvore-518635/,True,2026-05-24T07:50:40+00:00,2026-05-24T07:50:40+00:00
afisha-msk-david-tlv-food-bar-497279,Давид TLV Food & Bar,"Мацаболлы и эйсик флеш на Никитском бульваре. Небольшой бар в бело-синих цветах израильского флага работает на Никитском бульваре. В меню ожидаемо встретите все хиты современной израильской кухни: форшмак, фалафель, латкес, хумус и прочие мезе с разнообразными аппетитными…","Никитский б-р, 25",55.7569346,37.59808,понедельник: 12:00–24:00; вторник: 12:00–24:00; среда: 12:00–24:00; четверг: 12:00–24:00; пятница: 12:00–24:00; суббота: 12:00–24:00; воскресенье: 12:00–24:00,"{""timezone"":""Europe/Moscow"",""weekly"":{""mon"":[{""from"":""12:00"",""to"":""00:00"",""next_day"":true}],""tue"":[{""from"":""12:00"",""to"":""00:00"",""next_day"":true}],""wed"":[{""from"":""12:00"",""to"":""00:00"",""next_day"":true}],""thu"":[{""from"":""12:00"",""to"":""00:00"",""next_day"":true}],""fri"":[{""from"":""12:00"",""to"":""00:00"",""next_day"":true}],""sat"":[{""from"":""12:00"",""to"":""00:00"",""next_day"":true}],""sun"":[{""from"":""12:00"",""to"":""00:00"",""next_day"":true}]}}",afisha,https://www.afisha.ru/msk/restaurant/david-tlv-food-bar-497279/,True,2026-05-24T07:50:40+00:00,2026-05-24T07:50:40+00:00
afisha-msk-dacha-gasheka-496170,Дача Гашека,Посольство Чехии на «Новослободской». Известный бар-ресторан переехал с Маяковской и теперь находится в двух минутах от метро «Новослободская». Здесь из двадцати кранов льется настоящее чешское пиво и подаются настойки собственного приготовления (более двадцати видов). Можно…,"Долгоруковская, 31, стр. 32",55.7774617,37.6018815,понедельник: 12:00–24:00; вторник: 12:00–24:00; среда: 12:00–24:00; четверг: 12:00–24:00; пятница: 12:00–03:00; суббота: 12:00–03:00; воскресенье: 12:00–24:00,"{""timezone"":""Europe/Moscow"",""weekly"":{""mon"":[{""from"":""12:00"",""to"":""00:00"",""next_day"":true}],""tue"":[{""from"":""12:00"",""to"":""00:00"",""next_day"":true}],""wed"":[{""from"":""12:00"",""to"":""00:00"",""next_day"":true}],""thu"":[{""from"":""12:00"",""to"":""00:00"",""next_day"":true}],""fri"":[{""from"":""12:00"",""to"":""03:00"",""next_day"":true}],""sat"":[{""from"":""12:00"",""to"":""03:00"",""next_day"":true}],""sun"":[{""from"":""12:00"",""to"":""00:00"",""next_day"":true}]}}",afisha,https://www.afisha.ru/msk/restaurant/dacha-gasheka-496170/,True,2026-05-24T07:50:40+00:00,2026-05-24T07:50:40+00:00
afisha-msk-dvoyka-1600191,Двойка,,"Солянка, 1/2, стр. 2",55.7540242,37.6375887,вторник: 18:00–24:00; среда: 18:00–24:00; четверг: 18:00–03:00; пятница: 18:00–04:30; суббота: 18:00–04:30; воскресенье: 18:00–24:00,"{""timezone"":""Europe/Moscow"",""weekly"":{""tue"":[{""from"":""18:00"",""to"":""00:00"",""next_day"":true}],""wed"":[{""from"":""18:00"",""to"":""00:00"",""next_day"":true}],""thu"":[{""from"":""18:00"",""to"":""03:00"",""next_day"":true}],""fri"":[{""from"":""18:00"",""to"":""04:30"",""next_day"":true}],""sat"":[{""from"":""18:00"",""to"":""04:30"",""next_day"":true}],""sun"":[{""from"":""18:00"",""to"":""00:00"",""next_day"":true}]}}",afisha,https://www.afisha.ru/msk/restaurant/dvoyka-1600191/,True,2026-05-24T07:50:40+00:00,2026-05-24T07:50:40+00:00
afisha-msk-dvoinaia-zhizn-veroniki-495283,Двойная жизнь Вероники,,"Новая пл., 8, стр. 2",55.7580985,37.6267048,понедельник: 16:00–24:00; вторник: 16:00–24:00; среда: 16:00–24:00; четверг: 16:00–24:00; пятница: 16:00–04:00; суббота: 16:00–04:00; воскресенье: 16:00–24:00,"{""timezone"":""Europe/Moscow"",""weekly"":{""mon"":[{""from"":""16:00"",""to"":""00:00"",""next_day"":true}],""tue"":[{""from"":""16:00"",""to"":""00:00"",""next_day"":true}],""wed"":[{""from"":""16:00"",""to"":""00:00"",""next_day"":true}],""thu"":[{""from"":""16:00"",""to"":""00:00"",""next_day"":true}],""fri"":[{""from"":""16:00"",""to"":""04:00"",""next_day"":true}],""sat"":[{""from"":""16:00"",""to"":""04:00"",""next_day"":true}],""sun"":[{""from"":""16:00"",""to"":""00:00"",""next_day"":true}]}}",afisha,https://www.afisha.ru/msk/restaurant/dvoinaia-zhizn-veroniki-495283/,True,2026-05-24T07:50:40+00:00,2026-05-24T07:50:40+00:00
afisha-msk-debyut-1600903,Дебют,,"Столешников пер., 11",55.7633728,37.6158553,понедельник: 12:00–24:00; вторник: 12:00–24:00; среда: 12:00–24:00; четверг: 12:00–24:00; пятница: 12:00–24:00; суббота: 12:00–24:00; воскресенье: 12:00–24:00,"{""timezone"":""Europe/Moscow"",""weekly"":{""mon"":[{""from"":""12:00"",""to"":""00:00"",""next_day"":true}],""tue"":[{""from"":""12:00"",""to"":""00:00"",""next_day"":true}],""wed"":[{""from"":""12:00"",""to"":""00:00"",""next_day"":true}],""thu"":[{""from"":""12:00"",""to"":""00:00"",""next_day"":true}],""fri"":[{""from"":""12:00"",""to"":""00:00"",""next_day"":true}],""sat"":[{""from"":""12:00"",""to"":""00:00"",""next_day"":true}],""sun"":[{""from"":""12:00"",""to"":""00:00"",""next_day"":true}]}}",afisha,https://www.afisha.ru/msk/restaurant/debyut-1600903/,True,2026-05-24T07:50:40+00:00,2026-05-24T07:50:40+00:00
afisha-msk-degustatsionniy-tsentr-glavvino-507810,Дегустационный центр «Главвино»,"Пробуем лучшие образцы и закусываем в павильоне «Главконсерв». Выставка достижений народного виноделия в отреставрированном павильоне «Главконсерв» или «Гастроном №1» 1954 года постройки. Здесь собрана большая коллекция вин российского производства, проходят лекции-дегустации,…","просп. Мира, 119, стр. 510, ВДНХ",55.8357159,37.6250954,понедельник: 11:00–23:00; вторник: 11:00–23:00; среда: 11:00–23:00; четверг: 11:00–23:00; пятница: 11:00–23:00; суббота: 11:00–23:00; воскресенье: 11:00–23:00,"{""timezone"":""Europe/Moscow"",""weekly"":{""mon"":[{""from"":""11:00"",""to"":""23:00""}],""tue"":[{""from"":""11:00"",""to"":""23:00""}],""wed"":[{""from"":""11:00"",""to"":""23:00""}],""thu"":[{""from"":""11:00"",""to"":""23:00""}],""fri"":[{""from"":""11:00"",""to"":""23:00""}],""sat"":[{""from"":""11:00"",""to"":""23:00""}],""sun"":[{""from"":""11:00"",""to"":""23:00""}]}}",afisha,https://www.afisha.ru/msk/restaurant/degustatsionniy-tsentr-glavvino-507810/,True,2026-05-24T07:50:40+00:00,2026-05-24T07:50:40+00:00
afisha-msk-dezhurnaia-riumochnaia-481925,Дежурная рюмочная,,"Н.Арбат, 7",55.7526068,37.597512,понедельник: 08:00–05:30; вторник: 08:00–05:30; среда: 08:00–05:30; четверг: 08:00–05:30; пятница: 08:00–05:30; суббота: 08:00–05:30; воскресенье: 08:00–05:30,"{""timezone"":""Europe/Moscow"",""weekly"":{""mon"":[{""from"":""08:00"",""to"":""05:30"",""next_day"":true}],""tue"":[{""from"":""08:00"",""to"":""05:30"",""next_day"":true}],""wed"":[{""from"":""08:00"",""to"":""05:30"",""next_day"":true}],""thu"":[{""from"":""08:00"",""to"":""05:30"",""next_day"":true}],""fri"":[{""from"":""08:00"",""to"":""05:30"",""next_day"":true}],""sat"":[{""from"":""08:00"",""to"":""05:30"",""next_day"":true}],""sun"":[{""from"":""08:00"",""to"":""05:30"",""next_day"":true}]}}",afisha,https://www.afisha.ru/msk/restaurant/dezhurnaia-riumochnaia-481925/,True,2026-05-24T07:50:40+00:00,2026-05-24T07:50:40+00:00
afisha-msk-domik-v-sadu-496589,Домик в саду,"Гамаки, лепнина и мясо на гриле на ВДНХ. Ресторан Сергея и Евгении Дорониных (Restamama group), идеологов развития космополитичной еды в парках Москвы. Небольшой ресторан расположился в красивом белом особняке с тонкими ажурными колоннами и лепниной в восточном стиле, стоящем в…","просп. Мира, 119, стр. 512, ВДНХ",55.8326006,37.6316219,понедельник: 11:00–21:00; вторник: 11:00–21:00; среда: 11:00–21:00; четверг: 11:00–21:00; пятница: 11:00–22:00; суббота: 11:00–22:00; воскресенье: 11:00–21:00,"{""timezone"":""Europe/Moscow"",""weekly"":{""mon"":[{""from"":""11:00"",""to"":""21:00""}],""tue"":[{""from"":""11:00"",""to"":""21:00""}],""wed"":[{""from"":""11:00"",""to"":""21:00""}],""thu"":[{""from"":""11:00"",""to"":""21:00""}],""fri"":[{""from"":""11:00"",""to"":""22:00""}],""sat"":[{""from"":""11:00"",""to"":""22:00""}],""sun"":[{""from"":""11:00"",""to"":""21:00""}]}}",afisha,https://www.afisha.ru/msk/restaurant/domik-v-sadu-496589/,True,2026-05-24T07:50:40+00:00,2026-05-24T07:50:40+00:00
afisha-msk-dorozhka-1600095,Дорожка,,"3-я ул. Ямского Поля, 2, корп. 5а",55.7838679,37.5825466,понедельник: 15:00–24:00; вторник: 15:00–24:00; среда: 15:00–24:00; четверг: 15:00–24:00; пятница: 15:00–02:00; суббота: 12:00–02:00; воскресенье: 12:00–24:00,"{""timezone"":""Europe/Moscow"",""weekly"":{""mon"":[{""from"":""15:00"",""to"":""00:00"",""next_day"":true}],""tue"":[{""from"":""15:00"",""to"":""00:00"",""next_day"":true}],""wed"":[{""from"":""15:00"",""to"":""00:00"",""next_day"":true}],""thu"":[{""from"":""15:00"",""to"":""00:00"",""next_day"":true}],""fri"":[{""from"":""15:00"",""to"":""02:00"",""next_day"":true}],""sat"":[{""from"":""12:00"",""to"":""02:00"",""next_day"":true}],""sun"":[{""from"":""12:00"",""to"":""00:00"",""next_day"":true}]}}",afisha,https://www.afisha.ru/msk/restaurant/dorozhka-1600095/,True,2026-05-24T07:50:40+00:00,2026-05-24T07:50:40+00:00
afisha-msk-enot-i-kryzhovnik-1600281,Енот и крыжовник,,"Лесная, 20, стр. 3, фуд-молл «Депо. Москва»",55.7802479,37.5930264,понедельник: 10:00–22:00; вторник: 10:00–22:00; среда: 10:00–22:00; четверг: 10:00–22:00; пятница: 10:00–22:00; суббота: 10:00–22:00; воскресенье: 10:00–22:00,"{""timezone"":""Europe/Moscow"",""weekly"":{""mon"":[{""from"":""10:00"",""to"":""22:00""}],""tue"":[{""from"":""10:00"",""to"":""22:00""}],""wed"":[{""from"":""10:00"",""to"":""22:00""}],""thu"":[{""from"":""10:00"",""to"":""22:00""}],""fri"":[{""from"":""10:00"",""to"":""22:00""}],""sat"":[{""from"":""10:00"",""to"":""22:00""}],""sun"":[{""from"":""10:00"",""to"":""22:00""}]}}",afisha,https://www.afisha.ru/msk/restaurant/enot-i-kryzhovnik-1600281/,True,2026-05-24T07:50:40+00:00,2026-05-24T07:50:40+00:00
afisha-msk-zhar-ptitsa-519059,Жар-птица,,"Ниж.Масловка, 15",55.791077,37.574524,понедельник: 09:00–23:00; вторник: 09:00–23:00; среда: 09:00–23:00; четверг: 09:00–23:00; пятница: 09:00–23:00; суббота: 09:00–23:00; воскресенье: 09:00–23:00,"{""timezone"":""Europe/Moscow"",""weekly"":{""mon"":[{""from"":""09:00"",""to"":""23:00""}],""tue"":[{""from"":""09:00"",""to"":""23:00""}],""wed"":[{""from"":""09:00"",""to"":""23:00""}],""thu"":[{""from"":""09:00"",""to"":""23:00""}],""fri"":[{""from"":""09:00"",""to"":""23:00""}],""sat"":[{""from"":""09:00"",""to"":""23:00""}],""sun"":[{""from"":""09:00"",""to"":""23:00""}]}}",afisha,https://www.afisha.ru/msk/restaurant/zhar-ptitsa-519059/,True,2026-05-24T07:50:40+00:00,2026-05-24T07:50:40+00:00
afisha-msk-zinziver-457071,Зинзивер,"Непростая рюмочная на Покровке. Новое переосмысление жанра городских рюмочных с мощной арт-составляющей (название отсылает нас к стихотворению Велимира Хлебникова) и максимально демократичным меню. Из уникального — конструктор «ершей», где можно сочетать самые невообразимые…","Покровка, 14/2, стр. 1",55.759086,37.64498,понедельник: 16:00–04:30; вторник: 16:00–04:30; среда: 16:00–04:30; четверг: 16:00–04:30; пятница: 16:00–04:30; суббота: 14:00–04:30; воскресенье: 14:00–04:30,"{""timezone"":""Europe/Moscow"",""weekly"":{""mon"":[{""from"":""16:00"",""to"":""04:30"",""next_day"":true}],""tue"":[{""from"":""16:00"",""to"":""04:30"",""next_day"":true}],""wed"":[{""from"":""16:00"",""to"":""04:30"",""next_day"":true}],""thu"":[{""from"":""16:00"",""to"":""04:30"",""next_day"":true}],""fri"":[{""from"":""16:00"",""to"":""04:30"",""next_day"":true}],""sat"":[{""from"":""14:00"",""to"":""04:30"",""next_day"":true}],""sun"":[{""from"":""14:00"",""to"":""04:30"",""next_day"":true}]}}",afisha,https://www.afisha.ru/msk/restaurant/zinziver-457071/,True,2026-05-24T07:50:40+00:00,2026-05-24T07:50:40+00:00
afisha-msk-izraztsy-518632,Изразцы,,"Андроньевская пл., 10, стр. 13, Спасо-Андроников монастырь",55.7489024,37.669796,понедельник: 11:00–19:00; вторник: 11:00–21:00; среда: 11:00–21:00; четверг: 11:00–21:00; пятница: 11:00–21:00; суббота: 11:00–21:00; воскресенье: 11:00–19:00,"{""timezone"":""Europe/Moscow"",""weekly"":{""mon"":[{""from"":""11:00"",""to"":""19:00""}],""tue"":[{""from"":""11:00"",""to"":""21:00""}],""wed"":[{""from"":""11:00"",""to"":""21:00""}],""thu"":[{""from"":""11:00"",""to"":""21:00""}],""fri"":[{""from"":""11:00"",""to"":""21:00""}],""sat"":[{""from"":""11:00"",""to"":""21:00""}],""sun"":[{""from"":""11:00"",""to"":""19:00""}]}}",afisha,https://www.afisha.ru/msk/restaurant/izraztsy-518632/,True,2026-05-24T07:50:40+00:00,2026-05-24T07:50:40+00:00
afisha-msk-inta-508246,Инта,,"Остоженка, 14/2",55.7418608,37.599057,четверг: 18:00–03:00; пятница: 18:00–03:00; суббота: 18:00–03:00,"{""timezone"":""Europe/Moscow"",""weekly"":{""thu"":[{""from"":""18:00"",""to"":""03:00"",""next_day"":true}],""fri"":[{""from"":""18:00"",""to"":""03:00"",""next_day"":true}],""sat"":[{""from"":""18:00"",""to"":""03:00"",""next_day"":true}]}}",afisha,https://www.afisha.ru/msk/restaurant/inta-508246/,True,2026-05-24T07:50:40+00:00,2026-05-24T07:50:40+00:00
afisha-msk-intelligentsiia-494302,Интеллигенция 2.0,"Камерный ресторан со своим двором на Таганке. «Интеллигенция» — ресторан в старинном здании Алексеевской слободы 1865 года, с верандой, видом на церковь Святителя Мартина Исповедника, советской мозаикой, украшавшей когда-то стены завода «Серп и молот», интересной винной картой,…","Александра Солженицына, 17, стр. 1",55.7438209,37.6615817,понедельник: 12:00–24:00; вторник: 12:00–24:00; среда: 12:00–24:00; четверг: 12:00–24:00; пятница: 12:00–24:00; суббота: 12:00–24:00; воскресенье: 12:00–24:00,"{""timezone"":""Europe/Moscow"",""weekly"":{""mon"":[{""from"":""12:00"",""to"":""00:00"",""next_day"":true}],""tue"":[{""from"":""12:00"",""to"":""00:00"",""next_day"":true}],""wed"":[{""from"":""12:00"",""to"":""00:00"",""next_day"":true}],""thu"":[{""from"":""12:00"",""to"":""00:00"",""next_day"":true}],""fri"":[{""from"":""12:00"",""to"":""00:00"",""next_day"":true}],""sat"":[{""from"":""12:00"",""to"":""00:00"",""next_day"":true}],""sun"":[{""from"":""12:00"",""to"":""00:00"",""next_day"":true}]}}",afisha,https://www.afisha.ru/msk/restaurant/intelligentsiia-494302/,True,2026-05-24T07:50:40+00:00,2026-05-24T07:50:40+00:00
afisha-msk-iona-1601415,Иона,,"Строгинский б-р, влад. 14",55.8035453,37.4018629,понедельник: 08:00–21:00; вторник: 08:00–21:00; среда: 08:00–21:00; четверг: 08:00–21:00; пятница: 08:00–21:00; суббота: 08:00–21:00; воскресенье: 08:00–21:00,"{""timezone"":""Europe/Moscow"",""weekly"":{""mon"":[{""from"":""08:00"",""to"":""21:00""}],""tue"":[{""from"":""08:00"",""to"":""21:00""}],""wed"":[{""from"":""08:00"",""to"":""21:00""}],""thu"":[{""from"":""08:00"",""to"":""21:00""}],""fri"":[{""from"":""08:00"",""to"":""21:00""}],""sat"":[{""from"":""08:00"",""to"":""21:00""}],""sun"":[{""from"":""08:00"",""to"":""21:00""}]}}",afisha,https://www.afisha.ru/msk/restaurant/iona-1601415/,True,2026-05-24T07:50:40+00:00,2026-05-24T07:50:40+00:00
afisha-msk-ispanskii-styd-488491,Испанский стыд,,"Кривоколенный пер., 10, стр. 5, бар «Во сколько начинается аперитив?»",55.7616282,37.6360861,пятница: 18:00–06:00; суббота: 18:00–06:00,"{""timezone"":""Europe/Moscow"",""weekly"":{""fri"":[{""from"":""18:00"",""to"":""06:00"",""next_day"":true}],""sat"":[{""from"":""18:00"",""to"":""06:00"",""next_day"":true}]}}",afisha,https://www.afisha.ru/msk/restaurant/ispanskii-styd-488491/,True,2026-05-24T07:50:40+00:00,2026-05-24T07:50:40+00:00
afisha-msk-kabinet-314-486834,Кабинет 3.14,"Театрализованный бар на Трубной. Театрализованный бар, посвященный эстетике тайных кабинетов. Покерные столы вместо стоек, карты таро вместо коктейльного листа, десятки сложносочиненных коктейлей, ярких, но с прекрасным балансом. Отдельное развлечение — пейринг: долго…","Трубная, 32, стр. 3",55.771829,37.625828,среда: 20:00–02:00; четверг: 20:00–02:00; пятница: 20:00–03:00; суббота: 20:00–03:00; воскресенье: 20:00–02:00,"{""timezone"":""Europe/Moscow"",""weekly"":{""wed"":[{""from"":""20:00"",""to"":""02:00"",""next_day"":true}],""thu"":[{""from"":""20:00"",""to"":""02:00"",""next_day"":true}],""fri"":[{""from"":""20:00"",""to"":""03:00"",""next_day"":true}],""sat"":[{""from"":""20:00"",""to"":""03:00"",""next_day"":true}],""sun"":[{""from"":""20:00"",""to"":""02:00"",""next_day"":true}]}}",afisha,https://www.afisha.ru/msk/restaurant/kabinet-314-486834/,True,2026-05-24T07:50:40+00:00,2026-05-24T07:50:40+00:00
afisha-msk-kitaiskie-novosti-350116,Китайские новости,,"Н.Арбат, 17",55.752082,37.590852,понедельник: 12:00–24:00; вторник: 12:00–24:00; среда: 12:00–24:00; четверг: 12:00–24:00; пятница: 12:00–24:00; суббота: 12:00–24:00; воскресенье: 12:00–24:00,"{""timezone"":""Europe/Moscow"",""weekly"":{""mon"":[{""from"":""12:00"",""to"":""00:00"",""next_day"":true}],""tue"":[{""from"":""12:00"",""to"":""00:00"",""next_day"":true}],""wed"":[{""from"":""12:00"",""to"":""00:00"",""next_day"":true}],""thu"":[{""from"":""12:00"",""to"":""00:00"",""next_day"":true}],""fri"":[{""from"":""12:00"",""to"":""00:00"",""next_day"":true}],""sat"":[{""from"":""12:00"",""to"":""00:00"",""next_day"":true}],""sun"":[{""from"":""12:00"",""to"":""00:00"",""next_day"":true}]}}",afisha,https://www.afisha.ru/msk/restaurant/kitaiskie-novosti-350116/,True,2026-05-24T07:50:40+00:00,2026-05-24T07:50:40+00:00
afisha-msk-klava-456622,Клава,,"Петровка, 20/1",55.7641669,37.6176308,понедельник: 17:00–04:00; вторник: 17:00–04:00; среда: 17:00–04:00; четверг: 17:00–04:00; пятница: 17:00–04:00; суббота: 17:00–04:00; воскресенье: 17:00–04:00,"{""timezone"":""Europe/Moscow"",""weekly"":{""mon"":[{""from"":""17:00"",""to"":""04:00"",""next_day"":true}],""tue"":[{""from"":""17:00"",""to"":""04:00"",""next_day"":true}],""wed"":[{""from"":""17:00"",""to"":""04:00"",""next_day"":true}],""thu"":[{""from"":""17:00"",""to"":""04:00"",""next_day"":true}],""fri"":[{""from"":""17:00"",""to"":""04:00"",""next_day"":true}],""sat"":[{""from"":""17:00"",""to"":""04:00"",""next_day"":true}],""sun"":[{""from"":""17:00"",""to"":""04:00"",""next_day"":true}]}}",afisha,https://www.afisha.ru/msk/restaurant/klava-456622/,True,2026-05-24T07:50:40+00:00,2026-05-24T07:50:40+00:00
afisha-msk-klub-495084,Клуб,,"Покровский б-р, 6/20, стр. 1",55.7575694,37.646292,понедельник: 12:00–04:00; вторник: 12:00–04:00; среда: 12:00–04:00; четверг: 12:00–04:00; пятница: 12:00–04:00; суббота: 12:00–04:00; воскресенье: 12:00–04:00,"{""timezone"":""Europe/Moscow"",""weekly"":{""mon"":[{""from"":""12:00"",""to"":""04:00"",""next_day"":true}],""tue"":[{""from"":""12:00"",""to"":""04:00"",""next_day"":true}],""wed"":[{""from"":""12:00"",""to"":""04:00"",""next_day"":true}],""thu"":[{""from"":""12:00"",""to"":""04:00"",""next_day"":true}],""fri"":[{""from"":""12:00"",""to"":""04:00"",""next_day"":true}],""sat"":[{""from"":""12:00"",""to"":""04:00"",""next_day"":true}],""sun"":[{""from"":""12:00"",""to"":""04:00"",""next_day"":true}]}}",afisha,https://www.afisha.ru/msk/restaurant/klub-495084/,True,2026-05-24T07:50:40+00:00,2026-05-24T07:50:40+00:00
afisha-msk-knorozov-bar-494322,Кнорозов,"Мексиканские коктейли и иероглифы майя на Пятницкой. Через Tacobar можно попасть в заведение, которое носит имя Юрия Валентиновича Кнорозова — историка, лингвиста и основателя советской школы майянистики. За спиной шеф-бармена Ильи Пудовкина — опыт работы в Gin Tonic Bar и…","Пятницкая, 59/19, стр. 5, цокольный этаж",55.7331104,37.6277999,понедельник: 18:00–24:00; вторник: 18:00–24:00; среда: 18:00–24:00; четверг: 18:00–02:00; пятница: 18:00–02:00; суббота: 18:00–02:00; воскресенье: 18:00–24:00,"{""timezone"":""Europe/Moscow"",""weekly"":{""mon"":[{""from"":""18:00"",""to"":""00:00"",""next_day"":true}],""tue"":[{""from"":""18:00"",""to"":""00:00"",""next_day"":true}],""wed"":[{""from"":""18:00"",""to"":""00:00"",""next_day"":true}],""thu"":[{""from"":""18:00"",""to"":""02:00"",""next_day"":true}],""fri"":[{""from"":""18:00"",""to"":""02:00"",""next_day"":true}],""sat"":[{""from"":""18:00"",""to"":""02:00"",""next_day"":true}],""sun"":[{""from"":""18:00"",""to"":""00:00"",""next_day"":true}]}}",afisha,https://www.afisha.ru/msk/restaurant/knorozov-bar-494322/,True,2026-05-24T07:50:40+00:00,2026-05-24T07:50:40+00:00
afisha-msk-kom-495033,Ком,,"М.Казенный пер., 2",55.7601047,37.6530792,понедельник: 13:00–22:00; вторник: 13:00–22:00; среда: 13:00–22:00; четверг: 13:00–22:00; пятница: 13:00–23:00; суббота: 13:00–23:00; воскресенье: 13:00–23:00,"{""timezone"":""Europe/Moscow"",""weekly"":{""mon"":[{""from"":""13:00"",""to"":""22:00""}],""tue"":[{""from"":""13:00"",""to"":""22:00""}],""wed"":[{""from"":""13:00"",""to"":""22:00""}],""thu"":[{""from"":""13:00"",""to"":""22:00""}],""fri"":[{""from"":""13:00"",""to"":""23:00""}],""sat"":[{""from"":""13:00"",""to"":""23:00""}],""sun"":[{""from"":""13:00"",""to"":""23:00""}]}}",afisha,https://www.afisha.ru/msk/restaurant/kom-495033/,True,2026-05-24T07:50:40+00:00,2026-05-24T07:50:40+00:00
afisha-msk-kong-1600999,Конг,,"Ленинградский просп., 37/6",55.7940202,37.54247,понедельник: 11:00–23:00; вторник: 11:00–23:00; среда: 11:00–23:00; четверг: 11:00–23:00; пятница: 11:00–23:00; суббота: 11:00–23:00; воскресенье: 11:00–23:00,"{""timezone"":""Europe/Moscow"",""weekly"":{""mon"":[{""from"":""11:00"",""to"":""23:00""}],""tue"":[{""from"":""11:00"",""to"":""23:00""}],""wed"":[{""from"":""11:00"",""to"":""23:00""}],""thu"":[{""from"":""11:00"",""to"":""23:00""}],""fri"":[{""from"":""11:00"",""to"":""23:00""}],""sat"":[{""from"":""11:00"",""to"":""23:00""}],""sun"":[{""from"":""11:00"",""to"":""23:00""}]}}",afisha,https://www.afisha.ru/msk/restaurant/kong-1600999/,True,2026-05-24T07:50:40+00:00,2026-05-24T07:50:40+00:00
afisha-msk-kosmos-485319,Космос,"Кафе в павильоне «Космос». Неожиданное по дизайну интерьера кафе-столовая в недрах павильона №32 на ВДНХ, куда можно попасть, получив бесплатный билет в кассе с возможностью 15-минутного обзора экспозиции. Ответственные за яркий интерьер — архитекторы сестры Сундуковы. В меню —…","просп. Мира, 119, стр. 34, ВДНХ, павильон «Космонавтика и авиация»",55.8352841,37.6214873,вторник: 11:00–22:00; среда: 11:00–22:00; четверг: 11:00–22:00; пятница: 11:00–22:00; суббота: 11:00–22:00; воскресенье: 11:00–22:00,"{""timezone"":""Europe/Moscow"",""weekly"":{""tue"":[{""from"":""11:00"",""to"":""22:00""}],""wed"":[{""from"":""11:00"",""to"":""22:00""}],""thu"":[{""from"":""11:00"",""to"":""22:00""}],""fri"":[{""from"":""11:00"",""to"":""22:00""}],""sat"":[{""from"":""11:00"",""to"":""22:00""}],""sun"":[{""from"":""11:00"",""to"":""22:00""}]}}",afisha,https://www.afisha.ru/msk/restaurant/kosmos-485319/,True,2026-05-24T07:50:40+00:00,2026-05-24T07:50:40+00:00
afisha-msk-kotelnaia-470591,Котельная,"Бар на территории «Депо» от команды Noor Bar. Архитектор Сергей Покровский (Denis Simachev Shop & Bar) решил оставить на стенах аутентичную плитку бывшей котельной Миусского депо и сохранить 15-метровые потолки, под которыми в VIP-комнате можно устроить собственную вечеринку.…","Лесная, 20, стр. 5",55.77916,37.591171,понедельник: 12:00–24:00; вторник: 12:00–24:00; среда: 12:00–24:00; четверг: 12:00–24:00; пятница: 12:00–05:00; суббота: 12:00–05:00; воскресенье: 12:00–05:00,"{""timezone"":""Europe/Moscow"",""weekly"":{""mon"":[{""from"":""12:00"",""to"":""00:00"",""next_day"":true}],""tue"":[{""from"":""12:00"",""to"":""00:00"",""next_day"":true}],""wed"":[{""from"":""12:00"",""to"":""00:00"",""next_day"":true}],""thu"":[{""from"":""12:00"",""to"":""00:00"",""next_day"":true}],""fri"":[{""from"":""12:00"",""to"":""05:00"",""next_day"":true}],""sat"":[{""from"":""12:00"",""to"":""05:00"",""next_day"":true}],""sun"":[{""from"":""12:00"",""to"":""05:00"",""next_day"":true}]}}",afisha,https://www.afisha.ru/msk/restaurant/kotelnaia-470591/,True,2026-05-24T07:50:40+00:00,2026-05-24T07:50:40+00:00
afisha-msk-bazar-mangal-493752,Кочевники,,"Сретенка, 5, стр. 1",55.7673511,37.6313967,понедельник: 11:00–24:00; вторник: 11:00–24:00; среда: 11:00–24:00; четверг: 11:00–24:00; пятница: 11:00–24:00; суббота: 10:00–24:00; воскресенье: 10:00–24:00,"{""timezone"":""Europe/Moscow"",""weekly"":{""mon"":[{""from"":""11:00"",""to"":""00:00"",""next_day"":true}],""tue"":[{""from"":""11:00"",""to"":""00:00"",""next_day"":true}],""wed"":[{""from"":""11:00"",""to"":""00:00"",""next_day"":true}],""thu"":[{""from"":""11:00"",""to"":""00:00"",""next_day"":true}],""fri"":[{""from"":""11:00"",""to"":""00:00"",""next_day"":true}],""sat"":[{""from"":""10:00"",""to"":""00:00"",""next_day"":true}],""sun"":[{""from"":""10:00"",""to"":""00:00"",""next_day"":true}]}}",afisha,https://www.afisha.ru/msk/restaurant/bazar-mangal-493752/,True,2026-05-24T07:50:40+00:00,2026-05-24T07:50:40+00:00
afisha-msk-krivokolenniy-9s3-507622,Кривоколенный 9с3,,"Кривоколенный пер., 9, стр. 3",55.7628633,37.6378678,понедельник: 10:00–24:00; вторник: 10:00–24:00; среда: 10:00–24:00; четверг: 10:00–24:00; пятница: 10:00–24:00; суббота: 10:00–01:00; воскресенье: 10:00–24:00,"{""timezone"":""Europe/Moscow"",""weekly"":{""mon"":[{""from"":""10:00"",""to"":""00:00"",""next_day"":true}],""tue"":[{""from"":""10:00"",""to"":""00:00"",""next_day"":true}],""wed"":[{""from"":""10:00"",""to"":""00:00"",""next_day"":true}],""thu"":[{""from"":""10:00"",""to"":""00:00"",""next_day"":true}],""fri"":[{""from"":""10:00"",""to"":""00:00"",""next_day"":true}],""sat"":[{""from"":""10:00"",""to"":""01:00"",""next_day"":true}],""sun"":[{""from"":""10:00"",""to"":""00:00"",""next_day"":true}]}}",afisha,https://www.afisha.ru/msk/restaurant/krivokolenniy-9s3-507622/,True,2026-05-24T07:50:40+00:00,2026-05-24T07:50:40+00:00
afisha-msk-kuznetskiy-most-1600133,Кузнецкий Мост,,"Кузнецкий Мост, 6/3, стр. 3",55.7611766,37.6175011,понедельник: 09:00–24:00; вторник: 09:00–24:00; среда: 09:00–24:00; четверг: 09:00–24:00; пятница: 09:00–24:00; суббота: 09:00–24:00; воскресенье: 09:00–24:00,"{""timezone"":""Europe/Moscow"",""weekly"":{""mon"":[{""from"":""09:00"",""to"":""00:00"",""next_day"":true}],""tue"":[{""from"":""09:00"",""to"":""00:00"",""next_day"":true}],""wed"":[{""from"":""09:00"",""to"":""00:00"",""next_day"":true}],""thu"":[{""from"":""09:00"",""to"":""00:00"",""next_day"":true}],""fri"":[{""from"":""09:00"",""to"":""00:00"",""next_day"":true}],""sat"":[{""from"":""09:00"",""to"":""00:00"",""next_day"":true}],""sun"":[{""from"":""09:00"",""to"":""00:00"",""next_day"":true}]}}",afisha,https://www.afisha.ru/msk/restaurant/kuznetskiy-most-1600133/,True,2026-05-24T07:50:40+00:00,2026-05-24T07:50:40+00:00
afisha-msk-lado-488576,Ладо,"Бистро и бар в особняке XVII века. Проект в Кривоколенном переулке запустили основатели «Лисицы» Аня Павличенко и Станислав Захаров. Звезды барной карты — пронумерованные коктейли. Например, коктейль №5 на роме, ликере какао, базилике и биттере из альпийских трав, №7 — на…","Кривоколенный пер., 9, стр. 2",55.7628342,37.6373819,понедельник: 12:00–24:00; вторник: 12:00–24:00; среда: 12:00–24:00; четверг: 12:00–24:00; пятница: 12:00–01:00; суббота: 12:00–01:00; воскресенье: 12:00–24:00,"{""timezone"":""Europe/Moscow"",""weekly"":{""mon"":[{""from"":""12:00"",""to"":""00:00"",""next_day"":true}],""tue"":[{""from"":""12:00"",""to"":""00:00"",""next_day"":true}],""wed"":[{""from"":""12:00"",""to"":""00:00"",""next_day"":true}],""thu"":[{""from"":""12:00"",""to"":""00:00"",""next_day"":true}],""fri"":[{""from"":""12:00"",""to"":""01:00"",""next_day"":true}],""sat"":[{""from"":""12:00"",""to"":""01:00"",""next_day"":true}],""sun"":[{""from"":""12:00"",""to"":""00:00"",""next_day"":true}]}}",afisha,https://www.afisha.ru/msk/restaurant/lado-488576/,True,2026-05-24T07:50:40+00:00,2026-05-24T07:50:40+00:00
afisha-msk-legendar-1600754,Легендар,"Коктейльный бар и кофейня родом из Минска. «Легендар» — проект беларуса Андрея Степанца, основная идея которого закручена вокруг сказок и былин. Здесь все отсылает к мифам и легендам: и коктейльная карта с названиями напитков вроде «Русалки», «Травника» или «Перуна», и…","М.Дмитровка, 4",55.7673057,37.6067227,понедельник: 08:00–02:00; вторник: 08:00–02:00; среда: 08:00–02:00; четверг: 08:00–02:00; пятница: 08:00–04:00; суббота: 09:00–04:00; воскресенье: 09:00–02:00,"{""timezone"":""Europe/Moscow"",""weekly"":{""mon"":[{""from"":""08:00"",""to"":""02:00"",""next_day"":true}],""tue"":[{""from"":""08:00"",""to"":""02:00"",""next_day"":true}],""wed"":[{""from"":""08:00"",""to"":""02:00"",""next_day"":true}],""thu"":[{""from"":""08:00"",""to"":""02:00"",""next_day"":true}],""fri"":[{""from"":""08:00"",""to"":""04:00"",""next_day"":true}],""sat"":[{""from"":""09:00"",""to"":""04:00"",""next_day"":true}],""sun"":[{""from"":""09:00"",""to"":""02:00"",""next_day"":true}]}}",afisha,https://www.afisha.ru/msk/restaurant/legendar-1600754/,True,2026-05-24T07:50:40+00:00,2026-05-24T07:50:40+00:00
afisha-msk-lima-486253,Лима,,"Ленинградский просп., 10",55.7796748,37.5799101,понедельник: 12:00–23:00; вторник: 12:00–23:00; среда: 12:00–23:00; четверг: 12:00–23:00; пятница: 12:00–23:00; суббота: 12:00–23:00; воскресенье: 12:00–23:00,"{""timezone"":""Europe/Moscow"",""weekly"":{""mon"":[{""from"":""12:00"",""to"":""23:00""}],""tue"":[{""from"":""12:00"",""to"":""23:00""}],""wed"":[{""from"":""12:00"",""to"":""23:00""}],""thu"":[{""from"":""12:00"",""to"":""23:00""}],""fri"":[{""from"":""12:00"",""to"":""23:00""}],""sat"":[{""from"":""12:00"",""to"":""23:00""}],""sun"":[{""from"":""12:00"",""to"":""23:00""}]}}",afisha,https://www.afisha.ru/msk/restaurant/lima-486253/,True,2026-05-24T07:50:40+00:00,2026-05-24T07:50:40+00:00
afisha-msk-magadan-na-krasnom-oktiabre-442552,Магадан на Красном Октябре,"Рыбный ресторан на «Красном Октябре». Серийный ресторан Аркадия Новикова с морепродуктами. Рекомендуют креветки, рапана, шашлык из осетрины и все из раздела «Морские деликатесы».","Берсеневский пер., 3/10, стр. 8, арт-кластер «Красный Октябрь»",55.7418616,37.6095918,понедельник: 12:00–24:00; вторник: 12:00–24:00; среда: 12:00–24:00; четверг: 12:00–24:00; пятница: 12:00–05:00; суббота: 12:00–05:00; воскресенье: 12:00–24:00,"{""timezone"":""Europe/Moscow"",""weekly"":{""mon"":[{""from"":""12:00"",""to"":""00:00"",""next_day"":true}],""tue"":[{""from"":""12:00"",""to"":""00:00"",""next_day"":true}],""wed"":[{""from"":""12:00"",""to"":""00:00"",""next_day"":true}],""thu"":[{""from"":""12:00"",""to"":""00:00"",""next_day"":true}],""fri"":[{""from"":""12:00"",""to"":""05:00"",""next_day"":true}],""sat"":[{""from"":""12:00"",""to"":""05:00"",""next_day"":true}],""sun"":[{""from"":""12:00"",""to"":""00:00"",""next_day"":true}]}}",afisha,https://www.afisha.ru/msk/restaurant/magadan-na-krasnom-oktiabre-442552/,True,2026-05-24T07:50:40+00:00,2026-05-24T07:50:40+00:00
afisha-msk-mama-tuta-493092,Мама Tuta,Грузинская кухня Арама Мнацаканова. Грузинская кухня с аутентичным хлебом шотис из глиняной печки. Хачапури по-мегрельски с удвоенной порцией сыра и интригующие мини-хинкали.,"М.Бронная, 24, стр. 1",55.763198,37.5947171,понедельник: 09:00–00:30; вторник: 09:00–00:30; среда: 09:00–00:30; четверг: 09:00–00:30; пятница: 09:00–00:30; суббота: 10:00–00:30; воскресенье: 10:00–00:30,"{""timezone"":""Europe/Moscow"",""weekly"":{""mon"":[{""from"":""09:00"",""to"":""00:30"",""next_day"":true}],""tue"":[{""from"":""09:00"",""to"":""00:30"",""next_day"":true}],""wed"":[{""from"":""09:00"",""to"":""00:30"",""next_day"":true}],""thu"":[{""from"":""09:00"",""to"":""00:30"",""next_day"":true}],""fri"":[{""from"":""09:00"",""to"":""00:30"",""next_day"":true}],""sat"":[{""from"":""10:00"",""to"":""00:30"",""next_day"":true}],""sun"":[{""from"":""10:00"",""to"":""00:30"",""next_day"":true}]}}",afisha,https://www.afisha.ru/msk/restaurant/mama-tuta-493092/,True,2026-05-24T07:50:40+00:00,2026-05-24T07:50:40+00:00
afisha-msk-mama-budet-rada-di-giacomo-lombardi-456623,Мама будет рада! di Giacomo Lombardi,"Вечные ценности в исполнении Джакомо Ломбарди. Итальянский ресторан на Пушкинской площади. Меню придумал и запустил по кастрюлям и сковородкам бренд-шеф Джакомо Ломбарди, взявший за основу рецепты своей семьи. В «Мама будет рада!» готовят вечные ценности, качество которых…","Пушкинская пл., 2/1",55.7662487,37.6075482,понедельник: 11:00–24:00; вторник: 11:00–24:00; среда: 11:00–24:00; четверг: 11:00–24:00; пятница: 11:00–24:00; суббота: 11:00–24:00; воскресенье: 11:00–24:00,"{""timezone"":""Europe/Moscow"",""weekly"":{""mon"":[{""from"":""11:00"",""to"":""00:00"",""next_day"":true}],""tue"":[{""from"":""11:00"",""to"":""00:00"",""next_day"":true}],""wed"":[{""from"":""11:00"",""to"":""00:00"",""next_day"":true}],""thu"":[{""from"":""11:00"",""to"":""00:00"",""next_day"":true}],""fri"":[{""from"":""11:00"",""to"":""00:00"",""next_day"":true}],""sat"":[{""from"":""11:00"",""to"":""00:00"",""next_day"":true}],""sun"":[{""from"":""11:00"",""to"":""00:00"",""next_day"":true}]}}",afisha,https://www.afisha.ru/msk/restaurant/mama-budet-rada-di-giacomo-lombardi-456623/,True,2026-05-24T07:50:40+00:00,2026-05-24T07:50:40+00:00
afisha-msk-mariia-santa-493291,Мария Санта,"Убедительная Италия на Трубной. Ресторан итальянской кухни, открытый на месте чудесного «Тажина» и принадлежащий команде Татьяны Мельниковой («Хача», «Одесса-мама», «Свинья и роза»). Вокруг — убедительная Италия с белоснежными скатертями, пожившей мебелью, сельскими тарелками и…","Трубная, 15, 1 этаж",55.7693942,37.6248923,понедельник: 09:00–23:00; вторник: 09:00–23:00; среда: 09:00–23:00; четверг: 09:00–23:00; пятница: 09:00–24:00; суббота: 11:00–24:00; воскресенье: 11:00–23:00,"{""timezone"":""Europe/Moscow"",""weekly"":{""mon"":[{""from"":""09:00"",""to"":""23:00""}],""tue"":[{""from"":""09:00"",""to"":""23:00""}],""wed"":[{""from"":""09:00"",""to"":""23:00""}],""thu"":[{""from"":""09:00"",""to"":""23:00""}],""fri"":[{""from"":""09:00"",""to"":""00:00"",""next_day"":true}],""sat"":[{""from"":""11:00"",""to"":""00:00"",""next_day"":true}],""sun"":[{""from"":""11:00"",""to"":""23:00""}]}}",afisha,https://www.afisha.ru/msk/restaurant/mariia-santa-493291/,True,2026-05-24T07:50:40+00:00,2026-05-24T07:50:40+00:00
afisha-msk-mashenka-1601240,Машенька,"Творческий тандем Александра Раппопорта и Игоря Гришечкина. «Машенька» — первое большое открытие Александра Раппопорта после почти пятилетнего перерыва. Название ресторана отсылает к одноименному произведению Набокова, и все здесь подчинено русскому духу. Доминанта интерьера и…","Варварка, 14",55.7528129,37.6322826,понедельник: 12:00–24:00; вторник: 12:00–24:00; среда: 12:00–24:00; четверг: 12:00–24:00; пятница: 12:00–24:00; суббота: 12:00–24:00; воскресенье: 12:00–24:00,"{""timezone"":""Europe/Moscow"",""weekly"":{""mon"":[{""from"":""12:00"",""to"":""00:00"",""next_day"":true}],""tue"":[{""from"":""12:00"",""to"":""00:00"",""next_day"":true}],""wed"":[{""from"":""12:00"",""to"":""00:00"",""next_day"":true}],""thu"":[{""from"":""12:00"",""to"":""00:00"",""next_day"":true}],""fri"":[{""from"":""12:00"",""to"":""00:00"",""next_day"":true}],""sat"":[{""from"":""12:00"",""to"":""00:00"",""next_day"":true}],""sun"":[{""from"":""12:00"",""to"":""00:00"",""next_day"":true}]}}",afisha,https://www.afisha.ru/msk/restaurant/mashenka-1601240/,True,2026-05-24T07:50:40+00:00,2026-05-24T07:50:40+00:00
afisha-msk-monastyrskaya-trapeza-518631,Монастырская трапеза,,"Таганская, 58, стр. 14, Покровский монастырь",55.7374283,37.6693597,понедельник: 08:00–20:00; вторник: 08:00–20:00; среда: 08:00–20:00; четверг: 08:00–20:00; пятница: 08:00–20:00; суббота: 08:00–20:00; воскресенье: 08:00–20:00,"{""timezone"":""Europe/Moscow"",""weekly"":{""mon"":[{""from"":""08:00"",""to"":""20:00""}],""tue"":[{""from"":""08:00"",""to"":""20:00""}],""wed"":[{""from"":""08:00"",""to"":""20:00""}],""thu"":[{""from"":""08:00"",""to"":""20:00""}],""fri"":[{""from"":""08:00"",""to"":""20:00""}],""sat"":[{""from"":""08:00"",""to"":""20:00""}],""sun"":[{""from"":""08:00"",""to"":""20:00""}]}}",afisha,https://www.afisha.ru/msk/restaurant/monastyrskaya-trapeza-518631/,True,2026-05-24T07:50:40+00:00,2026-05-24T07:50:40+00:00
afisha-msk-moskva-1600700,Москва,,"Вятская, 41а",55.8004776,37.5815068,понедельник: 12:00–24:00; вторник: 12:00–24:00; среда: 12:00–24:00; четверг: 12:00–24:00; пятница: 12:00–03:00; суббота: 12:00–03:00; воскресенье: 12:00–24:00,"{""timezone"":""Europe/Moscow"",""weekly"":{""mon"":[{""from"":""12:00"",""to"":""00:00"",""next_day"":true}],""tue"":[{""from"":""12:00"",""to"":""00:00"",""next_day"":true}],""wed"":[{""from"":""12:00"",""to"":""00:00"",""next_day"":true}],""thu"":[{""from"":""12:00"",""to"":""00:00"",""next_day"":true}],""fri"":[{""from"":""12:00"",""to"":""03:00"",""next_day"":true}],""sat"":[{""from"":""12:00"",""to"":""03:00"",""next_day"":true}],""sun"":[{""from"":""12:00"",""to"":""00:00"",""next_day"":true}]}}",afisha,https://www.afisha.ru/msk/restaurant/moskva-1600700/,True,2026-05-24T07:50:40+00:00,2026-05-24T07:50:40+00:00
afisha-msk-moskovskii-bar-290589,Московский,Классические и экспериментальные коктейли в гостинице Four Seasons Moscow,"Охотный Ряд, 2, гостиница Four Seasons Moscow, 1 этаж",55.7570051,37.6164606,понедельник: 12:00–02:00; вторник: 12:00–02:00; среда: 12:00–02:00; четверг: 12:00–02:00; пятница: 12:00–02:00; суббота: 12:00–02:00; воскресенье: 12:00–02:00,"{""timezone"":""Europe/Moscow"",""weekly"":{""mon"":[{""from"":""12:00"",""to"":""02:00"",""next_day"":true}],""tue"":[{""from"":""12:00"",""to"":""02:00"",""next_day"":true}],""wed"":[{""from"":""12:00"",""to"":""02:00"",""next_day"":true}],""thu"":[{""from"":""12:00"",""to"":""02:00"",""next_day"":true}],""fri"":[{""from"":""12:00"",""to"":""02:00"",""next_day"":true}],""sat"":[{""from"":""12:00"",""to"":""02:00"",""next_day"":true}],""sun"":[{""from"":""12:00"",""to"":""02:00"",""next_day"":true}]}}",afisha,https://www.afisha.ru/msk/restaurant/moskovskii-bar-290589/,True,2026-05-24T07:50:40+00:00,2026-05-24T07:50:40+00:00
afisha-msk-mokh-volna-455640,Мох,,"Ниж.Сыромятническая, 10, стр. 7, на территории центра дизайна Artplay, вход по черной лестнице",55.7521861,37.6687744,понедельник: 12:00–23:00; вторник: 12:00–23:00; среда: 12:00–23:00; четверг: 12:00–23:00; пятница: 12:00–23:00; суббота: 12:00–23:00; воскресенье: 12:00–23:00,"{""timezone"":""Europe/Moscow"",""weekly"":{""mon"":[{""from"":""12:00"",""to"":""23:00""}],""tue"":[{""from"":""12:00"",""to"":""23:00""}],""wed"":[{""from"":""12:00"",""to"":""23:00""}],""thu"":[{""from"":""12:00"",""to"":""23:00""}],""fri"":[{""from"":""12:00"",""to"":""23:00""}],""sat"":[{""from"":""12:00"",""to"":""23:00""}],""sun"":[{""from"":""12:00"",""to"":""23:00""}]}}",afisha,https://www.afisha.ru/msk/restaurant/mokh-volna-455640/,True,2026-05-24T07:50:40+00:00,2026-05-24T07:50:40+00:00
afisha-msk-nauka-i-zhizn-494731,Наука и жизнь,,"Пушечная, 7/5, стр. 2",55.7608893,37.6231862,понедельник: 00:00–00:00; вторник: 00:00–00:00; среда: 00:00–00:00; четверг: 00:00–00:00; пятница: 00:00–00:00; суббота: 00:00–00:00; воскресенье: 00:00–00:00,"{""timezone"":""Europe/Moscow"",""weekly"":{""mon"":[{""from"":""00:00"",""to"":""00:00"",""next_day"":true}],""tue"":[{""from"":""00:00"",""to"":""00:00"",""next_day"":true}],""wed"":[{""from"":""00:00"",""to"":""00:00"",""next_day"":true}],""thu"":[{""from"":""00:00"",""to"":""00:00"",""next_day"":true}],""fri"":[{""from"":""00:00"",""to"":""00:00"",""next_day"":true}],""sat"":[{""from"":""00:00"",""to"":""00:00"",""next_day"":true}],""sun"":[{""from"":""00:00"",""to"":""00:00"",""next_day"":true}]}}",afisha,https://www.afisha.ru/msk/restaurant/nauka-i-zhizn-494731/,True,2026-05-24T07:50:40+00:00,2026-05-24T07:50:40+00:00
afisha-msk-nedalniy-vostok-518772,Недальний Восток,,"Поварская, 52/55, стр. 7",55.75838,37.5864248,понедельник: 11:00–24:00; вторник: 11:00–24:00; среда: 11:00–24:00; четверг: 11:00–24:00; пятница: 11:00–24:00; суббота: 11:00–24:00; воскресенье: 11:00–24:00,"{""timezone"":""Europe/Moscow"",""weekly"":{""mon"":[{""from"":""11:00"",""to"":""00:00"",""next_day"":true}],""tue"":[{""from"":""11:00"",""to"":""00:00"",""next_day"":true}],""wed"":[{""from"":""11:00"",""to"":""00:00"",""next_day"":true}],""thu"":[{""from"":""11:00"",""to"":""00:00"",""next_day"":true}],""fri"":[{""from"":""11:00"",""to"":""00:00"",""next_day"":true}],""sat"":[{""from"":""11:00"",""to"":""00:00"",""next_day"":true}],""sun"":[{""from"":""11:00"",""to"":""00:00"",""next_day"":true}]}}",afisha,https://www.afisha.ru/msk/restaurant/nedalniy-vostok-518772/,True,2026-05-24T07:50:40+00:00,2026-05-24T07:50:40+00:00
afisha-msk-neo-508152,Нео,"Прошлое, будущее и настоящее русской кухни с голограммами и лучшим видом на ВДНХ. Ресторан «Нео» открыт на крыше павильона «Атом» самарским ресторатором Евгением Реймером и рассказывает историю русской кухни. Бренд-шеф Марк Стаценко придумал меню, в котором нашлось место любимым…","просп. Мира, 119, стр. 19, ВДНХ",55.8324846,37.6246802,вторник: 11:00–21:00; среда: 11:00–21:00; четверг: 11:00–21:00; пятница: 11:00–21:00; суббота: 11:00–22:00; воскресенье: 11:00–22:00,"{""timezone"":""Europe/Moscow"",""weekly"":{""tue"":[{""from"":""11:00"",""to"":""21:00""}],""wed"":[{""from"":""11:00"",""to"":""21:00""}],""thu"":[{""from"":""11:00"",""to"":""21:00""}],""fri"":[{""from"":""11:00"",""to"":""21:00""}],""sat"":[{""from"":""11:00"",""to"":""22:00""}],""sun"":[{""from"":""11:00"",""to"":""22:00""}]}}",afisha,https://www.afisha.ru/msk/restaurant/neo-508152/,True,2026-05-24T07:50:40+00:00,2026-05-24T07:50:40+00:00
afisha-msk-niu-iork-steik-khaus-270196,Нью-Йорк стейк-хаус,"Европейская классика и блюда на углях на первом этаже пятизвездочного отеля. Работающее в формате ресторана при отеле заведение утром кормит постояльцев завтраками, а сразу после становится стейк-хаусом. В меню, помимо борща и «Цезаря», можно найти стейки на гриле с фри и миньон…","Н.Арбат, 32, отель «Звезды Арбата»",55.75341,37.580739,понедельник: 06:30–23:00; вторник: 06:30–23:00; среда: 06:30–23:00; четверг: 06:30–23:00; пятница: 06:30–23:00; суббота: 06:30–23:00; воскресенье: 06:30–23:00,"{""timezone"":""Europe/Moscow"",""weekly"":{""mon"":[{""from"":""06:30"",""to"":""23:00""}],""tue"":[{""from"":""06:30"",""to"":""23:00""}],""wed"":[{""from"":""06:30"",""to"":""23:00""}],""thu"":[{""from"":""06:30"",""to"":""23:00""}],""fri"":[{""from"":""06:30"",""to"":""23:00""}],""sat"":[{""from"":""06:30"",""to"":""23:00""}],""sun"":[{""from"":""06:30"",""to"":""23:00""}]}}",afisha,https://www.afisha.ru/msk/restaurant/niu-iork-steik-khaus-270196/,True,2026-05-24T07:50:40+00:00,2026-05-24T07:50:40+00:00
afisha-msk-ognivo-1600902,Огниво,,"пл. Киевского Вокзала, 1а",55.7420754,37.5665175,понедельник: 09:00–23:00; вторник: 09:00–23:00; среда: 09:00–23:00; четверг: 09:00–23:00; пятница: 09:00–23:00; суббота: 09:00–23:00; воскресенье: 09:00–23:00,"{""timezone"":""Europe/Moscow"",""weekly"":{""mon"":[{""from"":""09:00"",""to"":""23:00""}],""tue"":[{""from"":""09:00"",""to"":""23:00""}],""wed"":[{""from"":""09:00"",""to"":""23:00""}],""thu"":[{""from"":""09:00"",""to"":""23:00""}],""fri"":[{""from"":""09:00"",""to"":""23:00""}],""sat"":[{""from"":""09:00"",""to"":""23:00""}],""sun"":[{""from"":""09:00"",""to"":""23:00""}]}}",afisha,https://www.afisha.ru/msk/restaurant/ognivo-1600902/,True,2026-05-24T07:50:40+00:00,2026-05-24T07:50:40+00:00
afisha-msk-original-519134,Оригинал,"Комьюнити-ресторан Алексея Ольхового в бывшем ж/д депо. «Оригинал» во многом продолжает стилистику, отточенную Алексеем Ольховым в его предыдущих проектах. Странная, вроде в центре, но на задворках, малохоженая локация, напоминающая фотостудию (реверанс в сторону бывшей…","Земляной Вал, 9а",55.7622203,37.6593566,понедельник: 12:00–23:00; вторник: 12:00–23:00; среда: 12:00–23:00; четверг: 12:00–23:00; пятница: 12:00–01:00; суббота: 12:00–01:00; воскресенье: 12:00–23:00,"{""timezone"":""Europe/Moscow"",""weekly"":{""mon"":[{""from"":""12:00"",""to"":""23:00""}],""tue"":[{""from"":""12:00"",""to"":""23:00""}],""wed"":[{""from"":""12:00"",""to"":""23:00""}],""thu"":[{""from"":""12:00"",""to"":""23:00""}],""fri"":[{""from"":""12:00"",""to"":""01:00"",""next_day"":true}],""sat"":[{""from"":""12:00"",""to"":""01:00"",""next_day"":true}],""sun"":[{""from"":""12:00"",""to"":""23:00""}]}}",afisha,https://www.afisha.ru/msk/restaurant/original-519134/,True,2026-05-24T07:50:40+00:00,2026-05-24T07:50:40+00:00
afisha-msk-ostrov-pashi-1600914,Остров Пасхи,,"Покровка, 26/1",55.7598293,37.6489629,понедельник: 08:00–22:00; вторник: 08:00–22:00; среда: 08:00–22:00; четверг: 08:00–22:00; пятница: 08:00–22:00; суббота: 09:00–22:00; воскресенье: 09:00–22:00,"{""timezone"":""Europe/Moscow"",""weekly"":{""mon"":[{""from"":""08:00"",""to"":""22:00""}],""tue"":[{""from"":""08:00"",""to"":""22:00""}],""wed"":[{""from"":""08:00"",""to"":""22:00""}],""thu"":[{""from"":""08:00"",""to"":""22:00""}],""fri"":[{""from"":""08:00"",""to"":""22:00""}],""sat"":[{""from"":""09:00"",""to"":""22:00""}],""sun"":[{""from"":""09:00"",""to"":""22:00""}]}}",afisha,https://www.afisha.ru/msk/restaurant/ostrov-pashi-1600914/,True,2026-05-24T07:50:40+00:00,2026-05-24T07:50:40+00:00
afisha-msk-okhotka-493201,Охотка,"Рыба и морепродукты на каждый день. Небольшая сеть, меню которой построено на блюдах из рыбы и морепродуктов, добываемых в русских северных морях. Крабов ловко пакуют в пухлые нежные булки, называя это краббургером, креветок добавляют в пасты, варят из них супы и делают намазки,…","Маросейка, 6–8, стр. 1, вход из Петроверигского пер.",55.7575759,37.6366082,понедельник: 12:00–23:00; вторник: 12:00–23:00; среда: 12:00–23:00; четверг: 12:00–23:00; пятница: 12:00–24:00; суббота: 12:00–24:00; воскресенье: 12:00–23:00,"{""timezone"":""Europe/Moscow"",""weekly"":{""mon"":[{""from"":""12:00"",""to"":""23:00""}],""tue"":[{""from"":""12:00"",""to"":""23:00""}],""wed"":[{""from"":""12:00"",""to"":""23:00""}],""thu"":[{""from"":""12:00"",""to"":""23:00""}],""fri"":[{""from"":""12:00"",""to"":""00:00"",""next_day"":true}],""sat"":[{""from"":""12:00"",""to"":""00:00"",""next_day"":true}],""sun"":[{""from"":""12:00"",""to"":""23:00""}]}}",afisha,https://www.afisha.ru/msk/restaurant/okhotka-493201/,True,2026-05-24T07:50:40+00:00,2026-05-24T07:50:40+00:00
afisha-msk-paveletskie-bani-519062,Павелецкие бани,,"Жуков пр., 15",55.7233025,37.6392153,понедельник: 11:00–23:00; вторник: 11:00–23:00; среда: 11:00–23:00; четверг: 11:00–23:00; пятница: 11:00–23:00; суббота: 11:00–23:00; воскресенье: 11:00–23:00,"{""timezone"":""Europe/Moscow"",""weekly"":{""mon"":[{""from"":""11:00"",""to"":""23:00""}],""tue"":[{""from"":""11:00"",""to"":""23:00""}],""wed"":[{""from"":""11:00"",""to"":""23:00""}],""thu"":[{""from"":""11:00"",""to"":""23:00""}],""fri"":[{""from"":""11:00"",""to"":""23:00""}],""sat"":[{""from"":""11:00"",""to"":""23:00""}],""sun"":[{""from"":""11:00"",""to"":""23:00""}]}}",afisha,https://www.afisha.ru/msk/restaurant/paveletskie-bani-519062/,True,2026-05-24T07:50:40+00:00,2026-05-24T07:50:40+00:00
afisha-msk-pa-paelia-315238,Па-паэлья,"Ресторан испанской кухни на Мясницкой. Главное блюдо, ясное дело, паэлья, ее здесь готовят в 4 вариантах: с курицей, черную с морепродуктами, с овощами и «микста» (подтвердите, пожалуйста), то есть с четырьмя видами мяса. Шеф-повар — Виктор Лобзин (ранее «Мари Ванна» на…","Банковский пер., 5",55.7618096,37.635167,понедельник: 11:00–23:00; вторник: 11:00–23:00; среда: 11:00–23:00; четверг: 11:00–23:00; пятница: 11:00–23:00; суббота: 11:00–23:00; воскресенье: 11:00–23:00,"{""timezone"":""Europe/Moscow"",""weekly"":{""mon"":[{""from"":""11:00"",""to"":""23:00""}],""tue"":[{""from"":""11:00"",""to"":""23:00""}],""wed"":[{""from"":""11:00"",""to"":""23:00""}],""thu"":[{""from"":""11:00"",""to"":""23:00""}],""fri"":[{""from"":""11:00"",""to"":""23:00""}],""sat"":[{""from"":""11:00"",""to"":""23:00""}],""sun"":[{""from"":""11:00"",""to"":""23:00""}]}}",afisha,https://www.afisha.ru/msk/restaurant/pa-paelia-315238/,True,2026-05-24T07:50:40+00:00,2026-05-24T07:50:40+00:00
afisha-msk-paros-163078,Парос,,"Спартаковская, 8",55.7716804,37.6737509,понедельник: 09:00–23:00; вторник: 09:00–23:00; среда: 09:00–23:00; четверг: 09:00–23:00; пятница: 09:00–23:00; суббота: 09:00–23:00; воскресенье: 09:00–23:00,"{""timezone"":""Europe/Moscow"",""weekly"":{""mon"":[{""from"":""09:00"",""to"":""23:00""}],""tue"":[{""from"":""09:00"",""to"":""23:00""}],""wed"":[{""from"":""09:00"",""to"":""23:00""}],""thu"":[{""from"":""09:00"",""to"":""23:00""}],""fri"":[{""from"":""09:00"",""to"":""23:00""}],""sat"":[{""from"":""09:00"",""to"":""23:00""}],""sun"":[{""from"":""09:00"",""to"":""23:00""}]}}",afisha,https://www.afisha.ru/msk/restaurant/paros-163078/,True,2026-05-24T07:50:40+00:00,2026-05-24T07:50:40+00:00
afisha-msk-perezvon-518633,Перезвон,,"Пятницкая, 4/2, стр. 9, колокольня церкви Иоанна Предтечи",55.7448149,37.6270897,понедельник: 08:00–21:00; вторник: 08:00–21:00; среда: 08:00–21:00; четверг: 08:00–21:00; пятница: 08:00–21:00; суббота: 08:00–22:00; воскресенье: 08:00–22:00,"{""timezone"":""Europe/Moscow"",""weekly"":{""mon"":[{""from"":""08:00"",""to"":""21:00""}],""tue"":[{""from"":""08:00"",""to"":""21:00""}],""wed"":[{""from"":""08:00"",""to"":""21:00""}],""thu"":[{""from"":""08:00"",""to"":""21:00""}],""fri"":[{""from"":""08:00"",""to"":""21:00""}],""sat"":[{""from"":""08:00"",""to"":""22:00""}],""sun"":[{""from"":""08:00"",""to"":""22:00""}]}}",afisha,https://www.afisha.ru/msk/restaurant/perezvon-518633/,True,2026-05-24T07:50:40+00:00,2026-05-24T07:50:40+00:00
afisha-msk-pestiki-tychinki-495082,Пестики-тычинки,,"Б.Спасоглинищевский пер., 3, стр. 5",55.7564725,37.6351575,понедельник: 14:00–24:00; вторник: 14:00–24:00; среда: 14:00–24:00; четверг: 14:00–24:00; пятница: 14:00–02:00; суббота: 15:00–02:00; воскресенье: 15:00–24:00,"{""timezone"":""Europe/Moscow"",""weekly"":{""mon"":[{""from"":""14:00"",""to"":""00:00"",""next_day"":true}],""tue"":[{""from"":""14:00"",""to"":""00:00"",""next_day"":true}],""wed"":[{""from"":""14:00"",""to"":""00:00"",""next_day"":true}],""thu"":[{""from"":""14:00"",""to"":""00:00"",""next_day"":true}],""fri"":[{""from"":""14:00"",""to"":""02:00"",""next_day"":true}],""sat"":[{""from"":""15:00"",""to"":""02:00"",""next_day"":true}],""sun"":[{""from"":""15:00"",""to"":""00:00"",""next_day"":true}]}}",afisha,https://www.afisha.ru/msk/restaurant/pestiki-tychinki-495082/,True,2026-05-24T07:50:40+00:00,2026-05-24T07:50:40+00:00
afisha-msk-pokrovskie-bani-519060,Покровские бани,,"Истринский р-н, дер. Покровское, Центральная, 27/2",55.8105908,37.01368,вторник: 10:00–23:00; среда: 10:00–23:00; четверг: 10:00–23:00; пятница: 10:00–23:00; суббота: 10:00–23:00; воскресенье: 10:00–23:00,"{""timezone"":""Europe/Moscow"",""weekly"":{""tue"":[{""from"":""10:00"",""to"":""23:00""}],""wed"":[{""from"":""10:00"",""to"":""23:00""}],""thu"":[{""from"":""10:00"",""to"":""23:00""}],""fri"":[{""from"":""10:00"",""to"":""23:00""}],""sat"":[{""from"":""10:00"",""to"":""23:00""}],""sun"":[{""from"":""10:00"",""to"":""23:00""}]}}",afisha,https://www.afisha.ru/msk/restaurant/pokrovskie-bani-519060/,True,2026-05-24T07:50:40+00:00,2026-05-24T07:50:40+00:00
afisha-msk-polden-494739,Полдень,,"Чистопрудный б-р, 23, стр. 2",55.7605306,37.6472271,понедельник: 09:00–20:00; вторник: 09:00–20:00; среда: 09:00–20:00; четверг: 09:00–20:00; пятница: 09:00–22:00; суббота: 09:00–22:00; воскресенье: 09:00–20:00,"{""timezone"":""Europe/Moscow"",""weekly"":{""mon"":[{""from"":""09:00"",""to"":""20:00""}],""tue"":[{""from"":""09:00"",""to"":""20:00""}],""wed"":[{""from"":""09:00"",""to"":""20:00""}],""thu"":[{""from"":""09:00"",""to"":""20:00""}],""fri"":[{""from"":""09:00"",""to"":""22:00""}],""sat"":[{""from"":""09:00"",""to"":""22:00""}],""sun"":[{""from"":""09:00"",""to"":""20:00""}]}}",afisha,https://www.afisha.ru/msk/restaurant/polden-494739/,True,2026-05-24T07:50:40+00:00,2026-05-24T07:50:40+00:00
afisha-msk-pole-518990,Поле,"Гастрономически зрелый опус шефа Влада Корпусова. Ресторан, кафе и гастрономическая лавка «Поле», большой и многослойный проект на Зубовской площади, делит здание с отелем Maidens. Глубины блюдам Влада Корпусова добавляет работа с не сразу бросающимися в глаза деталями. Грибное…","Зубовская пл., 3, стр. 1",55.7378361,37.5851658,понедельник: 12:00–24:00; вторник: 12:00–24:00; среда: 12:00–24:00; четверг: 12:00–24:00; пятница: 12:00–24:00; суббота: 12:00–24:00; воскресенье: 12:00–24:00,"{""timezone"":""Europe/Moscow"",""weekly"":{""mon"":[{""from"":""12:00"",""to"":""00:00"",""next_day"":true}],""tue"":[{""from"":""12:00"",""to"":""00:00"",""next_day"":true}],""wed"":[{""from"":""12:00"",""to"":""00:00"",""next_day"":true}],""thu"":[{""from"":""12:00"",""to"":""00:00"",""next_day"":true}],""fri"":[{""from"":""12:00"",""to"":""00:00"",""next_day"":true}],""sat"":[{""from"":""12:00"",""to"":""00:00"",""next_day"":true}],""sun"":[{""from"":""12:00"",""to"":""00:00"",""next_day"":true}]}}",afisha,https://www.afisha.ru/msk/restaurant/pole-518990/,True,2026-05-24T07:50:40+00:00,2026-05-24T07:50:40+00:00
afisha-msk-polyandriya-letters-1600977,Поляндрия Letters,,"​Садовая-Сухаревская, 10/12",55.7727888,37.6269869,понедельник: 10:00–22:00; вторник: 10:00–22:00; среда: 10:00–22:00; четверг: 10:00–22:00; пятница: 10:00–22:00; суббота: 10:00–22:00; воскресенье: 10:00–22:00,"{""timezone"":""Europe/Moscow"",""weekly"":{""mon"":[{""from"":""10:00"",""to"":""22:00""}],""tue"":[{""from"":""10:00"",""to"":""22:00""}],""wed"":[{""from"":""10:00"",""to"":""22:00""}],""thu"":[{""from"":""10:00"",""to"":""22:00""}],""fri"":[{""from"":""10:00"",""to"":""22:00""}],""sat"":[{""from"":""10:00"",""to"":""22:00""}],""sun"":[{""from"":""10:00"",""to"":""22:00""}]}}",afisha,https://www.afisha.ru/msk/restaurant/polyandriya-letters-1600977/,True,2026-05-24T07:50:40+00:00,2026-05-24T07:50:40+00:00
afisha-msk-proshutteriya-moskva-518653,Прошуттерия,"Путешествие колбаски из Петербурга в Москву. Филиал петербургской лавки с итальянскими деликатесами, сырами и мясной гастрономией обосновался на Новослободской. Теперь по соседству с шумным барно-ресторанным кластером можно попробовать настоящее прошутто и ароматную салями,…","Новослободская, 24а, стр. 2",55.7833241,37.599446,понедельник: 13:00–23:00; вторник: 13:00–23:00; среда: 13:00–23:00; четверг: 13:00–23:00; пятница: 13:00–23:00; суббота: 13:00–23:00; воскресенье: 13:00–23:00,"{""timezone"":""Europe/Moscow"",""weekly"":{""mon"":[{""from"":""13:00"",""to"":""23:00""}],""tue"":[{""from"":""13:00"",""to"":""23:00""}],""wed"":[{""from"":""13:00"",""to"":""23:00""}],""thu"":[{""from"":""13:00"",""to"":""23:00""}],""fri"":[{""from"":""13:00"",""to"":""23:00""}],""sat"":[{""from"":""13:00"",""to"":""23:00""}],""sun"":[{""from"":""13:00"",""to"":""23:00""}]}}",afisha,https://www.afisha.ru/msk/restaurant/proshutteriya-moskva-518653/,True,2026-05-24T07:50:40+00:00,2026-05-24T07:50:40+00:00
afisha-msk-publika-494643,Публика,"Франция, паназия и антиквариат в центре купеческой Москвы. «Публика» — стильное кафе в Басманном районе, которые открыли Антон Воробьев, Василий Сырцов и супруги Юлия и Даниил Селяковы. Шеф-повар Артем Сипугин (КМ20, Margarita bistro, Grape) в своих блюдах соединил паназию с…","Ст.Басманная, 18, стр. 4",55.7664028,37.6636017,понедельник: 12:00–23:00; вторник: 12:00–23:00; среда: 12:00–23:00; четверг: 12:00–23:00; пятница: 12:00–02:00; суббота: 12:00–24:00; воскресенье: 12:00–23:00,"{""timezone"":""Europe/Moscow"",""weekly"":{""mon"":[{""from"":""12:00"",""to"":""23:00""}],""tue"":[{""from"":""12:00"",""to"":""23:00""}],""wed"":[{""from"":""12:00"",""to"":""23:00""}],""thu"":[{""from"":""12:00"",""to"":""23:00""}],""fri"":[{""from"":""12:00"",""to"":""02:00"",""next_day"":true}],""sat"":[{""from"":""12:00"",""to"":""00:00"",""next_day"":true}],""sun"":[{""from"":""12:00"",""to"":""23:00""}]}}",afisha,https://www.afisha.ru/msk/restaurant/publika-494643/,True,2026-05-24T07:50:40+00:00,2026-05-24T07:50:40+00:00
afisha-msk-rikhter-459063,Рихтер,,"Пятницкая, 42, отель «Рихтер», 1 этаж",55.737785,37.62784,понедельник: 09:00–24:00; вторник: 09:00–24:00; среда: 09:00–24:00; четверг: 09:00–24:00; пятница: 09:00–24:00; суббота: 09:00–24:00; воскресенье: 09:00–24:00,"{""timezone"":""Europe/Moscow"",""weekly"":{""mon"":[{""from"":""09:00"",""to"":""00:00"",""next_day"":true}],""tue"":[{""from"":""09:00"",""to"":""00:00"",""next_day"":true}],""wed"":[{""from"":""09:00"",""to"":""00:00"",""next_day"":true}],""thu"":[{""from"":""09:00"",""to"":""00:00"",""next_day"":true}],""fri"":[{""from"":""09:00"",""to"":""00:00"",""next_day"":true}],""sat"":[{""from"":""09:00"",""to"":""00:00"",""next_day"":true}],""sun"":[{""from"":""09:00"",""to"":""00:00"",""next_day"":true}]}}",afisha,https://www.afisha.ru/msk/restaurant/rikhter-459063/,True,2026-05-24T07:50:40+00:00,2026-05-24T07:50:40+00:00
afisha-msk-rovesnik-482952,Ровесник,"Просто и весело. Это именно то, что в прежние времена подразумевалось под словосочетанием «молодежное кафе»: заведение не создано ради алкоголя, но он здесь тоже присутствует наряду с литературными вечерами, выставками и кинопоказами. Карта минималистична, но тем, кто сюда…","М.Гнездниковский пер., 9, стр. 1",55.7623734,37.6059011,понедельник: 12:00–24:00; вторник: 12:00–24:00; среда: 12:00–02:00; четверг: 12:00–02:00; пятница: 12:00–06:00; суббота: 12:00–06:00; воскресенье: 12:00–02:00,"{""timezone"":""Europe/Moscow"",""weekly"":{""mon"":[{""from"":""12:00"",""to"":""00:00"",""next_day"":true}],""tue"":[{""from"":""12:00"",""to"":""00:00"",""next_day"":true}],""wed"":[{""from"":""12:00"",""to"":""02:00"",""next_day"":true}],""thu"":[{""from"":""12:00"",""to"":""02:00"",""next_day"":true}],""fri"":[{""from"":""12:00"",""to"":""06:00"",""next_day"":true}],""sat"":[{""from"":""12:00"",""to"":""06:00"",""next_day"":true}],""sun"":[{""from"":""12:00"",""to"":""02:00"",""next_day"":true}]}}",afisha,https://www.afisha.ru/msk/restaurant/rovesnik-482952/,True,2026-05-24T07:50:40+00:00,2026-05-24T07:50:40+00:00
afisha-msk-rogozhskaia-trapeznaia-47692,Рогожская трапезная,"Кафе при старообрядческом центре «Рогожская Слобода». Традиционная русская кухня, приготовленная староверами. Меню составляется ежедневно — с учетом православного устава о вкушении пищи. В пост не готовят скоромного, по средам и пятницам не используют мясо, яйца и молоко. Своя…","Рогожский Поселок, 29, стр. 9",55.7370078,37.7022624,понедельник: 07:00–21:00; вторник: 07:00–21:00; среда: 07:00–21:00; четверг: 07:00–21:00; пятница: 07:00–21:00; суббота: 08:00–21:30; воскресенье: 08:00–21:00,"{""timezone"":""Europe/Moscow"",""weekly"":{""mon"":[{""from"":""07:00"",""to"":""21:00""}],""tue"":[{""from"":""07:00"",""to"":""21:00""}],""wed"":[{""from"":""07:00"",""to"":""21:00""}],""thu"":[{""from"":""07:00"",""to"":""21:00""}],""fri"":[{""from"":""07:00"",""to"":""21:00""}],""sat"":[{""from"":""08:00"",""to"":""21:30""}],""sun"":[{""from"":""08:00"",""to"":""21:00""}]}}",afisha,https://www.afisha.ru/msk/restaurant/rogozhskaia-trapeznaia-47692/,True,2026-05-24T07:50:40+00:00,2026-05-24T07:50:40+00:00
afisha-msk-rosizo-507750,РОСИЗО,"Кофе и выпечка в павильоне «Книги». Кафе «РОСИЗО» находится на ВДНХ в историческом павильоне №516 «Книги», построенном в начале 50-х годов прошлого века. В тихой и спокойной обстановке можно попробовать классические кофейные напитки на основе зерен от российских обжарщиков West…","просп. Мира, 119, стр. 516, ВДНХ",55.8300196,37.6199266,понедельник: 10:00–22:00; вторник: 10:00–22:00; среда: 10:00–22:00; четверг: 10:00–22:00; пятница: 10:00–22:00; суббота: 10:00–22:00; воскресенье: 10:00–22:00,"{""timezone"":""Europe/Moscow"",""weekly"":{""mon"":[{""from"":""10:00"",""to"":""22:00""}],""tue"":[{""from"":""10:00"",""to"":""22:00""}],""wed"":[{""from"":""10:00"",""to"":""22:00""}],""thu"":[{""from"":""10:00"",""to"":""22:00""}],""fri"":[{""from"":""10:00"",""to"":""22:00""}],""sat"":[{""from"":""10:00"",""to"":""22:00""}],""sun"":[{""from"":""10:00"",""to"":""22:00""}]}}",afisha,https://www.afisha.ru/msk/restaurant/rosizo-507750/,True,2026-05-24T07:50:40+00:00,2026-05-24T07:50:40+00:00
afisha-msk-ryba-mechty-407543,Рыба мечты,"Отличная дальневосточная рыба на острове Балчуг. Огромный и респектабельный рыбный ресторан, расположенный на цокольном этаже здания XIX века «Товарищества Петра Смирнова» на тихой и никем не хоженой Садовнической улице в районе «Новокузнецкой». В основе меню дальневосточная…","Садовническая, 57, стр. 1",55.7405638,37.6408915,понедельник: 12:00–24:00; вторник: 12:00–24:00; среда: 12:00–24:00; четверг: 12:00–24:00; пятница: 12:00–24:00; суббота: 12:00–24:00; воскресенье: 12:00–24:00,"{""timezone"":""Europe/Moscow"",""weekly"":{""mon"":[{""from"":""12:00"",""to"":""00:00"",""next_day"":true}],""tue"":[{""from"":""12:00"",""to"":""00:00"",""next_day"":true}],""wed"":[{""from"":""12:00"",""to"":""00:00"",""next_day"":true}],""thu"":[{""from"":""12:00"",""to"":""00:00"",""next_day"":true}],""fri"":[{""from"":""12:00"",""to"":""00:00"",""next_day"":true}],""sat"":[{""from"":""12:00"",""to"":""00:00"",""next_day"":true}],""sun"":[{""from"":""12:00"",""to"":""00:00"",""next_day"":true}]}}",afisha,https://www.afisha.ru/msk/restaurant/ryba-mechty-407543/,True,2026-05-24T07:50:40+00:00,2026-05-24T07:50:40+00:00
afisha-msk-rybatskaia-derevnia-18576,Рыбацкая деревня,"Рыбалка, рыбаки и рыба на ВДНХ. Пруд неподалеку от северного, также называемого Лихоборского входа на ВДНХ, и многочисленные домики с мостками вокруг него. На мостках сидят рыбаки самого разного уровня продвинутости — от детей, которым помогает знающий все про рыбу и ее повадки…","просп. Мира, 119, стр. 259, ВДНХ",55.8392678,37.6281707,понедельник: 10:00–23:00; вторник: 10:00–23:00; среда: 10:00–23:00; четверг: 10:00–23:00; пятница: 10:00–23:00; суббота: 10:00–23:00; воскресенье: 10:00–23:00,"{""timezone"":""Europe/Moscow"",""weekly"":{""mon"":[{""from"":""10:00"",""to"":""23:00""}],""tue"":[{""from"":""10:00"",""to"":""23:00""}],""wed"":[{""from"":""10:00"",""to"":""23:00""}],""thu"":[{""from"":""10:00"",""to"":""23:00""}],""fri"":[{""from"":""10:00"",""to"":""23:00""}],""sat"":[{""from"":""10:00"",""to"":""23:00""}],""sun"":[{""from"":""10:00"",""to"":""23:00""}]}}",afisha,https://www.afisha.ru/msk/restaurant/rybatskaia-derevnia-18576/,True,2026-05-24T07:50:40+00:00,2026-05-24T07:50:40+00:00
afisha-msk-riumochnaia-no-9-489012,Рюмочная №9,"Локальный бар в закоулках «Хлебозавода». Локальный бар в закоулках «Хлебозавода», есть здесь и коктейли, в том числе драфтовые, и с пивом все в порядке, раздел настоек выдержан в аутентичном ключе и сделал бы честь многим центровым барам, на этом специализирующимся.…","Новодмитровская, 1, стр. 27, на территории «Хлебозавода»",55.807223,37.584694,понедельник: 14:00–24:00; вторник: 14:00–24:00; среда: 14:00–24:00; четверг: 14:00–24:00; пятница: 14:00–06:00; суббота: 14:00–06:00; воскресенье: 14:00–24:00,"{""timezone"":""Europe/Moscow"",""weekly"":{""mon"":[{""from"":""14:00"",""to"":""00:00"",""next_day"":true}],""tue"":[{""from"":""14:00"",""to"":""00:00"",""next_day"":true}],""wed"":[{""from"":""14:00"",""to"":""00:00"",""next_day"":true}],""thu"":[{""from"":""14:00"",""to"":""00:00"",""next_day"":true}],""fri"":[{""from"":""14:00"",""to"":""06:00"",""next_day"":true}],""sat"":[{""from"":""14:00"",""to"":""06:00"",""next_day"":true}],""sun"":[{""from"":""14:00"",""to"":""00:00"",""next_day"":true}]}}",afisha,https://www.afisha.ru/msk/restaurant/riumochnaia-no-9-489012/,True,2026-05-24T07:50:40+00:00,2026-05-24T07:50:40+00:00
afisha-msk-riumochnaia-v-ziuzino-45429,Рюмочная в Зюзино,"Стол на компанию, остальное как обычно. В центре зала — большой стол на большую компанию, на стене — телевизор, в углу — музыкальный автомат; впрочем, этим модность рюмочной на Болотниковской исчерпывается: стоячие круглые столики вдоль окон, стена, составленная из пластиковых…","Болотниковская, 21, стр. 3",55.656845,37.596888,понедельник: 12:00–24:00; вторник: 12:00–24:00; среда: 12:00–24:00; четверг: 12:00–24:00; пятница: 12:00–24:00; суббота: 12:00–24:00; воскресенье: 12:00–24:00,"{""timezone"":""Europe/Moscow"",""weekly"":{""mon"":[{""from"":""12:00"",""to"":""00:00"",""next_day"":true}],""tue"":[{""from"":""12:00"",""to"":""00:00"",""next_day"":true}],""wed"":[{""from"":""12:00"",""to"":""00:00"",""next_day"":true}],""thu"":[{""from"":""12:00"",""to"":""00:00"",""next_day"":true}],""fri"":[{""from"":""12:00"",""to"":""00:00"",""next_day"":true}],""sat"":[{""from"":""12:00"",""to"":""00:00"",""next_day"":true}],""sun"":[{""from"":""12:00"",""to"":""00:00"",""next_day"":true}]}}",afisha,https://www.afisha.ru/msk/restaurant/riumochnaia-v-ziuzino-45429/,True,2026-05-24T07:50:40+00:00,2026-05-24T07:50:40+00:00
afisha-msk-riumochnaia-ilicha-495083,Рюмочная Ильича,,"Сергия Радонежского, 23–25, стр. 1",55.7470231,37.678289,понедельник: 12:00–23:50; вторник: 12:00–23:50; среда: 12:00–23:50; четверг: 12:00–23:50; пятница: 12:00–05:00; суббота: 12:00–05:00; воскресенье: 12:00–23:50,"{""timezone"":""Europe/Moscow"",""weekly"":{""mon"":[{""from"":""12:00"",""to"":""23:50""}],""tue"":[{""from"":""12:00"",""to"":""23:50""}],""wed"":[{""from"":""12:00"",""to"":""23:50""}],""thu"":[{""from"":""12:00"",""to"":""23:50""}],""fri"":[{""from"":""12:00"",""to"":""05:00"",""next_day"":true}],""sat"":[{""from"":""12:00"",""to"":""05:00"",""next_day"":true}],""sun"":[{""from"":""12:00"",""to"":""23:50""}]}}",afisha,https://www.afisha.ru/msk/restaurant/riumochnaia-ilicha-495083/,True,2026-05-24T07:50:40+00:00,2026-05-24T07:50:40+00:00
afisha-msk-riumochnaia-mechty-493706,Рюмочная мечты,"Действительно рюмочная мечты. Маленький бар без советского прошлого. Интригующе крепкий набор самогона и дистиллятов. Классические коктейли тоже не проблема. Крайне здравый подход в вопросе элементарной закуски, и если вам захочется съесть просто интересный бутерброд, то идите в…","Б.Спасоглинищевский пер., 9/1, стр. 10",55.754978,37.637299,понедельник: 17:00–24:00; вторник: 17:00–24:00; среда: 17:00–24:00; четверг: 17:00–24:00; пятница: 17:00–03:00; суббота: 17:00–03:00; воскресенье: 17:00–24:00,"{""timezone"":""Europe/Moscow"",""weekly"":{""mon"":[{""from"":""17:00"",""to"":""00:00"",""next_day"":true}],""tue"":[{""from"":""17:00"",""to"":""00:00"",""next_day"":true}],""wed"":[{""from"":""17:00"",""to"":""00:00"",""next_day"":true}],""thu"":[{""from"":""17:00"",""to"":""00:00"",""next_day"":true}],""fri"":[{""from"":""17:00"",""to"":""03:00"",""next_day"":true}],""sat"":[{""from"":""17:00"",""to"":""03:00"",""next_day"":true}],""sun"":[{""from"":""17:00"",""to"":""00:00"",""next_day"":true}]}}",afisha,https://www.afisha.ru/msk/restaurant/riumochnaia-mechty-493706/,True,2026-05-24T07:50:40+00:00,2026-05-24T07:50:40+00:00
afisha-msk-savoi-23575,Савой,"Легенда Москвы в новой ипостаси. Savoy, открывшийся в 1913 году, умудрился сохранить свой исторический интерьер. Последнее обновление ресторана в одном из старейших отелей Москвы деликатно добавило к позолоченным рокайлям мебель обтекаемых форм, потолочную роспись подсветили…","Рождественка, 3/6, стр. 1, отель «Савой»",55.7603784,37.6233846,понедельник: 08:00–23:00; вторник: 08:00–23:00; среда: 08:00–23:00; четверг: 08:00–23:00; пятница: 08:00–23:00; суббота: 08:00–23:00; воскресенье: 08:00–23:00,"{""timezone"":""Europe/Moscow"",""weekly"":{""mon"":[{""from"":""08:00"",""to"":""23:00""}],""tue"":[{""from"":""08:00"",""to"":""23:00""}],""wed"":[{""from"":""08:00"",""to"":""23:00""}],""thu"":[{""from"":""08:00"",""to"":""23:00""}],""fri"":[{""from"":""08:00"",""to"":""23:00""}],""sat"":[{""from"":""08:00"",""to"":""23:00""}],""sun"":[{""from"":""08:00"",""to"":""23:00""}]}}",afisha,https://www.afisha.ru/msk/restaurant/savoi-23575/,True,2026-05-24T07:50:40+00:00,2026-05-24T07:50:40+00:00
afisha-msk-saliut-485288,Салют,"То самое велокафе с классными завтраками весь день. Симпатичная вело-кофейня со светской верандой и винтажным интерьером, где завтраки ставят во главу угла. Фирменные — всевозможные вафли с начинками от традиционно-утренних вроде пашотов с беконом до сытных вроде курицы в…","Страстной б-р, 12, корп. 5",55.766942,37.612506,понедельник: 08:00–23:00; вторник: 08:00–23:00; среда: 08:00–23:00; четверг: 08:00–21:00; пятница: 09:30–23:00; суббота: 08:00–23:00; воскресенье: 08:00–23:00,"{""timezone"":""Europe/Moscow"",""weekly"":{""mon"":[{""from"":""08:00"",""to"":""23:00""}],""tue"":[{""from"":""08:00"",""to"":""23:00""}],""wed"":[{""from"":""08:00"",""to"":""23:00""}],""thu"":[{""from"":""08:00"",""to"":""21:00""}],""fri"":[{""from"":""09:30"",""to"":""23:00""}],""sat"":[{""from"":""08:00"",""to"":""23:00""}],""sun"":[{""from"":""08:00"",""to"":""23:00""}]}}",afisha,https://www.afisha.ru/msk/restaurant/saliut-485288/,True,2026-05-24T07:50:40+00:00,2026-05-24T07:50:40+00:00
afisha-msk-svinia-roza-421906,Свинья & Роза,,"Трубная, 14",55.768938,37.624945,понедельник: 13:00–02:00; вторник: 13:00–02:00; среда: 13:00–02:00; четверг: 13:00–02:00; пятница: 13:00–02:00; суббота: 13:00–02:00; воскресенье: 13:00–02:00,"{""timezone"":""Europe/Moscow"",""weekly"":{""mon"":[{""from"":""13:00"",""to"":""02:00"",""next_day"":true}],""tue"":[{""from"":""13:00"",""to"":""02:00"",""next_day"":true}],""wed"":[{""from"":""13:00"",""to"":""02:00"",""next_day"":true}],""thu"":[{""from"":""13:00"",""to"":""02:00"",""next_day"":true}],""fri"":[{""from"":""13:00"",""to"":""02:00"",""next_day"":true}],""sat"":[{""from"":""13:00"",""to"":""02:00"",""next_day"":true}],""sun"":[{""from"":""13:00"",""to"":""02:00"",""next_day"":true}]}}",afisha,https://www.afisha.ru/msk/restaurant/svinia-roza-421906/,True,2026-05-24T07:50:40+00:00,2026-05-24T07:50:40+00:00
afisha-msk-svoboda-455226,Свобода,"Хорошие настойки в Кривоколенном переулке. Лучший способ понять природу «Свободы» — взять сет «Дайте все» (1700 р.), и тогда становится понятно, что это история вообще не про водку и к экзистенциальному дискурсу традиционных советских рюмочных этот праздник (здесь и джаз играют…","Кривоколенный пер., 14, стр. 1",55.762374,37.637112,понедельник: 18:00–01:00; вторник: 18:00–01:00; среда: 18:00–01:00; четверг: 18:00–01:00; пятница: 16:00–04:00; суббота: 16:00–04:00; воскресенье: 16:00–01:00,"{""timezone"":""Europe/Moscow"",""weekly"":{""mon"":[{""from"":""18:00"",""to"":""01:00"",""next_day"":true}],""tue"":[{""from"":""18:00"",""to"":""01:00"",""next_day"":true}],""wed"":[{""from"":""18:00"",""to"":""01:00"",""next_day"":true}],""thu"":[{""from"":""18:00"",""to"":""01:00"",""next_day"":true}],""fri"":[{""from"":""16:00"",""to"":""04:00"",""next_day"":true}],""sat"":[{""from"":""16:00"",""to"":""04:00"",""next_day"":true}],""sun"":[{""from"":""16:00"",""to"":""01:00"",""next_day"":true}]}}",afisha,https://www.afisha.ru/msk/restaurant/svoboda-455226/,True,2026-05-24T07:50:40+00:00,2026-05-24T07:50:40+00:00
afisha-msk-svoe-1601029,Свое,,"Б.Афанасьевский пер., 3, стр. 3",55.7451509,37.5969938,понедельник: 12:00–24:00; вторник: 12:00–24:00; среда: 12:00–24:00; четверг: 12:00–24:00; пятница: 12:00–24:00; суббота: 12:00–24:00; воскресенье: 12:00–24:00,"{""timezone"":""Europe/Moscow"",""weekly"":{""mon"":[{""from"":""12:00"",""to"":""00:00"",""next_day"":true}],""tue"":[{""from"":""12:00"",""to"":""00:00"",""next_day"":true}],""wed"":[{""from"":""12:00"",""to"":""00:00"",""next_day"":true}],""thu"":[{""from"":""12:00"",""to"":""00:00"",""next_day"":true}],""fri"":[{""from"":""12:00"",""to"":""00:00"",""next_day"":true}],""sat"":[{""from"":""12:00"",""to"":""00:00"",""next_day"":true}],""sun"":[{""from"":""12:00"",""to"":""00:00"",""next_day"":true}]}}",afisha,https://www.afisha.ru/msk/restaurant/svoe-1601029/,True,2026-05-24T07:50:40+00:00,2026-05-24T07:50:40+00:00
afisha-msk-skvorets-493511,Скворец!,"Street diner на Малой Бронной. Street diner на Малой Бронной с доступными ценами и с внушительным списком завтраков, которые подают без ограничения во времени. «Скворец» не претендует на звание серьезного ресторана, и в этом, собственно, вся его прелесть. Девочкам любого…","М.Бронная, 4",55.759552,37.597477,понедельник: 10:00–22:00; вторник: 10:00–22:00; среда: 10:00–22:00; четверг: 10:00–22:00; пятница: 10:00–23:00; суббота: 10:00–23:00; воскресенье: 10:00–22:00,"{""timezone"":""Europe/Moscow"",""weekly"":{""mon"":[{""from"":""10:00"",""to"":""22:00""}],""tue"":[{""from"":""10:00"",""to"":""22:00""}],""wed"":[{""from"":""10:00"",""to"":""22:00""}],""thu"":[{""from"":""10:00"",""to"":""22:00""}],""fri"":[{""from"":""10:00"",""to"":""23:00""}],""sat"":[{""from"":""10:00"",""to"":""23:00""}],""sun"":[{""from"":""10:00"",""to"":""22:00""}]}}",afisha,https://www.afisha.ru/msk/restaurant/skvorets-493511/,True,2026-05-24T07:50:40+00:00,2026-05-24T07:50:40+00:00
afisha-msk-stariy-sychuan-495848,Старый Сычуань,,"просп. Вернадского, 93",55.6670869,37.4951277,понедельник: 11:00–23:00; вторник: 11:00–23:00; среда: 11:00–23:00; четверг: 11:00–23:00; пятница: 11:00–23:00; суббота: 11:00–23:00; воскресенье: 11:00–23:00,"{""timezone"":""Europe/Moscow"",""weekly"":{""mon"":[{""from"":""11:00"",""to"":""23:00""}],""tue"":[{""from"":""11:00"",""to"":""23:00""}],""wed"":[{""from"":""11:00"",""to"":""23:00""}],""thu"":[{""from"":""11:00"",""to"":""23:00""}],""fri"":[{""from"":""11:00"",""to"":""23:00""}],""sat"":[{""from"":""11:00"",""to"":""23:00""}],""sun"":[{""from"":""11:00"",""to"":""23:00""}]}}",afisha,https://www.afisha.ru/msk/restaurant/stariy-sychuan-495848/,True,2026-05-24T07:50:40+00:00,2026-05-24T07:50:40+00:00
afisha-msk-syrovarnya-moskva-siti-508321,Сыроварня Москва-Сити,"Сыры из собственной сыроварни от Аркадия Новикова. «Сыроварня» — сетевой проект Аркадия Новикова с открытой кухней, дровяной печью и, собственно, сырами. Первое заведение открылось в далеком 2015 году на Бадаевском заводе и с тех пор разрослось до огромной сети федерального…","Пресненская наб., 10, стр. 2, ММДЦ «Москва-Сити», башня «IQ-квартал»",55.7476544,37.534943,понедельник: 09:00–24:00; вторник: 09:00–24:00; среда: 09:00–24:00; четверг: 09:00–24:00; пятница: 09:00–24:00; суббота: 10:00–24:00; воскресенье: 10:00–24:00,"{""timezone"":""Europe/Moscow"",""weekly"":{""mon"":[{""from"":""09:00"",""to"":""00:00"",""next_day"":true}],""tue"":[{""from"":""09:00"",""to"":""00:00"",""next_day"":true}],""wed"":[{""from"":""09:00"",""to"":""00:00"",""next_day"":true}],""thu"":[{""from"":""09:00"",""to"":""00:00"",""next_day"":true}],""fri"":[{""from"":""09:00"",""to"":""00:00"",""next_day"":true}],""sat"":[{""from"":""10:00"",""to"":""00:00"",""next_day"":true}],""sun"":[{""from"":""10:00"",""to"":""00:00"",""next_day"":true}]}}",afisha,https://www.afisha.ru/msk/restaurant/syrovarnya-moskva-siti-508321/,True,2026-05-24T07:50:40+00:00,2026-05-24T07:50:40+00:00
afisha-msk-syrovarnia-v-parke-gorkogo-493229,Сыроварня Парк Горького,"Двухэтажный ресторан с большой верандой в парке Горького. Большой двухэтажный ресторан, рассчитанный на 375 посадочных мест, открыли рестораторы Генрих Карпин и Аркадий Новиков. Пространство во флигеле середины прошлого века с огромными окнами заполнено множеством деталей и…","Крымский Вал, 9, стр. 1, парк Горького",55.731375,37.6047812,понедельник: 10:00–24:00; вторник: 10:00–24:00; среда: 10:00–24:00; четверг: 10:00–24:00; пятница: 10:00–24:00; суббота: 10:00–24:00; воскресенье: 10:00–24:00,"{""timezone"":""Europe/Moscow"",""weekly"":{""mon"":[{""from"":""10:00"",""to"":""00:00"",""next_day"":true}],""tue"":[{""from"":""10:00"",""to"":""00:00"",""next_day"":true}],""wed"":[{""from"":""10:00"",""to"":""00:00"",""next_day"":true}],""thu"":[{""from"":""10:00"",""to"":""00:00"",""next_day"":true}],""fri"":[{""from"":""10:00"",""to"":""00:00"",""next_day"":true}],""sat"":[{""from"":""10:00"",""to"":""00:00"",""next_day"":true}],""sun"":[{""from"":""10:00"",""to"":""00:00"",""next_day"":true}]}}",afisha,https://www.afisha.ru/msk/restaurant/syrovarnia-v-parke-gorkogo-493229/,True,2026-05-24T07:50:40+00:00,2026-05-24T07:50:40+00:00
afisha-msk-taygapar-519057,Тайгапар,,"Пресненская наб., 4, стр. 1, ММДЦ «Москва-Сити», башня «Эволюция»",55.7483685,37.5421029,понедельник: 09:00–23:00; вторник: 09:00–23:00; среда: 09:00–23:00; четверг: 09:00–23:00; пятница: 09:00–23:00; суббота: 09:00–23:00; воскресенье: 09:00–23:00,"{""timezone"":""Europe/Moscow"",""weekly"":{""mon"":[{""from"":""09:00"",""to"":""23:00""}],""tue"":[{""from"":""09:00"",""to"":""23:00""}],""wed"":[{""from"":""09:00"",""to"":""23:00""}],""thu"":[{""from"":""09:00"",""to"":""23:00""}],""fri"":[{""from"":""09:00"",""to"":""23:00""}],""sat"":[{""from"":""09:00"",""to"":""23:00""}],""sun"":[{""from"":""09:00"",""to"":""23:00""}]}}",afisha,https://www.afisha.ru/msk/restaurant/taygapar-519057/,True,2026-05-24T07:50:40+00:00,2026-05-24T07:50:40+00:00
afisha-msk-taynaya-komnata-496682,Тайная комната,"Готический паб с исповедальней в подвалах Солянки. Ресторатор Денис Бобков открыл паб в стиле викторианской неоготики, захватывающий дух во всех смыслах. Не верьте, если вам скажут, что «Тайная комната», или Hidey Hole, — лишь еще один зал паба Black Swan, на деле это…","Солянка, 1/2, вход в подвал через Black Swan Pub",55.7540311,37.6376024,понедельник: 18:00–24:00; вторник: 18:00–24:00; среда: 18:00–24:00; четверг: 18:00–24:00; пятница: 18:00–06:00; суббота: 16:00–06:00; воскресенье: 16:00–24:00,"{""timezone"":""Europe/Moscow"",""weekly"":{""mon"":[{""from"":""18:00"",""to"":""00:00"",""next_day"":true}],""tue"":[{""from"":""18:00"",""to"":""00:00"",""next_day"":true}],""wed"":[{""from"":""18:00"",""to"":""00:00"",""next_day"":true}],""thu"":[{""from"":""18:00"",""to"":""00:00"",""next_day"":true}],""fri"":[{""from"":""18:00"",""to"":""06:00"",""next_day"":true}],""sat"":[{""from"":""16:00"",""to"":""06:00"",""next_day"":true}],""sun"":[{""from"":""16:00"",""to"":""00:00"",""next_day"":true}]}}",afisha,https://www.afisha.ru/msk/restaurant/taynaya-komnata-496682/,True,2026-05-24T07:50:40+00:00,2026-05-24T07:50:40+00:00
afisha-msk-teburasika-493152,Тебураси,"Разудалый бар во дворах Страстного бульвара. Рюмочная «Тебураси» — крайне неприхотливое и абсолютно веселое место в глубине московских дворов на Страстном бульваре. Недорогая закуска успешно имитирует уличную японскую еду. Место названо в честь русского Чебурашки, и его…","Страстной б-р, 7, стр. 3",55.7675508,37.6076074,понедельник: 15:00–24:00; вторник: 15:00–24:00; среда: 15:00–24:00; четверг: 15:00–24:00; пятница: 15:00–02:00; суббота: 14:00–02:00; воскресенье: 14:00–24:00,"{""timezone"":""Europe/Moscow"",""weekly"":{""mon"":[{""from"":""15:00"",""to"":""00:00"",""next_day"":true}],""tue"":[{""from"":""15:00"",""to"":""00:00"",""next_day"":true}],""wed"":[{""from"":""15:00"",""to"":""00:00"",""next_day"":true}],""thu"":[{""from"":""15:00"",""to"":""00:00"",""next_day"":true}],""fri"":[{""from"":""15:00"",""to"":""02:00"",""next_day"":true}],""sat"":[{""from"":""14:00"",""to"":""02:00"",""next_day"":true}],""sun"":[{""from"":""14:00"",""to"":""00:00"",""next_day"":true}]}}",afisha,https://www.afisha.ru/msk/restaurant/teburasika-493152/,True,2026-05-24T07:50:40+00:00,2026-05-24T07:50:40+00:00
afisha-msk-tenili-489534,Тенили,"Сыры из списка культурного наследия ЮНЕСКО и грузинская еда с сюпризами. Грузинский ресторан Лилии Медзмариашвили, хозяйки и бренд-шефа заслуженных «Сахли» и «Дарбази». Благодаря ее усилиям в Благовещенском переулке появилось место, куда имеет смысл приходить при каждом удобном…","Благовещенский пер., 1а",55.767042,37.5973462,понедельник: 12:00–23:00; вторник: 12:00–23:00; среда: 12:00–23:00; четверг: 12:00–23:00; пятница: 12:00–23:00; суббота: 12:00–23:00; воскресенье: 12:00–23:00,"{""timezone"":""Europe/Moscow"",""weekly"":{""mon"":[{""from"":""12:00"",""to"":""23:00""}],""tue"":[{""from"":""12:00"",""to"":""23:00""}],""wed"":[{""from"":""12:00"",""to"":""23:00""}],""thu"":[{""from"":""12:00"",""to"":""23:00""}],""fri"":[{""from"":""12:00"",""to"":""23:00""}],""sat"":[{""from"":""12:00"",""to"":""23:00""}],""sun"":[{""from"":""12:00"",""to"":""23:00""}]}}",afisha,https://www.afisha.ru/msk/restaurant/tenili-489534/,True,2026-05-24T07:50:40+00:00,2026-05-24T07:50:40+00:00
afisha-msk-tkemali-270340,Ткемали,,"Пушечная, 7/5, стр. 2",55.7609238,37.6230009,понедельник: 12:00–24:00; вторник: 12:00–24:00; среда: 12:00–24:00; четверг: 12:00–24:00; пятница: 12:00–24:00; суббота: 12:00–24:00; воскресенье: 12:00–24:00,"{""timezone"":""Europe/Moscow"",""weekly"":{""mon"":[{""from"":""12:00"",""to"":""00:00"",""next_day"":true}],""tue"":[{""from"":""12:00"",""to"":""00:00"",""next_day"":true}],""wed"":[{""from"":""12:00"",""to"":""00:00"",""next_day"":true}],""thu"":[{""from"":""12:00"",""to"":""00:00"",""next_day"":true}],""fri"":[{""from"":""12:00"",""to"":""00:00"",""next_day"":true}],""sat"":[{""from"":""12:00"",""to"":""00:00"",""next_day"":true}],""sun"":[{""from"":""12:00"",""to"":""00:00"",""next_day"":true}]}}",afisha,https://www.afisha.ru/msk/restaurant/tkemali-270340/,True,2026-05-24T07:50:40+00:00,2026-05-24T07:50:40+00:00
afisha-msk-trapeznaya-palomnika-518634,Трапезная паломника,,"Крестьянская пл., 10, стр. 20, Новоспасский монастырь",55.7315329,37.6573083,понедельник: 09:00–20:00; вторник: 09:00–20:00; среда: 09:00–20:00; четверг: 09:00–20:00; пятница: 09:00–20:00; суббота: 09:00–20:00; воскресенье: 09:00–20:00,"{""timezone"":""Europe/Moscow"",""weekly"":{""mon"":[{""from"":""09:00"",""to"":""20:00""}],""tue"":[{""from"":""09:00"",""to"":""20:00""}],""wed"":[{""from"":""09:00"",""to"":""20:00""}],""thu"":[{""from"":""09:00"",""to"":""20:00""}],""fri"":[{""from"":""09:00"",""to"":""20:00""}],""sat"":[{""from"":""09:00"",""to"":""20:00""}],""sun"":[{""from"":""09:00"",""to"":""20:00""}]}}",afisha,https://www.afisha.ru/msk/restaurant/trapeznaya-palomnika-518634/,True,2026-05-24T07:50:40+00:00,2026-05-24T07:50:40+00:00
afisha-msk-thali-i-karri-518756,Тхали и карри,"Адаптированная индийская кухня на Тверской. «Тхали и карри» на Тверской отрыл шеф-повар Пракаш Бадони, в его послужном списке — работа в лучших пятизвездочных отелях Дели, но уже много лет он популяризует индийскую кухню в Москве. Свое первое заведение Пракаш открыл на…","Тверская, 17",55.7635067,37.6065883,понедельник: 09:00–24:00; вторник: 09:00–24:00; среда: 09:00–24:00; четверг: 09:00–24:00; пятница: 09:00–24:00; суббота: 09:00–24:00; воскресенье: 09:00–24:00,"{""timezone"":""Europe/Moscow"",""weekly"":{""mon"":[{""from"":""09:00"",""to"":""00:00"",""next_day"":true}],""tue"":[{""from"":""09:00"",""to"":""00:00"",""next_day"":true}],""wed"":[{""from"":""09:00"",""to"":""00:00"",""next_day"":true}],""thu"":[{""from"":""09:00"",""to"":""00:00"",""next_day"":true}],""fri"":[{""from"":""09:00"",""to"":""00:00"",""next_day"":true}],""sat"":[{""from"":""09:00"",""to"":""00:00"",""next_day"":true}],""sun"":[{""from"":""09:00"",""to"":""00:00"",""next_day"":true}]}}",afisha,https://www.afisha.ru/msk/restaurant/thali-i-karri-518756/,True,2026-05-24T07:50:40+00:00,2026-05-24T07:50:40+00:00
afisha-msk-temu-1601030,Тэму,,"Н.Арбат, 2, гостиница Cosmos Selection Moscow Arbat, 12 этаж",55.7531887,37.5997444,понедельник: 12:00–24:00; вторник: 12:00–24:00; среда: 12:00–24:00; четверг: 12:00–24:00; пятница: 12:00–24:00; суббота: 12:00–24:00; воскресенье: 12:00–24:00,"{""timezone"":""Europe/Moscow"",""weekly"":{""mon"":[{""from"":""12:00"",""to"":""00:00"",""next_day"":true}],""tue"":[{""from"":""12:00"",""to"":""00:00"",""next_day"":true}],""wed"":[{""from"":""12:00"",""to"":""00:00"",""next_day"":true}],""thu"":[{""from"":""12:00"",""to"":""00:00"",""next_day"":true}],""fri"":[{""from"":""12:00"",""to"":""00:00"",""next_day"":true}],""sat"":[{""from"":""12:00"",""to"":""00:00"",""next_day"":true}],""sun"":[{""from"":""12:00"",""to"":""00:00"",""next_day"":true}]}}",afisha,https://www.afisha.ru/msk/restaurant/temu-1601030/,True,2026-05-24T07:50:40+00:00,2026-05-24T07:50:40+00:00
afisha-msk-tyurki-diner-1600932,Тюрки Diner,"Чайхана и дайнер в одном лице на «Спартаке». «Тюрки Diner» — новое детище Folk Team, с одной стороны, продолжает развивать интерес группы к восточной кухне (титульный Folk с его экспериментами на стыке Ближнего Востока и Средиземноморья и проникнутый духом Японии Amber тому…","Небесный б-р, 1, корп. 1",55.818304,37.425012,понедельник: 10:00–23:00; вторник: 10:00–23:00; среда: 10:00–23:00; четверг: 10:00–23:00; пятница: 10:00–24:00; суббота: 10:00–24:00; воскресенье: 10:00–23:00,"{""timezone"":""Europe/Moscow"",""weekly"":{""mon"":[{""from"":""10:00"",""to"":""23:00""}],""tue"":[{""from"":""10:00"",""to"":""23:00""}],""wed"":[{""from"":""10:00"",""to"":""23:00""}],""thu"":[{""from"":""10:00"",""to"":""23:00""}],""fri"":[{""from"":""10:00"",""to"":""00:00"",""next_day"":true}],""sat"":[{""from"":""10:00"",""to"":""00:00"",""next_day"":true}],""sun"":[{""from"":""10:00"",""to"":""23:00""}]}}",afisha,https://www.afisha.ru/msk/restaurant/tyurki-diner-1600932/,True,2026-05-24T07:50:40+00:00,2026-05-24T07:50:40+00:00
afisha-msk-usachevskie-bani-519058,Усачевские бани,,"Усачева, 10, стр. 1",55.7287679,37.5713447,понедельник: 16:00–23:00; вторник: 09:00–23:00; среда: 09:00–23:00; четверг: 09:00–23:00; пятница: 09:00–23:00; суббота: 08:00–23:00; воскресенье: 08:00–23:00,"{""timezone"":""Europe/Moscow"",""weekly"":{""mon"":[{""from"":""16:00"",""to"":""23:00""}],""tue"":[{""from"":""09:00"",""to"":""23:00""}],""wed"":[{""from"":""09:00"",""to"":""23:00""}],""thu"":[{""from"":""09:00"",""to"":""23:00""}],""fri"":[{""from"":""09:00"",""to"":""23:00""}],""sat"":[{""from"":""08:00"",""to"":""23:00""}],""sun"":[{""from"":""08:00"",""to"":""23:00""}]}}",afisha,https://www.afisha.ru/msk/restaurant/usachevskie-bani-519058/,True,2026-05-24T07:50:40+00:00,2026-05-24T07:50:40+00:00
afisha-msk-uhvat-1600824,Ухват,,"Рочдельская, 15, стр. 35",55.7567255,37.5625996,понедельник: 09:00–21:00; вторник: 09:00–21:00; среда: 09:00–21:00; четверг: 09:00–21:00; пятница: 09:00–21:00; суббота: 09:00–21:00; воскресенье: 09:00–21:00,"{""timezone"":""Europe/Moscow"",""weekly"":{""mon"":[{""from"":""09:00"",""to"":""21:00""}],""tue"":[{""from"":""09:00"",""to"":""21:00""}],""wed"":[{""from"":""09:00"",""to"":""21:00""}],""thu"":[{""from"":""09:00"",""to"":""21:00""}],""fri"":[{""from"":""09:00"",""to"":""21:00""}],""sat"":[{""from"":""09:00"",""to"":""21:00""}],""sun"":[{""from"":""09:00"",""to"":""21:00""}]}}",afisha,https://www.afisha.ru/msk/restaurant/uhvat-1600824/,True,2026-05-24T07:50:40+00:00,2026-05-24T07:50:40+00:00
afisha-msk-fantazery-493813,Фантазеры,"Бистро с завтраками весь день, римской пиццей и свежей выпечкой на Ленинском проспекте. Бистро «Фантазеры» — одно из любимых мест жителей Ломоносовского, Гагаринского и Ленинского районов. За меню отвечает шеф Андрей Соколов («Галки», 1755 Café, Sempre). Слушая музыку на виниле…","Ленинский просп., 61/1",55.6947431,37.5583566,понедельник: 08:00–23:00; вторник: 08:00–23:00; среда: 08:00–23:00; четверг: 08:00–23:00; пятница: 08:00–23:00; суббота: 09:00–23:00; воскресенье: 09:00–23:00,"{""timezone"":""Europe/Moscow"",""weekly"":{""mon"":[{""from"":""08:00"",""to"":""23:00""}],""tue"":[{""from"":""08:00"",""to"":""23:00""}],""wed"":[{""from"":""08:00"",""to"":""23:00""}],""thu"":[{""from"":""08:00"",""to"":""23:00""}],""fri"":[{""from"":""08:00"",""to"":""23:00""}],""sat"":[{""from"":""09:00"",""to"":""23:00""}],""sun"":[{""from"":""09:00"",""to"":""23:00""}]}}",afisha,https://www.afisha.ru/msk/restaurant/fantazery-493813/,True,2026-05-24T07:50:40+00:00,2026-05-24T07:50:40+00:00
afisha-msk-fontan-view-495698,Фонтан View,"Плавающее кафе с видом на «Золотой колос». Все посадочные места расположены на понтоне, прямо на воде, а кухня — в маленьком павильоне №39, который был построен в 1939 году как здание колхозной автоматической гидростанции. Готовят незамысловатые — и не очень вкусные — «парковые»…","просп. Мира, 119, стр. 39",55.8383405,37.6188362,понедельник: 12:00–23:00; вторник: 12:00–23:00; среда: 12:00–23:00; четверг: 12:00–23:00; пятница: 12:00–23:00; суббота: 12:00–23:00; воскресенье: 12:00–23:00,"{""timezone"":""Europe/Moscow"",""weekly"":{""mon"":[{""from"":""12:00"",""to"":""23:00""}],""tue"":[{""from"":""12:00"",""to"":""23:00""}],""wed"":[{""from"":""12:00"",""to"":""23:00""}],""thu"":[{""from"":""12:00"",""to"":""23:00""}],""fri"":[{""from"":""12:00"",""to"":""23:00""}],""sat"":[{""from"":""12:00"",""to"":""23:00""}],""sun"":[{""from"":""12:00"",""to"":""23:00""}]}}",afisha,https://www.afisha.ru/msk/restaurant/fontan-view-495698/,True,2026-05-24T07:50:40+00:00,2026-05-24T07:50:40+00:00
afisha-msk-khachapuri-i-vino-na-pokrovke-457783,Хачапури и вино на Покровке,"Натурально — хачапури и вино. Демократичное заведение грузинской кухни, родом из Петербурга. Помимо полагающихся национальных хитов (в наличии даже хинкали с вешенками) в меню действительно поставлен акцент на хачапури, которых тут с десяток, — от картопилиани и лобиани за 140…","Покровка, 21",55.7596991,37.6471685,понедельник: 12:00–24:00; вторник: 12:00–24:00; среда: 12:00–24:00; четверг: 12:00–24:00; пятница: 12:00–02:00; суббота: 12:00–02:00; воскресенье: 12:00–24:00,"{""timezone"":""Europe/Moscow"",""weekly"":{""mon"":[{""from"":""12:00"",""to"":""00:00"",""next_day"":true}],""tue"":[{""from"":""12:00"",""to"":""00:00"",""next_day"":true}],""wed"":[{""from"":""12:00"",""to"":""00:00"",""next_day"":true}],""thu"":[{""from"":""12:00"",""to"":""00:00"",""next_day"":true}],""fri"":[{""from"":""12:00"",""to"":""02:00"",""next_day"":true}],""sat"":[{""from"":""12:00"",""to"":""02:00"",""next_day"":true}],""sun"":[{""from"":""12:00"",""to"":""00:00"",""next_day"":true}]}}",afisha,https://www.afisha.ru/msk/restaurant/khachapuri-i-vino-na-pokrovke-457783/,True,2026-05-24T07:50:40+00:00,2026-05-24T07:50:40+00:00
afisha-msk-khishchnik-steaks-burgers-348272,Хищник Burgers,"Мясо и пиво на «Павелецкой». «Хищник» — небольшая сеть, где все меню ожидаемо выстроено вокруг мяса. Помимо заведения на Павелецкой, «Хищник» прописался на Дмитровке и Кузнецком мосту. Идеологически это три идентичных ресторана, которые практически не отличаются друг от друга.…","Павелецкая пл., 2, стр. 2, БЦ «Павелецкая плаза»",55.7301943,37.6357894,понедельник: 11:00–23:00; вторник: 11:00–23:00; среда: 11:00–23:00; четверг: 11:00–23:00; пятница: 11:00–23:00; суббота: 11:00–23:00; воскресенье: 11:00–23:00,"{""timezone"":""Europe/Moscow"",""weekly"":{""mon"":[{""from"":""11:00"",""to"":""23:00""}],""tue"":[{""from"":""11:00"",""to"":""23:00""}],""wed"":[{""from"":""11:00"",""to"":""23:00""}],""thu"":[{""from"":""11:00"",""to"":""23:00""}],""fri"":[{""from"":""11:00"",""to"":""23:00""}],""sat"":[{""from"":""11:00"",""to"":""23:00""}],""sun"":[{""from"":""11:00"",""to"":""23:00""}]}}",afisha,https://www.afisha.ru/msk/restaurant/khishchnik-steaks-burgers-348272/,True,2026-05-24T07:50:40+00:00,2026-05-24T07:50:40+00:00
afisha-msk-khishchnik-steaks-burgers-352825,Хищник Burgers,"Мясо и пиво в Камергерском переулке. «Хищник» — небольшая сеть, где все меню ожидаемо выстроено вокруг мяса. Помимо заведения на Дмитровке, «Хищник» прописался на Павелецкой и Кузнецком мосту. Идеологически это три идентичных ресторана, которые практически не отличаются друг от…","Б.Дмитровка, 5/6, стр. 4",55.760238,37.614848,понедельник: 11:30–24:00; вторник: 11:30–24:00; среда: 11:30–24:00; четверг: 11:30–24:00; пятница: 11:30–02:00; суббота: 11:30–02:00; воскресенье: 11:30–24:00,"{""timezone"":""Europe/Moscow"",""weekly"":{""mon"":[{""from"":""11:30"",""to"":""00:00"",""next_day"":true}],""tue"":[{""from"":""11:30"",""to"":""00:00"",""next_day"":true}],""wed"":[{""from"":""11:30"",""to"":""00:00"",""next_day"":true}],""thu"":[{""from"":""11:30"",""to"":""00:00"",""next_day"":true}],""fri"":[{""from"":""11:30"",""to"":""02:00"",""next_day"":true}],""sat"":[{""from"":""11:30"",""to"":""02:00"",""next_day"":true}],""sun"":[{""from"":""11:30"",""to"":""00:00"",""next_day"":true}]}}",afisha,https://www.afisha.ru/msk/restaurant/khishchnik-steaks-burgers-352825/,True,2026-05-24T07:50:40+00:00,2026-05-24T07:50:40+00:00
afisha-msk-tsiniki-481327,Циники,,"Богословский пер., 8/15, стр. 1",55.7624352,37.599948,понедельник: 10:00–23:00; вторник: 10:00–23:00; среда: 10:00–23:00; четверг: 10:00–23:00; пятница: 10:00–23:00; суббота: 10:00–23:00; воскресенье: 10:00–23:00,"{""timezone"":""Europe/Moscow"",""weekly"":{""mon"":[{""from"":""10:00"",""to"":""23:00""}],""tue"":[{""from"":""10:00"",""to"":""23:00""}],""wed"":[{""from"":""10:00"",""to"":""23:00""}],""thu"":[{""from"":""10:00"",""to"":""23:00""}],""fri"":[{""from"":""10:00"",""to"":""23:00""}],""sat"":[{""from"":""10:00"",""to"":""23:00""}],""sun"":[{""from"":""10:00"",""to"":""23:00""}]}}",afisha,https://www.afisha.ru/msk/restaurant/tsiniki-481327/,True,2026-05-24T07:50:40+00:00,2026-05-24T07:50:40+00:00
afisha-msk-tsiniki-508370,Циники,"Первые «Циники» появились в 2019 году и с тех пор стали излюбленным местом московских веганов и поклонников растительного питания. Это второе кафе, и оно гораздо более минималистичное и светлое, чем в Богословском переулке. Меню тоже отличается. В разделе закусок есть несколько…","2-я Тверская-Ямская, 6, стр. 2",55.7711351,37.5958293,понедельник: 10:00–22:00; вторник: 10:00–22:00; среда: 10:00–22:00; четверг: 10:00–22:00; пятница: 10:00–23:00; суббота: 10:00–23:00; воскресенье: 10:00–22:00,"{""timezone"":""Europe/Moscow"",""weekly"":{""mon"":[{""from"":""10:00"",""to"":""22:00""}],""tue"":[{""from"":""10:00"",""to"":""22:00""}],""wed"":[{""from"":""10:00"",""to"":""22:00""}],""thu"":[{""from"":""10:00"",""to"":""22:00""}],""fri"":[{""from"":""10:00"",""to"":""23:00""}],""sat"":[{""from"":""10:00"",""to"":""23:00""}],""sun"":[{""from"":""10:00"",""to"":""22:00""}]}}",afisha,https://www.afisha.ru/msk/restaurant/tsiniki-508370/,True,2026-05-24T07:50:40+00:00,2026-05-24T07:50:40+00:00
afisha-msk-tsirk-482894,Цирк,Вино и поздние завтраки в тихих дворах Цветного бульвара. «Цирк» — гастро бистро от создателя винного бара «13°» Александра Костина. За кухню отвечает Денис Демьянов. Привычной винной карты в «Цирке» нет — все 200 наименований вина сосредоточены на полках и на баре по принципу…,"Цветной б-р, 21, стр. 7",55.7722275,37.6194797,понедельник: 12:00–24:00; вторник: 12:00–24:00; среда: 12:00–24:00; четверг: 12:00–24:00; пятница: 12:00–01:00; суббота: 12:00–01:00; воскресенье: 12:00–24:00,"{""timezone"":""Europe/Moscow"",""weekly"":{""mon"":[{""from"":""12:00"",""to"":""00:00"",""next_day"":true}],""tue"":[{""from"":""12:00"",""to"":""00:00"",""next_day"":true}],""wed"":[{""from"":""12:00"",""to"":""00:00"",""next_day"":true}],""thu"":[{""from"":""12:00"",""to"":""00:00"",""next_day"":true}],""fri"":[{""from"":""12:00"",""to"":""01:00"",""next_day"":true}],""sat"":[{""from"":""12:00"",""to"":""01:00"",""next_day"":true}],""sun"":[{""from"":""12:00"",""to"":""00:00"",""next_day"":true}]}}",afisha,https://www.afisha.ru/msk/restaurant/tsirk-482894/,True,2026-05-24T07:50:40+00:00,2026-05-24T07:50:40+00:00
afisha-msk-chaynaya-na-krutitsah-1601416,Чайная на Крутицах,,"Крутицкая, 17, стр. 9",55.7284191,37.6583966,среда: 11:00–19:00; четверг: 11:00–19:00; пятница: 11:00–19:00; суббота: 11:00–19:00; воскресенье: 11:00–19:00,"{""timezone"":""Europe/Moscow"",""weekly"":{""wed"":[{""from"":""11:00"",""to"":""19:00""}],""thu"":[{""from"":""11:00"",""to"":""19:00""}],""fri"":[{""from"":""11:00"",""to"":""19:00""}],""sat"":[{""from"":""11:00"",""to"":""19:00""}],""sun"":[{""from"":""11:00"",""to"":""19:00""}]}}",afisha,https://www.afisha.ru/msk/restaurant/chaynaya-na-krutitsah-1601416/,True,2026-05-24T07:50:40+00:00,2026-05-24T07:50:40+00:00
afisha-msk-chikho-481689,Чихо,"Образцовая китайская закусочная, размножившаяся в небольшую сеть. До недавнего времени в Москве работало только одно кафе «Чихо» — в Кривоколенном, и туда выстраивались очереди. Теперь лапшичная расплодилась и прописана в виде корнеров еще на Центральном рынке, StrEat, в…","Покровка, 3/7, стр. 1а",55.758742,37.640434,понедельник: 11:00–23:00; вторник: 11:00–23:00; среда: 11:00–23:00; четверг: 11:00–23:00; пятница: 11:00–24:00; суббота: 12:00–24:00; воскресенье: 12:00–23:00,"{""timezone"":""Europe/Moscow"",""weekly"":{""mon"":[{""from"":""11:00"",""to"":""23:00""}],""tue"":[{""from"":""11:00"",""to"":""23:00""}],""wed"":[{""from"":""11:00"",""to"":""23:00""}],""thu"":[{""from"":""11:00"",""to"":""23:00""}],""fri"":[{""from"":""11:00"",""to"":""00:00"",""next_day"":true}],""sat"":[{""from"":""12:00"",""to"":""00:00"",""next_day"":true}],""sun"":[{""from"":""12:00"",""to"":""23:00""}]}}",afisha,https://www.afisha.ru/msk/restaurant/chikho-481689/,True,2026-05-24T07:50:40+00:00,2026-05-24T07:50:40+00:00
afisha-msk-chuaniui-487928,Чуаньюй,"Аутентичная китайская кухня на Мичуринском проспекте. Ресторан «Чуаньюй» предлагает аутентичные блюда сычуаньской кухни, которая популярна не только на своей родине, но и за ее пределами. Половина зала ресторана отведена под легендарный чунцинский хого — его подают вместе с…","Мичуринский просп., 7, корп. 1",55.7014521,37.5116902,понедельник: 11:00–23:00; вторник: 11:00–23:00; среда: 11:00–23:00; четверг: 11:00–23:00; пятница: 11:00–23:00; суббота: 11:00–23:00; воскресенье: 11:00–23:00,"{""timezone"":""Europe/Moscow"",""weekly"":{""mon"":[{""from"":""11:00"",""to"":""23:00""}],""tue"":[{""from"":""11:00"",""to"":""23:00""}],""wed"":[{""from"":""11:00"",""to"":""23:00""}],""thu"":[{""from"":""11:00"",""to"":""23:00""}],""fri"":[{""from"":""11:00"",""to"":""23:00""}],""sat"":[{""from"":""11:00"",""to"":""23:00""}],""sun"":[{""from"":""11:00"",""to"":""23:00""}]}}",afisha,https://www.afisha.ru/msk/restaurant/chuaniui-487928/,True,2026-05-24T07:50:40+00:00,2026-05-24T07:50:40+00:00
afisha-msk-shaliapin-17055,Шаляпин,"Буржуазный лобби-бар в историческом отеле «Метрополь». Бар под стеклянной крышей на первом этаже отеля «Метрополь», обновленный по проекту международного дизайн-бюро Denniston. На полу — мрамор с замысловатыми узорами, камины украшены бронзовыми рамами, а витражи и светильники…","Театральный пр., 2, гостиница «Метрополь», 1 этаж",55.7583738,37.6216307,понедельник: 11:00–24:00; вторник: 11:00–02:00; среда: 11:00–02:00; четверг: 11:00–02:00; пятница: 11:00–04:00; суббота: 11:00–04:00; воскресенье: 11:00–24:00,"{""timezone"":""Europe/Moscow"",""weekly"":{""mon"":[{""from"":""11:00"",""to"":""00:00"",""next_day"":true}],""tue"":[{""from"":""11:00"",""to"":""02:00"",""next_day"":true}],""wed"":[{""from"":""11:00"",""to"":""02:00"",""next_day"":true}],""thu"":[{""from"":""11:00"",""to"":""02:00"",""next_day"":true}],""fri"":[{""from"":""11:00"",""to"":""04:00"",""next_day"":true}],""sat"":[{""from"":""11:00"",""to"":""04:00"",""next_day"":true}],""sun"":[{""from"":""11:00"",""to"":""00:00"",""next_day"":true}]}}",afisha,https://www.afisha.ru/msk/restaurant/shaliapin-17055/,True,2026-05-24T07:50:40+00:00,2026-05-24T07:50:40+00:00
afisha-msk-shanuar-497395,Шануар,"Французский ресторан Андрея Деллоса на Тверском бульваре. Гранд-кафе на Тверском бульваре ресторатора Андрея Деллоса, названное в честь парижского кабаре Le Chat Noir на Монмартре. Кухню доверили шеф-повару из Екатеринбурга Эдуарду Архипову: он составил лаконичное меню из хитов…","Тверской б-р, 26",55.7630324,37.604638,понедельник: 10:00–24:00; вторник: 10:00–24:00; среда: 10:00–24:00; четверг: 10:00–24:00; пятница: 10:00–24:00; суббота: 10:00–24:00; воскресенье: 10:00–24:00,"{""timezone"":""Europe/Moscow"",""weekly"":{""mon"":[{""from"":""10:00"",""to"":""00:00"",""next_day"":true}],""tue"":[{""from"":""10:00"",""to"":""00:00"",""next_day"":true}],""wed"":[{""from"":""10:00"",""to"":""00:00"",""next_day"":true}],""thu"":[{""from"":""10:00"",""to"":""00:00"",""next_day"":true}],""fri"":[{""from"":""10:00"",""to"":""00:00"",""next_day"":true}],""sat"":[{""from"":""10:00"",""to"":""00:00"",""next_day"":true}],""sun"":[{""from"":""10:00"",""to"":""00:00"",""next_day"":true}]}}",afisha,https://www.afisha.ru/msk/restaurant/shanuar-497395/,True,2026-05-24T07:50:40+00:00,2026-05-24T07:50:40+00:00
afisha-msk-shest-you-shest-493295,Шесть You Шесть,,"1-я Тверская-Ямская, 2, стр. 1",55.7700666,37.5964976,понедельник: 17:00–05:00; вторник: 17:00–05:00; среда: 17:00–05:00; четверг: 17:00–05:00; пятница: 17:00–05:00; суббота: 17:00–05:00; воскресенье: 17:00–05:00,"{""timezone"":""Europe/Moscow"",""weekly"":{""mon"":[{""from"":""17:00"",""to"":""05:00"",""next_day"":true}],""tue"":[{""from"":""17:00"",""to"":""05:00"",""next_day"":true}],""wed"":[{""from"":""17:00"",""to"":""05:00"",""next_day"":true}],""thu"":[{""from"":""17:00"",""to"":""05:00"",""next_day"":true}],""fri"":[{""from"":""17:00"",""to"":""05:00"",""next_day"":true}],""sat"":[{""from"":""17:00"",""to"":""05:00"",""next_day"":true}],""sun"":[{""from"":""17:00"",""to"":""05:00"",""next_day"":true}]}}",afisha,https://www.afisha.ru/msk/restaurant/shest-you-shest-493295/,True,2026-05-24T07:50:40+00:00,2026-05-24T07:50:40+00:00
afisha-msk-shirokuiu-na-shirokuiu-270115,Широкую на широкую,"Сербская еда около «Одессы-мамы». Сербское кафе от создателей бара «Все твои друзья» заработало в Кривоколенном переулке, через стену от «Одессы-мамы», в глубине двора. Кухней занимаются Милан и Саша Трудич из Serbs, хорошо известные посетителям московских уличных маркетов еды;…","Кривоколенный пер., 10, стр. 5",55.7616722,37.6360837,понедельник: 11:00–06:00; вторник: 11:00–06:00; среда: 11:00–06:00; четверг: 11:00–06:00; пятница: 11:00–06:00; суббота: 11:00–06:00; воскресенье: 11:00–06:00,"{""timezone"":""Europe/Moscow"",""weekly"":{""mon"":[{""from"":""11:00"",""to"":""06:00"",""next_day"":true}],""tue"":[{""from"":""11:00"",""to"":""06:00"",""next_day"":true}],""wed"":[{""from"":""11:00"",""to"":""06:00"",""next_day"":true}],""thu"":[{""from"":""11:00"",""to"":""06:00"",""next_day"":true}],""fri"":[{""from"":""11:00"",""to"":""06:00"",""next_day"":true}],""sat"":[{""from"":""11:00"",""to"":""06:00"",""next_day"":true}],""sun"":[{""from"":""11:00"",""to"":""06:00"",""next_day"":true}]}}",afisha,https://www.afisha.ru/msk/restaurant/shirokuiu-na-shirokuiu-270115/,True,2026-05-24T07:50:40+00:00,2026-05-24T07:50:40+00:00
afisha-msk-yuanyan-1601517,Юаньян,,"Сущевская, 27, стр. 2",55.7829589,37.6009894,понедельник: 12:00–24:00; вторник: 12:00–24:00; среда: 12:00–24:00; четверг: 12:00–24:00; пятница: 12:00–24:00; суббота: 12:00–24:00; воскресенье: 12:00–24:00,"{""timezone"":""Europe/Moscow"",""weekly"":{""mon"":[{""from"":""12:00"",""to"":""00:00"",""next_day"":true}],""tue"":[{""from"":""12:00"",""to"":""00:00"",""next_day"":true}],""wed"":[{""from"":""12:00"",""to"":""00:00"",""next_day"":true}],""thu"":[{""from"":""12:00"",""to"":""00:00"",""next_day"":true}],""fri"":[{""from"":""12:00"",""to"":""00:00"",""next_day"":true}],""sat"":[{""from"":""12:00"",""to"":""00:00"",""next_day"":true}],""sun"":[{""from"":""12:00"",""to"":""00:00"",""next_day"":true}]}}",afisha,https://www.afisha.ru/msk/restaurant/yuanyan-1601517/,True,2026-05-24T07:50:40+00:00,2026-05-24T07:50:40+00:00
afisha-msk-iuzhnaia-riumochnaia-488214,Южная рюмочная,"Хорошая рюмочная на Большой Татарской. «Южная рюмочная» не что иное, как более люксовая и лаунжевая версия «Зинзивера», — насколько у оного вообще может быть люксовая и лаунжевая версия. Курилка как в аэропорту, вид — как из карликового небоскреба. В очень мягкие и очень низкие…","Б.Татарская, 5",55.7424659,37.6314443,понедельник: 12:00–03:00; вторник: 12:00–03:00; среда: 12:00–03:00; четверг: 12:00–03:00; пятница: 12:00–03:00; суббота: 12:00–03:00; воскресенье: 12:00–03:00,"{""timezone"":""Europe/Moscow"",""weekly"":{""mon"":[{""from"":""12:00"",""to"":""03:00"",""next_day"":true}],""tue"":[{""from"":""12:00"",""to"":""03:00"",""next_day"":true}],""wed"":[{""from"":""12:00"",""to"":""03:00"",""next_day"":true}],""thu"":[{""from"":""12:00"",""to"":""03:00"",""next_day"":true}],""fri"":[{""from"":""12:00"",""to"":""03:00"",""next_day"":true}],""sat"":[{""from"":""12:00"",""to"":""03:00"",""next_day"":true}],""sun"":[{""from"":""12:00"",""to"":""03:00"",""next_day"":true}]}}",afisha,https://www.afisha.ru/msk/restaurant/iuzhnaia-riumochnaia-488214/,True,2026-05-24T07:50:40+00:00,2026-05-24T07:50:40+00:00
